time,pm10,pm2_5,carbon_monoxide,nitrogen_dioxide,sulphur_dioxide,ozone,us_aqi,temperature_2m,relative_humidity_2m,surface_pressure,wind_speed_10m
2026-02-01T00:00,51.3,36.4,1046.0,37.6,14.4,46.0,99,18.6,77,1017.2,5.5
2026-02-01T01:00,50.4,36.8,903.0,37.9,13.2,38.0,98,18.1,80,1017.0,5.5
2026-02-01T02:00,48.9,36.3,763.0,37.3,12.4,33.0,97,17.7,82,1016.9,5.6
2026-02-01T03:00,47.8,36.1,595.0,34.2,11.8,31.0,97,17.3,83,1016.6,5.8
2026-02-01T04:00,47.3,35.5,429.0,30.0,11.5,31.0,97,17.1,84,1016.4,5.4
2026-02-01T05:00,46.4,33.6,407.0,28.6,11.0,26.0,97,16.5,86,1016.6,5.5
2026-02-01T06:00,45.1,33.9,673.0,34.2,12.3,20.0,97,16.3,85,1017.0,6.4
2026-02-01T07:00,48.1,36.3,1084.0,41.5,14.3,13.0,97,16.1,85,1017.7,6.7
2026-02-01T08:00,55.9,43.5,1353.0,44.1,16.6,16.0,97,16.6,81,1018.4,6.7
2026-02-01T09:00,55.8,41.0,1331.0,37.8,19.8,39.0,97,18.4,71,1019.1,6.1
2026-02-01T10:00,61.2,31.9,1167.0,26.9,23.5,72.0,96,21.1,56,1019.6,3.9
2026-02-01T11:00,63.6,27.4,1016.0,17.7,25.8,101.0,96,22.8,53,1019.8,1.8
2026-02-01T12:00,61.0,25.1,940.0,12.2,25.6,121.0,95,24.3,46,1019.0,2.3
2026-02-01T13:00,56.7,23.4,877.0,8.4,24.0,138.0,95,25.2,43,1018.0,4.6
2026-02-01T14:00,52.9,22.6,802.0,6.5,23.0,148.0,95,25.5,45,1016.9,8.2
2026-02-01T15:00,51.6,23.7,671.0,6.4,23.7,153.0,94,25.1,55,1016.5,12.1
2026-02-01T16:00,51.1,24.7,526.0,8.3,24.9,153.0,94,24.5,57,1016.2,12.7
2026-02-01T17:00,55.2,27.6,472.0,11.2,26.8,151.0,93,23.6,58,1016.3,10.3
2026-02-01T18:00,49.0,27.8,584.0,19.6,24.1,125.0,93,22.9,62,1016.7,8.1
2026-02-01T19:00,44.9,29.3,785.0,31.3,20.4,90.0,98,21.8,71,1017.1,7.8
2026-02-01T20:00,42.0,27.5,953.0,40.5,17.6,61.0,96,21.1,77,1017.5,7.5
2026-02-01T21:00,42.1,27.7,1062.0,44.8,16.6,46.0,93,20.8,79,1018.2,7.1
2026-02-01T22:00,43.1,29.2,1137.0,46.7,16.4,39.0,92,20.4,83,1018.6,6.8
2026-02-01T23:00,44.7,32.1,1127.0,47.6,16.1,33.0,92,19.8,84,1018.8,6.2
2026-02-02T00:00,45.9,34.7,968.0,48.1,15.2,27.0,92,19.5,83,1018.9,8.5
2026-02-02T01:00,45.2,35.0,724.0,47.6,14.2,24.0,92,19.1,80,1018.8,8.5
2026-02-02T02:00,43.8,34.5,536.0,45.8,13.3,22.0,92,18.8,76,1018.8,8.4
2026-02-02T03:00,42.5,34.2,444.0,41.4,12.5,22.0,92,18.3,72,1018.6,8.6
2026-02-02T04:00,42.7,35.0,409.0,35.7,12.0,24.0,91,17.7,68,1018.5,8.4
2026-02-02T05:00,42.8,35.6,453.0,34.3,12.0,24.0,91,17.0,69,1018.2,8.3
2026-02-02T06:00,42.7,35.4,652.0,36.1,12.9,24.0,91,17.0,64,1018.8,8.7
2026-02-02T07:00,45.3,37.3,930.0,38.4,14.2,25.0,92,17.0,63,1019.5,9.1
2026-02-02T08:00,51.8,42.3,1085.0,37.6,15.4,33.0,92,17.4,61,1019.8,9.6
2026-02-02T09:00,54.1,44.7,997.0,31.3,16.8,56.0,92,19.5,53,1020.4,8.9
2026-02-02T10:00,61.7,43.0,786.0,22.0,18.1,87.0,92,22.5,42,1020.8,8.6
2026-02-02T11:00,62.9,38.1,605.0,14.2,18.5,111.0,93,25.0,33,1020.5,10.6
2026-02-02T12:00,60.5,29.7,499.0,9.4,17.0,123.0,94,26.5,28,1019.6,9.2
2026-02-02T13:00,55.5,24.7,424.0,6.1,14.6,128.0,94,27.2,26,1018.4,7.0
2026-02-02T14:00,53.6,23.6,399.0,4.4,13.1,131.0,94,27.6,25,1017.5,5.5
2026-02-02T15:00,52.6,23.5,429.0,2.0,13.3,136.0,94,27.6,25,1016.8,3.4
2026-02-02T16:00,52.0,23.7,509.0,1.2,14.4,138.0,94,27.1,26,1016.3,4.6
2026-02-02T17:00,47.7,24.9,648.0,8.6,14.6,124.0,94,25.5,43,1016.4,11.5
2026-02-02T18:00,48.0,29.9,897.0,34.4,19.5,94.0,94,24.7,45,1016.6,11.2
2026-02-02T19:00,71.2,54.5,1204.0,69.4,26.1,54.0,94,23.7,47,1017.2,8.7
2026-02-02T20:00,78.9,63.1,1421.0,92.1,29.7,24.0,96,23.2,49,1017.7,5.5
2026-02-02T21:00,73.1,58.9,1493.0,90.8,27.5,16.0,99,22.6,53,1018.0,4.1
2026-02-02T22:00,60.5,49.2,1476.0,77.2,22.4,18.0,102,22.2,49,1018.2,6.0
2026-02-02T23:00,54.4,43.8,1387.0,64.0,17.8,22.0,104,21.6,43,1018.4,5.6
2026-02-03T00:00,53.3,42.4,1192.0,55.6,15.0,24.0,105,21.0,43,1018.1,7.3
2026-02-03T01:00,52.9,41.2,926.0,47.7,12.8,26.0,106,20.2,47,1018.1,7.9
2026-02-03T02:00,51.9,39.9,711.0,40.1,11.2,30.0,106,19.5,50,1017.8,8.6
2026-02-03T03:00,51.2,38.8,573.0,31.5,10.3,35.0,107,19.0,52,1017.7,9.1
2026-02-03T04:00,50.4,37.7,486.0,23.2,9.9,41.0,107,18.5,54,1017.6,9.7
2026-02-03T05:00,51.0,37.7,499.0,18.4,9.7,45.0,108,18.2,55,1018.0,9.2
2026-02-03T06:00,51.8,38.1,698.0,22.4,10.5,43.0,108,17.9,56,1018.4,8.8
2026-02-03T07:00,54.2,41.0,996.0,27.7,11.6,41.0,108,17.6,57,1019.2,9.3
2026-02-03T08:00,59.3,46.7,1180.0,30.0,12.8,46.0,109,17.7,57,1019.6,9.5
2026-02-03T09:00,61.5,50.6,1142.0,26.5,14.5,63.0,109,19.5,51,1020.4,8.0
2026-02-03T10:00,67.5,50.4,990.0,19.9,16.2,87.0,110,22.2,42,1020.5,7.3
2026-02-03T11:00,81.7,45.2,834.0,14.0,17.0,107.0,110,24.9,34,1020.2,9.6
2026-02-03T12:00,88.0,36.4,685.0,9.8,15.8,118.0,111,26.4,28,1019.2,9.0
2026-02-03T13:00,74.0,30.0,532.0,6.4,13.5,124.0,112,27.3,25,1018.0,6.9
2026-02-03T14:00,64.7,26.8,453.0,4.5,12.0,127.0,112,27.7,24,1017.2,4.9
2026-02-03T15:00,59.4,25.2,492.0,1.3,11.7,131.0,113,27.9,23,1016.7,5.6
2026-02-03T16:00,56.3,24.6,605.0,0.0,12.2,132.0,113,27.7,25,1016.4,7.2
2026-02-03T17:00,50.4,23.1,736.0,8.7,13.4,123.0,113,26.1,36,1016.6,10.5
2026-02-03T18:00,54.0,30.6,881.0,38.4,17.1,92.0,113,24.8,39,1016.7,10.1
2026-02-03T19:00,77.8,56.8,1044.0,79.1,22.3,50.0,113,23.7,40,1017.1,7.8
2026-02-03T20:00,87.8,68.5,1180.0,107.5,26.9,19.0,113,22.9,44,1017.3,7.7
2026-02-03T21:00,96.4,75.9,1299.0,112.6,30.9,10.0,114,22.1,50,1017.9,8.1
2026-02-03T22:00,100.4,79.9,1391.0,105.5,34.3,13.0,115,21.9,51,1018.5,8.5
2026-02-03T23:00,88.9,75.2,1386.0,96.3,34.7,16.0,119,21.6,50,1018.6,7.8
2026-02-04T00:00,76.4,65.4,1215.0,88.2,29.9,15.0,122,21.1,47,1018.5,9.0
2026-02-04T01:00,65.7,54.7,948.0,77.9,22.1,15.0,124,20.6,44,1018.4,6.7
2026-02-04T02:00,56.7,45.5,722.0,66.1,15.7,18.0,126,20.2,44,1017.9,5.9
2026-02-04T03:00,49.6,38.3,564.0,50.7,12.4,28.0,126,19.4,46,1017.7,7.1
2026-02-04T04:00,44.0,33.3,448.0,33.8,10.4,42.0,126,18.6,49,1017.6,8.6
2026-02-04T05:00,40.4,30.5,430.0,22.5,9.1,49.0,126,18.3,51,1018.2,8.1
2026-02-04T06:00,38.1,28.7,599.0,24.6,9.8,47.0,125,18.1,52,1018.4,8.4
2026-02-04T07:00,38.8,29.7,866.0,27.4,10.7,45.0,124,17.9,53,1019.1,9.4
2026-02-04T08:00,42.1,33.3,1019.0,27.5,11.6,50.0,123,18.4,51,1019.7,11.0
2026-02-04T09:00,44.0,36.6,943.0,22.7,12.5,66.0,122,20.5,46,1020.3,11.6
2026-02-04T10:00,48.9,36.2,753.0,15.4,13.3,88.0,120,23.7,39,1020.6,11.1
2026-02-04T11:00,49.7,30.0,587.0,9.5,13.6,107.0,119,26.3,30,1020.6,14.0
2026-02-04T12:00,43.0,22.4,485.0,6.4,13.0,119.0,117,27.5,23,1019.8,15.1
2026-02-04T13:00,35.9,18.3,406.0,4.6,11.9,128.0,116,28.1,21,1018.8,14.5
2026-02-04T14:00,32.5,17.2,362.0,3.8,11.0,133.0,114,28.6,19,1017.8,13.5
2026-02-04T15:00,30.4,16.8,357.0,3.7,10.6,135.0,113,28.7,18,1016.9,13.1
2026-02-04T16:00,28.8,16.5,387.0,4.7,10.3,133.0,112,28.6,18,1016.5,13.0
2026-02-04T17:00,29.2,16.9,450.0,7.2,10.4,124.0,112,28.2,19,1016.3,13.4
2026-02-04T18:00,26.3,18.0,579.0,13.6,10.6,110.0,111,27.4,20,1016.5,11.1
2026-02-04T19:00,28.2,21.6,741.0,22.3,10.8,91.0,110,26.4,23,1017.0,10.8
2026-02-04T20:00,28.6,22.5,831.0,27.8,10.9,77.0,106,25.3,27,1017.8,12.0
2026-02-04T21:00,28.8,22.6,790.0,27.4,10.8,71.0,101,24.2,32,1018.4,13.4
2026-02-04T22:00,29.7,23.5,677.0,23.9,10.5,70.0,97,23.3,36,1018.4,14.3
2026-02-04T23:00,31.3,25.1,572.0,20.2,10.4,70.0,92,22.6,39,1018.3,13.9
2026-02-05T00:00,34.1,28.1,497.0,17.0,10.4,72.0,88,22.0,40,1018.2,13.5
2026-02-05T01:00,38.9,32.9,429.0,13.5,10.6,76.0,85,21.5,42,1018.0,14.1
2026-02-05T02:00,44.9,39.1,382.0,10.5,11.0,80.0,84,21.2,42,1017.9,14.2
2026-02-05T03:00,49.6,43.7,349.0,7.7,11.8,85.0,83,20.8,43,1017.4,14.0
2026-02-05T04:00,51.2,44.4,337.0,5.3,12.9,89.0,84,20.5,42,1017.3,14.0
2026-02-05T05:00,52.2,41.4,375.0,5.2,13.7,89.0,84,20.1,43,1017.3,14.1
2026-02-05T06:00,51.6,37.8,515.0,9.4,13.7,81.0,85,19.8,43,1017.6,13.9
2026-02-05T07:00,50.5,36.0,705.0,15.1,13.8,70.0,86,19.5,44,1018.3,13.1
2026-02-05T08:00,48.1,36.1,817.0,18.3,14.0,66.0,87,19.5,44,1019.0,13.2
2026-02-05T09:00,45.3,36.6,779.0,16.5,14.5,76.0,87,20.8,41,1019.4,12.2
2026-02-05T10:00,41.0,31.3,664.0,12.3,15.0,94.0,87,23.0,35,1020.1,12.2
2026-02-05T11:00,33.4,24.6,564.0,8.6,15.3,110.0,86,25.3,29,1020.2,13.4
2026-02-05T12:00,28.6,22.0,505.0,6.5,14.9,123.0,86,27.0,24,1019.4,12.6
2026-02-05T13:00,26.6,21.6,460.0,5.1,14.3,134.0,86,28.1,21,1018.4,11.2
2026-02-05T14:00,25.3,21.4,441.0,4.6,14.0,142.0,86,28.7,20,1017.5,9.9
2026-02-05T15:00,25.6,21.9,390.0,2.1,13.9,148.0,87,28.9,20,1016.9,9.0
2026-02-05T16:00,26.2,22.6,365.0,0.4,14.1,150.0,87,28.7,20,1016.6,8.9
2026-02-05T17:00,24.6,21.7,554.0,9.1,17.9,140.0,87,28.1,21,1016.7,8.8
2026-02-05T18:00,34.1,31.2,1223.0,40.5,22.9,105.0,88,27.2,24,1017.1,7.0
2026-02-05T19:00,60.3,57.3,2106.0,83.4,29.9,56.0,90,25.7,28,1017.6,3.2
2026-02-05T20:00,74.5,71.5,2589.0,112.9,35.5,20.0,92,24.6,30,1018.3,4.2
2026-02-05T21:00,82.4,79.2,2290.0,116.6,39.4,10.0,95,23.5,33,1018.6,6.5
2026-02-05T22:00,82.4,79.6,1592.0,106.8,41.9,14.0,100,22.6,35,1018.8,7.7
2026-02-05T23:00,71.9,69.6,1020.0,96.1,41.1,18.0,106,21.8,34,1018.9,6.3
2026-02-06T00:00,58.2,56.3,785.0,88.5,34.5,18.0,110,21.4,35,1018.7,8.2
2026-02-06T01:00,46.4,44.1,678.0,80.0,24.7,18.0,113,20.5,37,1018.1,8.8
2026-02-06T02:00,38.4,35.9,598.0,70.2,16.9,20.0,114,19.7,40,1018.1,8.3
2026-02-06T03:00,32.9,30.3,484.0,56.9,13.3,27.0,114,18.8,44,1017.8,7.4
2026-02-06T04:00,29.0,26.5,397.0,42.5,11.8,35.0,113,17.9,47,1017.7,7.2
2026-02-06T05:00,28.0,25.6,420.0,39.9,11.5,32.0,111,17.5,50,1017.8,6.6
2026-02-06T06:00,26.1,23.9,646.0,42.6,12.0,26.0,109,17.3,51,1018.4,7.3
2026-02-06T07:00,27.4,25.6,981.0,45.9,13.0,18.0,108,17.1,51,1019.1,7.5
2026-02-06T08:00,34.1,32.6,1226.0,45.9,15.6,23.0,107,17.4,50,1019.5,7.6
2026-02-06T09:00,36.6,35.3,1309.0,39.8,21.7,49.0,106,19.5,44,1020.4,7.1
2026-02-06T10:00,34.3,32.5,1301.0,30.3,29.5,88.0,106,22.8,35,1020.6,4.6
2026-02-06T11:00,27.2,24.0,1223.0,22.0,34.8,121.0,106,25.4,28,1020.5,2.9
2026-02-06T12:00,27.0,23.2,1036.0,15.9,35.5,145.0,106,26.9,24,1019.8,1.5
2026-02-06T13:00,29.0,24.2,778.0,10.8,33.7,164.0,106,27.7,22,1018.9,4.4
2026-02-06T14:00,32.4,26.5,582.0,7.9,32.0,176.0,107,27.9,24,1018.1,10.0
2026-02-06T15:00,35.9,28.4,486.0,7.2,31.7,181.0,107,27.3,31,1017.3,13.4
2026-02-06T16:00,37.3,29.3,453.0,8.6,31.6,180.0,108,27.1,28,1016.9,12.2
2026-02-06T17:00,43.2,34.2,505.0,12.1,32.7,177.0,109,26.4,29,1016.8,11.7
2026-02-06T18:00,43.9,38.2,721.0,22.6,29.4,147.0,129,25.0,36,1017.0,9.2
2026-02-06T19:00,44.8,40.6,1022.0,36.9,24.8,104.0,141,23.4,51,1017.2,7.8
2026-02-06T20:00,42.1,38.6,1197.0,46.0,20.8,73.0,138,22.2,65,1017.7,8.1
2026-02-06T21:00,39.3,35.9,1129.0,45.2,18.2,62.0,122,21.6,69,1018.2,9.8
2026-02-06T22:00,37.6,33.6,935.0,39.4,16.2,63.0,101,21.2,70,1018.7,9.2
2026-02-06T23:00,37.5,33.1,753.0,33.7,14.5,64.0,97,20.5,77,1019.0,7.5
2026-02-07T00:00,38.5,33.8,624.0,30.2,13.0,64.0,94,20.3,80,1018.4,7.3
2026-02-07T01:00,39.3,34.3,507.0,27.0,11.9,66.0,92,20.0,81,1018.1,9.5
2026-02-07T02:00,38.4,33.6,424.0,23.5,11.0,68.0,92,19.8,81,1017.7,8.9
2026-02-07T03:00,36.4,32.0,333.0,17.6,10.1,74.0,91,19.3,87,1017.1,8.4
2026-02-07T04:00,34.3,30.4,276.0,11.5,9.5,80.0,92,18.8,90,1016.6,8.3
2026-02-07T05:00,34.8,30.6,400.0,12.8,10.1,73.0,92,18.6,84,1016.6,7.1
2026-02-07T06:00,36.6,31.9,913.0,27.2,13.0,55.0,92,18.1,84,1016.8,5.9
2026-02-07T07:00,43.8,38.3,1606.0,46.5,17.1,31.0,93,17.2,86,1017.4,3.8
2026-02-07T08:00,60.1,53.3,2008.0,57.1,20.8,23.0,94,16.9,85,1017.9,4.2
2026-02-07T09:00,61.5,55.6,1836.0,50.8,23.7,44.0,96,19.3,72,1018.3,4.0
2026-02-07T10:00,54.7,39.5,1372.0,35.7,26.3,80.0,97,22.5,58,1018.7,2.8
2026-02-07T11:00,58.1,35.6,986.0,22.7,28.1,111.0,98,25.0,51,1018.8,2.3
2026-02-07T12:00,58.0,32.1,818.0,15.1,29.2,130.0,99,26.8,42,1018.0,3.6
2026-02-07T13:00,55.8,29.1,728.0,9.5,29.5,143.0,99,27.3,46,1016.8,7.4
2026-02-07T14:00,53.2,28.3,661.0,6.9,29.1,149.0,100,27.1,54,1015.7,10.8
2026-02-07T15:00,51.9,28.6,589.0,7.6,27.7,148.0,100,26.9,49,1015.0,12.1
2026-02-07T16:00,52.2,29.7,540.0,11.2,25.4,140.0,100,26.4,47,1014.6,11.3
2026-02-07T17:00,50.2,32.8,544.0,16.1,27.2,140.0,100,25.5,52,1014.2,9.5
2026-02-07T18:00,49.4,36.2,613.0,25.6,24.6,115.0,100,24.0,68,1014.5,9.9
2026-02-07T19:00,50.3,39.3,734.0,38.9,20.9,80.0,100,22.6,79,1015.0,8.3
2026-02-07T20:00,50.5,39.0,900.0,50.2,18.5,51.0,100,21.9,84,1015.6,7.8
2026-02-07T21:00,51.2,38.9,1163.0,57.3,18.4,36.0,100,21.4,88,1016.2,6.0
2026-02-07T22:00,53.9,41.6,1471.0,62.2,19.5,27.0,100,20.9,90,1016.5,4.4
2026-02-07T23:00,60.1,48.2,1663.0,65.7,20.3,20.0,101,20.2,92,1016.5,4.6
2026-02-08T00:00,66.8,56.1,1661.0,67.9,20.1,13.0,102,20.1,91,1016.1,5.1
2026-02-08T01:00,69.8,60.3,1542.0,68.6,19.6,8.0,104,19.5,94,1016.0,4.8
2026-02-08T02:00,71.2,61.5,1376.0,67.4,18.9,5.0,107,19.0,93,1015.8,5.9
2026-02-08T03:00,72.2,61.9,1117.0,63.1,17.6,4.0,110,18.8,91,1015.3,4.8
2026-02-08T04:00,71.5,61.2,810.0,56.9,16.2,5.0,113,18.2,92,1015.2,4.8
2026-02-08T05:00,66.6,57.9,658.0,51.6,15.0,6.0,116,17.3,95,1015.0,4.0
2026-02-08T06:00,64.3,56.5,818.0,49.2,15.1,3.0,119,17.0,92,1015.1,5.2
2026-02-08T07:00,65.9,58.7,1132.0,45.8,15.6,0.0,122,16.9,89,1015.6,5.4
2026-02-08T08:00,74.5,68.0,1331.0,42.4,18.4,10.0,124,17.1,84,1016.2,5.0
2026-02-08T09:00,73.8,65.0,1279.0,39.8,25.7,42.0,125,18.9,73,1016.7,3.6
2026-02-08T10:00,68.0,51.9,1111.0,37.2,35.2,87.0,126,21.6,63,1016.9,2.5
2026-02-08T11:00,67.1,47.8,970.0,33.2,42.0,124.0,128,24.1,49,1016.9,0.2
2026-02-08T12:00,65.9,45.8,916.0,25.7,44.1,148.0,129,26.0,39,1016.3,3.5
2026-02-08T13:00,64.5,44.0,887.0,16.8,43.5,166.0,130,26.5,40,1014.9,7.7
2026-02-08T14:00,60.8,40.2,842.0,10.9,41.6,174.0,132,26.5,42,1013.5,10.0
2026-02-08T15:00,54.6,35.3,736.0,9.4,38.5,172.0,133,26.4,41,1012.6,10.4
2026-02-08T16:00,53.6,36.0,614.0,10.9,34.1,161.0,134,25.9,41,1012.3,10.2
2026-02-08T17:00,53.8,36.7,567.0,14.5,30.2,154.0,135,25.0,46,1012.1,10.0
2026-02-08T18:00,52.6,38.8,676.0,25.4,27.8,125.0,135,23.6,55,1012.3,9.2
2026-02-08T19:00,52.3,40.9,860.0,40.2,24.3,85.0,135,22.1,73,1012.5,7.4
2026-02-08T20:00,51.6,39.9,964.0,49.9,21.2,55.0,135,21.3,84,1012.9,6.8
2026-02-08T21:00,49.8,38.1,907.0,49.9,18.8,44.0,136,20.7,89,1013.6,8.2
2026-02-08T22:00,47.8,35.7,770.0,44.9,16.7,43.0,135,20.4,92,1014.0,10.2
2026-02-08T23:00,47.0,34.3,636.0,39.1,14.7,44.0,135,20.4,91,1014.0,10.8
2026-02-09T00:00,46.9,33.5,526.0,33.6,12.5,45.0,133,20.4,90,1013.5,9.8
2026-02-09T01:00,46.8,32.4,419.0,27.4,10.5,49.0,131,20.2,89,1013.3,9.0
2026-02-09T02:00,48.5,32.1,336.0,22.2,8.9,51.0,128,20.0,89,1013.0,8.0
2026-02-09T03:00,53.6,32.8,260.0,17.4,8.0,53.0,125,19.6,90,1012.6,8.4
2026-02-09T04:00,55.3,32.5,209.0,13.6,7.5,54.0,122,19.4,90,1012.0,7.3
2026-02-09T05:00,61.2,34.6,257.0,14.0,7.4,50.0,119,18.7,94,1011.9,4.4
2026-02-09T06:00,60.5,34.8,522.0,21.5,7.8,40.0,117,18.8,93,1011.9,4.9
2026-02-09T07:00,65.7,38.8,887.0,31.4,8.5,27.0,114,18.8,92,1012.6,5.4
2026-02-09T08:00,75.0,47.6,1071.0,35.9,9.7,24.0,112,19.5,87,1013.4,7.6
2026-02-09T09:00,77.1,46.6,891.0,30.0,12.2,41.0,110,21.6,78,1014.1,7.2
2026-02-09T10:00,79.2,37.4,531.0,18.7,15.2,67.0,108,23.6,61,1014.8,12.1
2026-02-09T11:00,74.7,34.1,260.0,9.7,17.1,89.0,107,25.0,55,1014.7,14.4
2026-02-09T12:00,67.5,31.2,196.0,6.0,16.9,100.0,105,25.4,54,1014.3,15.7
2026-02-09T13:00,64.3,28.4,221.0,4.5,15.7,106.0,104,25.6,53,1013.5,16.0
2026-02-09T14:00,60.3,26.2,254.0,4.2,14.7,107.0,102,25.7,52,1012.5,16.2
2026-02-09T15:00,58.2,24.7,263.0,4.0,14.6,104.0,101,25.4,53,1011.8,15.9
2026-02-09T16:00,58.0,24.4,281.0,4.8,14.8,97.0,100,24.9,57,1011.8,15.2
2026-02-09T17:00,57.6,23.9,317.0,8.1,13.5,87.0,99,24.4,61,1011.8,14.1
2026-02-09T18:00,57.0,25.8,397.0,15.7,13.5,75.0,98,23.5,69,1012.1,12.7
2026-02-09T19:00,53.9,28.9,495.0,26.1,13.5,59.0,97,22.6,74,1012.4,11.0
2026-02-09T20:00,56.0,30.9,554.0,32.7,13.3,48.0,96,22.3,78,1013.1,10.3
2026-02-09T21:00,56.2,31.4,537.0,32.2,12.7,48.0,95,22.1,80,1013.4,11.9
2026-02-09T22:00,54.6,31.1,479.0,28.0,11.8,53.0,95,21.9,83,1013.4,12.5
2026-02-09T23:00,51.7,30.4,429.0,23.6,10.8,58.0,94,21.9,82,1013.5,11.8
2026-02-10T00:00,48.5,29.5,407.0,19.9,9.5,62.0,94,21.7,84,1013.3,10.0
2026-02-10T01:00,44.8,28.2,392.0,16.1,8.2,65.0,94,21.3,87,1012.8,9.2
2026-02-10T02:00,41.4,26.9,372.0,13.0,7.2,68.0,93,21.2,89,1012.5,9.1
2026-02-10T03:00,38.6,25.9,300.0,10.2,6.8,70.0,93,21.0,91,1012.0,9.2
2026-02-10T04:00,37.7,25.4,222.0,8.3,6.8,70.0,92,20.9,92,1012.2,8.6
2026-02-10T05:00,36.0,24.4,261.0,8.3,6.9,70.0,92,20.1,90,1012.5,7.3
2026-02-10T06:00,36.9,25.0,562.0,16.4,8.1,60.0,91,19.7,87,1013.1,7.2
2026-02-10T07:00,39.6,27.5,980.0,27.2,9.8,47.0,90,19.8,85,1013.9,6.1
2026-02-10T08:00,44.8,32.7,1203.0,32.6,11.6,43.0,89,20.3,83,1014.6,6.0
2026-02-10T09:00,49.4,32.1,1036.0,27.3,13.7,58.0,88,21.8,77,1015.3,3.4
2026-02-10T10:00,54.8,30.3,674.0,16.6,15.9,82.0,87,23.8,68,1016.0,4.1
2026-02-10T11:00,73.6,30.3,392.0,8.2,17.2,102.0,86,25.0,60,1016.1,5.0
2026-02-10T12:00,84.3,30.6,301.0,5.1,16.7,112.0,86,26.2,51,1015.6,5.6
2026-02-10T13:00,93.6,31.2,289.0,4.4,15.4,119.0,86,26.8,48,1014.7,7.5
2026-02-10T14:00,98.3,32.0,298.0,4.6,14.6,121.0,86,27.0,49,1013.9,9.6
2026-02-10T15:00,99.7,32.5,311.0,4.9,15.4,121.0,87,26.3,55,1013.5,12.3
2026-02-10T16:00,100.1,32.8,344.0,6.1,16.8,117.0,87,25.6,57,1013.7,13.5
2026-02-10T17:00,114.1,39.2,386.0,10.2,20.6,114.0,88,24.6,60,1014.2,13.0
2026-02-10T18:00,90.1,36.7,419.0,19.7,19.0,96.0,89,23.9,68,1014.7,11.2
2026-02-10T19:00,80.8,38.2,460.0,33.1,17.0,70.0,90,23.0,77,1015.8,10.5
2026-02-10T20:00,80.1,40.6,550.0,45.1,16.4,48.0,91,22.5,81,1016.4,6.9
2026-02-10T21:00,82.0,44.6,759.0,54.4,18.6,34.0,92,22.1,84,1017.2,4.3
2026-02-10T22:00,86.1,50.9,1016.0,62.4,22.3,23.0,93,21.9,85,1017.8,3.8
2026-02-10T23:00,96.2,60.3,1158.0,67.6,24.9,16.0,94,21.1,89,1018.1,1.9
2026-02-11T00:00,105.9,69.8,1081.0,69.2,25.5,11.0,97,21.4,86,1017.9,5.1
2026-02-11T01:00,109.4,74.7,888.0,68.0,25.0,9.0,100,21.1,87,1017.6,5.5
2026-02-11T02:00,99.0,74.5,719.0,65.0,24.1,11.0,104,20.6,89,1017.5,6.9
2026-02-11T03:00,83.1,66.1,600.0,60.0,22.4,17.0,109,20.1,88,1017.1,7.9
2026-02-11T04:00,70.8,57.7,504.0,53.2,20.3,26.0,114,19.9,78,1017.2,8.4
2026-02-11T05:00,65.9,55.6,491.0,54.0,20.4,26.0,117,19.5,68,1017.5,8.0
2026-02-11T06:00,58.6,50.8,642.0,47.5,20.1,37.0,120,19.4,61,1018.2,9.0
2026-02-11T07:00,55.9,48.8,876.0,38.3,19.8,52.0,123,19.4,59,1019.2,9.2
2026-02-11T08:00,56.9,49.9,1008.0,29.5,19.5,70.0,125,19.8,55,1019.9,9.8
2026-02-11T09:00,56.8,51.1,933.0,21.6,19.6,91.0,127,21.7,48,1020.6,9.4
2026-02-11T10:00,56.2,47.7,755.0,14.1,19.7,114.0,129,23.7,43,1021.1,10.6
2026-02-11T11:00,57.0,44.1,603.0,8.4,19.2,131.0,131,25.4,39,1021.3,14.2
2026-02-11T12:00,58.9,39.5,518.0,5.4,17.3,138.0,132,27.2,32,1020.5,16.1
2026-02-11T13:00,55.2,34.7,459.0,4.2,14.7,138.0,133,28.2,28,1019.2,16.5
2026-02-11T14:00,49.0,31.3,427.0,3.8,12.7,137.0,133,28.9,25,1018.1,16.1
2026-02-11T15:00,44.2,28.6,422.0,3.4,11.7,137.0,133,29.3,23,1017.4,15.5
2026-02-11T16:00,40.7,27.4,445.0,3.8,11.4,135.0,133,29.2,22,1016.9,15.3
2026-02-11T17:00,47.4,32.5,501.0,6.8,11.1,127.0,132,28.7,24,1016.5,14.1
2026-02-11T18:00,45.8,34.9,623.0,14.6,11.9,112.0,132,28.0,26,1017.2,13.1
2026-02-11T19:00,47.0,38.6,778.0,25.2,12.9,91.0,131,27.0,30,1018.0,13.4
2026-02-11T20:00,47.8,40.4,875.0,32.3,13.9,76.0,132,25.9,35,1018.3,13.3
2026-02-11T21:00,48.3,41.4,868.0,33.0,14.8,70.0,132,24.9,40,1018.7,12.6
2026-02-11T22:00,49.0,42.1,804.0,30.2,15.5,70.0,131,23.9,44,1018.8,11.8
2026-02-11T23:00,49.9,42.8,728.0,26.4,15.9,72.0,130,23.1,46,1018.8,10.3
2026-02-12T00:00,50.1,42.7,645.0,21.9,15.5,76.0,128,22.5,48,1018.5,10.7
2026-02-12T01:00,48.7,41.3,551.0,16.4,14.7,83.0,126,21.9,48,1018.1,10.6
2026-02-12T02:00,46.4,39.2,482.0,12.0,14.2,88.0,122,21.7,48,1018.1,10.5
2026-02-12T03:00,44.2,37.4,435.0,8.7,14.1,92.0,118,21.2,49,1017.9,10.5
2026-02-12T04:00,42.8,35.9,413.0,6.4,14.3,94.0,115,20.5,51,1017.6,10.5
2026-02-12T05:00,43.0,36.0,458.0,7.2,15.0,90.0,113,19.7,55,1017.8,10.4
2026-02-12T06:00,42.4,35.3,642.0,12.9,15.9,83.0,111,19.3,57,1018.1,10.1
2026-02-12T07:00,43.4,36.3,893.0,20.6,17.1,75.0,110,19.0,58,1018.8,9.4
2026-02-12T08:00,46.0,39.2,1038.0,24.9,18.2,74.0,108,19.2,57,1019.4,9.5
2026-02-12T09:00,47.7,42.0,978.0,22.6,19.1,88.0,107,20.8,52,1020.1,8.0
2026-02-12T10:00,46.1,38.0,812.0,16.9,19.9,110.0,106,23.8,42,1020.5,7.9
2026-02-12T11:00,41.0,31.4,659.0,11.8,19.8,128.0,105,26.5,34,1020.2,8.9
2026-02-12T12:00,44.8,26.2,553.0,8.5,18.2,137.0,104,28.3,25,1019.3,7.5
2026-02-12T13:00,37.0,22.8,462.0,5.9,15.9,141.0,102,29.3,21,1017.9,4.8
2026-02-12T14:00,32.2,21.2,406.0,4.6,14.3,143.0,101,29.5,20,1016.8,2.8
2026-02-12T15:00,30.3,20.7,391.0,2.7,14.2,145.0,100,29.5,23,1016.0,7.3
2026-02-12T16:00,29.6,20.6,412.0,2.2,14.9,143.0,100,29.4,24,1015.0,9.8
2026-02-12T17:00,38.6,26.8,473.0,9.2,16.7,133.0,99,28.2,28,1014.8,12.4
2026-02-12T18:00,48.2,38.2,606.0,34.7,18.0,100.0,99,26.2,38,1015.0,13.0
2026-02-12T19:00,62.2,53.4,780.0,69.7,19.8,54.0,99,24.3,48,1015.6,10.3
2026-02-12T20:00,65.0,56.2,902.0,94.0,22.4,21.0,100,23.3,55,1016.3,7.5
2026-02-12T21:00,70.5,60.5,940.0,97.9,26.8,12.0,102,22.7,60,1016.8,6.1
2026-02-12T22:00,78.5,67.8,927.0,91.3,31.8,14.0,104,22.2,62,1017.1,6.7
2026-02-12T23:00,78.9,69.6,873.0,83.5,34.1,17.0,106,21.6,66,1017.4,7.3
2026-02-13T00:00,75.2,68.0,756.0,76.8,31.3,16.0,109,21.3,69,1017.0,8.6
2026-02-13T01:00,71.0,65.2,598.0,69.0,25.9,14.0,112,20.9,73,1016.4,9.3
2026-02-13T02:00,65.4,60.3,481.0,62.9,21.3,13.0,114,20.5,75,1015.9,9.8
2026-02-13T03:00,58.4,53.9,372.0,60.3,18.8,12.0,116,20.1,77,1015.3,9.7
2026-02-13T04:00,51.9,47.5,304.0,59.4,17.2,11.0,118,19.9,78,1014.5,7.6
2026-02-13T05:00,43.1,38.1,449.0,53.1,14.8,12.0,119,19.0,79,1014.5,4.5
2026-02-13T06:00,44.8,39.3,1047.0,50.0,15.8,7.0,120,18.6,81,1014.6,5.2
2026-02-13T07:00,50.6,44.6,1859.0,45.7,17.4,1.0,120,17.9,86,1015.1,2.4
2026-02-13T08:00,64.3,58.6,2339.0,41.9,21.0,8.0,121,18.1,83,1015.7,2.5
2026-02-13T09:00,77.5,73.8,2181.0,39.9,28.3,37.0,123,20.4,73,1016.5,1.4
2026-02-13T10:00,57.2,46.0,1690.0,38.4,37.5,78.0,126,23.0,64,1016.9,0.3
2026-02-13T11:00,65.0,43.4,1245.0,35.0,44.2,116.0,127,25.2,55,1017.0,2.9
2026-02-13T12:00,72.4,44.1,961.0,27.3,46.9,149.0,128,26.7,49,1016.3,6.0
2026-02-13T13:00,74.5,44.9,721.0,17.6,47.2,178.0,130,27.1,54,1015.3,10.6
2026-02-13T14:00,74.0,46.7,552.0,11.2,45.2,193.0,132,27.0,53,1014.5,13.1
2026-02-13T15:00,69.2,45.5,473.0,9.6,40.1,186.0,135,27.0,48,1014.1,12.8
2026-02-13T16:00,63.3,42.1,464.0,11.1,32.8,165.0,138,26.7,48,1013.8,12.6
2026-02-13T17:00,36.3,26.8,495.0,15.7,24.7,137.0,140,25.8,52,1013.4,12.2
2026-02-13T18:00,35.5,26.2,576.0,25.6,21.9,109.0,140,24.5,63,1013.5,10.6
2026-02-13T19:00,38.4,28.3,697.0,39.2,18.0,72.0,139,23.1,74,1013.7,9.1
2026-02-13T20:00,41.9,30.0,796.0,48.0,14.9,44.0,136,22.3,80,1014.4,7.7
2026-02-13T21:00,42.6,29.7,870.0,48.0,13.7,37.0,133,21.8,81,1014.9,6.9
2026-02-13T22:00,42.1,29.2,921.0,43.3,13.4,40.0,130,21.5,81,1015.1,6.5
2026-02-13T23:00,40.7,29.0,896.0,38.0,12.9,44.0,126,20.9,82,1015.3,6.0
2026-02-14T00:00,38.4,28.3,726.0,32.9,11.8,47.0,122,20.7,83,1015.0,7.9
2026-02-14T01:00,34.5,26.1,479.0,27.2,10.5,52.0,118,20.4,83,1014.3,8.2
2026-02-14T02:00,30.0,23.3,304.0,22.3,9.6,55.0,114,20.1,81,1013.8,7.3
2026-02-14T03:00,26.4,21.0,213.0,17.5,8.9,57.0,110,19.6,84,1013.5,6.1
2026-02-14T04:00,23.8,19.3,193.0,13.5,8.5,58.0,106,18.9,88,1013.4,5.4
2026-02-14T05:00,28.2,21.6,360.0,15.7,9.4,51.0,103,17.9,92,1013.4,4.0
2026-02-14T06:00,30.4,23.7,923.0,25.1,12.1,37.0,102,17.5,95,1013.6,5.2
2026-02-14T07:00,37.0,30.0,1671.0,37.7,15.9,20.0,100,16.9,97,1014.6,4.2
2026-02-14T08:00,50.9,44.5,2089.0,44.9,19.5,15.0,99,16.9,97,1015.3,2.5
2026-02-14T09:00,45.5,41.0,1867.0,41.8,22.4,35.0,98,19.5,87,1016.0,0.6
2026-02-14T10:00,39.1,30.7,1314.0,33.3,25.0,67.0,95,22.3,81,1016.5,1.3
2026-02-14T11:00,34.9,26.4,841.0,25.1,27.1,96.0,94,24.6,70,1016.3,4.8
2026-02-14T12:00,29.3,22.7,589.0,18.6,28.6,117.0,93,26.2,62,1015.8,7.7
2026-02-14T13:00,27.4,21.4,417.0,12.5,29.6,134.0,91,27.0,55,1014.8,9.7
2026-02-14T14:00,26.7,20.8,312.0,8.8,29.5,142.0,89,27.5,50,1014.1,10.7
2026-02-14T15:00,26.0,20.2,279.0,7.7,28.0,139.0,87,27.5,48,1013.4,11.7
2026-02-14T16:00,24.6,19.0,314.0,9.1,25.4,127.0,85,27.0,51,1012.9,11.6
2026-02-14T17:00,21.5,17.9,388.0,13.9,24.4,115.0,83,25.7,58,1012.8,10.4
2026-02-14T18:00,25.4,19.8,524.0,25.2,22.4,91.0,83,24.3,66,1012.8,9.4
2026-02-14T19:00,31.1,25.2,700.0,40.6,19.5,57.0,82,22.9,76,1013.2,8.1
2026-02-14T20:00,34.7,27.6,820.0,51.4,17.2,32.0,82,22.0,84,1013.9,5.9
2026-02-14T21:00,36.9,28.6,849.0,53.8,16.1,24.0,82,21.5,90,1014.4,6.5
2026-02-14T22:00,39.0,29.5,822.0,51.7,15.6,24.0,82,20.9,94,1014.5,6.1
2026-02-14T23:00,40.5,30.3,749.0,47.6,14.7,27.0,82,20.3,95,1014.8,5.1
2026-02-15T00:00,41.9,30.5,602.0,41.6,13.0,30.0,82,20.2,95,1014.3,6.6
2026-02-15T01:00,41.2,28.9,409.0,33.7,11.1,36.0,82,19.9,97,1014.0,8.3
2026-02-15T02:00,40.5,27.9,268.0,26.6,9.4,40.0,82,19.7,97,1013.8,8.6
2026-02-15T03:00,40.4,28.2,189.0,20.2,7.9,43.0,82,19.7,99,1013.5,8.7
2026-02-15T04:00,42.3,30.0,163.0,14.6,6.6,44.0,83,19.8,100,1013.3,7.7
2026-02-15T05:00,48.7,34.0,257.0,15.5,7.0,38.0,84,19.4,98,1013.5,4.9
2026-02-15T06:00,54.2,38.2,602.0,24.1,9.2,27.0,85,19.1,98,1013.8,3.8
2026-02-15T07:00,65.4,46.1,1067.0,35.5,12.3,12.0,86,18.6,99,1014.4,3.5
2026-02-15T08:00,84.1,61.2,1329.0,41.6,15.8,10.0,87,18.6,99,1015.0,2.8
2026-02-15T09:00,73.3,46.0,1194.0,37.4,20.0,31.0,89,19.2,98,1015.5,2.7
2026-02-15T10:00,69.8,36.8,855.0,27.9,24.6,63.0,89,21.2,88,1016.2,4.3
2026-02-15T11:00,65.4,33.6,572.0,19.5,27.8,92.0,89,23.7,75,1015.9,4.9
2026-02-15T12:00,59.3,30.3,437.0,14.1,28.9,112.0,90,25.7,65,1015.5,6.4
2026-02-15T13:00,54.0,27.8,358.0,9.9,28.7,128.0,91,26.7,60,1014.6,9.5
2026-02-15T14:00,50.6,26.4,313.0,7.4,27.6,136.0,91,26.9,60,1013.6,11.6
2026-02-15T15:00,49.0,25.4,306.0,6.4,25.3,132.0,92,26.6,60,1012.8,12.0
2026-02-15T16:00,47.0,24.1,333.0,7.1,22.2,119.0,92,25.9,63,1012.0,11.8
2026-02-15T17:00,45.1,23.6,367.0,11.4,20.6,106.0,92,24.4,70,1012.1,10.9
2026-02-15T18:00,47.4,25.2,399.0,20.2,19.1,87.0,93,23.3,77,1012.0,10.2
2026-02-15T19:00,50.2,30.2,437.0,32.4,17.0,61.0,93,22.5,82,1012.0,8.7
2026-02-15T20:00,54.2,33.2,477.0,41.9,15.5,41.0,94,22.1,85,1012.5,8.0
2026-02-15T21:00,56.3,35.2,528.0,46.5,15.3,32.0,94,21.8,87,1012.9,7.6
2026-02-15T22:00,58.0,36.9,581.0,48.5,15.6,28.0,95,21.5,88,1013.1,6.8
2026-02-15T23:00,59.4,38.5,609.0,48.5,15.4,27.0,95,21.3,91,1012.9,6.7
2026-02-16T00:00,67.5,43.4,598.0,46.3,14.0,27.0,96,21.3,91,1012.6,7.4
2026-02-16T01:00,70.8,46.2,562.0,42.1,12.0,30.0,97,21.0,91,1012.2,6.5
2026-02-16T02:00,69.8,45.4,511.0,37.4,10.4,33.0,98,20.8,91,1011.6,6.3
2026-02-16T03:00,66.8,43.4,410.0,31.2,9.3,37.0,100,20.7,91,1011.0,5.9
2026-02-16T04:00,63.8,41.4,295.0,24.5,8.4,42.0,101,20.8,91,1010.8,6.0
2026-02-16T05:00,63.6,40.0,283.0,20.4,8.4,45.0,102,20.4,90,1010.7,6.7
2026-02-16T06:00,60.3,38.1,499.0,24.2,8.8,43.0,103,20.5,87,1011.0,8.0
2026-02-16T07:00,58.2,37.4,817.0,29.2,9.5,40.0,103,20.5,86,1011.5,7.4
2026-02-16T08:00,63.1,40.6,981.0,30.5,11.1,44.0,102,21.1,84,1012.0,7.2
2026-02-16T09:00,60.5,35.9,827.0,24.8,14.7,60.0,100,22.7,76,1012.5,8.7
2026-02-16T10:00,60.1,30.6,518.0,15.4,19.1,82.0,99,23.7,69,1012.7,9.6
2026-02-16T11:00,59.6,29.2,283.0,8.1,21.9,100.0,98,24.7,62,1012.8,11.0
2026-02-16T12:00,57.5,28.7,218.0,5.2,21.4,110.0,98,25.3,59,1012.1,13.3
2026-02-16T13:00,54.2,27.6,226.0,4.3,19.2,116.0,98,25.6,58,1011.3,15.1
2026-02-16T14:00,50.6,26.4,246.0,4.2,17.3,117.0,98,25.4,58,1010.0,15.1
2026-02-16T15:00,47.0,24.8,256.0,4.2,16.3,113.0,98,25.2,57,1009.1,14.8
2026-02-16T16:00,44.0,23.5,278.0,4.9,15.5,103.0,98,24.9,58,1008.5,14.3
2026-02-16T17:00,36.7,20.6,311.0,7.8,15.7,96.0,98,24.0,64,1008.2,13.0
2026-02-16T18:00,34.2,20.1,365.0,13.7,15.0,85.0,98,23.2,69,1008.1,12.6
2026-02-16T19:00,31.7,21.7,431.0,21.9,14.1,69.0,97,22.7,72,1008.5,11.5
2026-02-16T20:00,32.1,22.9,484.0,29.3,13.5,56.0,97,22.4,75,1009.7,10.7
2026-02-16T21:00,32.4,24.0,517.0,35.5,13.7,47.0,96,22.2,76,1010.4,8.2
2026-02-16T22:00,33.1,25.7,537.0,40.8,14.3,40.0,95,21.9,79,1010.5,8.6
2026-02-16T23:00,34.6,27.5,544.0,42.9,14.3,36.0,94,21.7,80,1010.9,10.9
2026-02-17T00:00,34.8,28.0,523.0,39.8,13.1,37.0,93,21.7,80,1011.1,10.4
2026-02-17T01:00,32.5,25.9,489.0,33.6,11.3,42.0,92,21.4,82,1010.4,10.0
2026-02-17T02:00,29.5,23.0,483.0,28.1,9.9,46.0,90,21.1,84,1010.0,7.5
2026-02-17T03:00,28.1,21.5,512.0,23.9,9.0,48.0,89,20.7,86,1009.7,4.8
2026-02-17T04:00,30.4,22.8,569.0,20.5,8.4,49.0,87,20.5,87,1009.4,5.4
2026-02-17T05:00,29.9,19.8,678.0,14.8,7.8,52.0,85,19.9,89,1009.4,0.3
2026-02-17T06:00,36.8,24.3,917.0,27.0,9.5,38.0,84,20.2,87,1009.7,2.8
2026-02-17T07:00,48.5,34.5,1209.0,43.4,12.2,20.0,83,19.8,89,1010.4,5.3
2026-02-17T08:00,64.0,51.1,1344.0,51.6,15.7,15.0,83,19.8,88,1011.2,6.4
2026-02-17T09:00,61.7,49.8,1183.0,44.0,21.1,35.0,83,21.0,82,1011.9,4.9
2026-02-17T10:00,51.7,30.4,865.0,28.3,27.3,69.0,84,22.6,72,1012.5,4.5
2026-02-17T11:00,59.8,28.2,599.0,15.5,31.7,99.0,84,23.1,66,1013.2,5.3
2026-02-17T12:00,68.9,29.7,455.0,9.9,32.7,120.0,84,24.4,58,1012.9,5.2
2026-02-17T13:00,84.1,33.3,364.0,7.3,31.8,138.0,84,25.1,55,1012.0,7.1
2026-02-17T14:00,80.3,32.8,327.0,6.0,30.6,148.0,85,25.1,55,1011.3,8.7
2026-02-17T15:00,77.8,31.9,318.0,4.9,29.9,151.0,85,24.3,58,1011.0,6.1
2026-02-17T16:00,72.9,30.4,362.0,5.2,28.9,146.0,86,24.3,56,1010.5,8.7
2026-02-17T17:00,70.5,30.0,537.0,9.2,30.3,141.0,86,23.1,66,1010.8,7.9
2026-02-17T18:00,70.5,31.2,990.0,18.2,28.3,117.0,87,22.4,72,1011.1,7.6
2026-02-17T19:00,55.6,31.5,1574.0,30.7,25.4,84.0,92,21.7,77,1011.8,6.6
2026-02-17T20:00,48.5,30.6,1923.0,41.1,23.2,57.0,89,21.3,81,1012.5,3.8
2026-02-17T21:00,46.8,31.1,1840.0,48.5,22.3,41.0,89,21.4,79,1013.1,1.9
2026-02-17T22:00,48.2,33.4,1522.0,53.8,22.0,31.0,90,21.3,80,1012.9,2.1
2026-02-17T23:00,49.8,35.6,1190.0,53.7,21.4,30.0,91,20.5,80,1013.3,2.5
2026-02-18T00:00,50.5,36.4,882.0,44.5,20.0,43.0,91,20.7,70,1013.3,6.2
2026-02-18T01:00,49.4,35.3,561.0,30.0,18.4,64.0,92,19.9,65,1013.1,7.5
2026-02-18T02:00,46.4,32.8,335.0,18.0,16.8,82.0,93,19.2,65,1012.7,9.0
2026-02-18T03:00,43.8,29.5,246.0,11.1,15.2,91.0,93,18.8,66,1012.5,9.2
2026-02-18T04:00,42.4,26.9,251.0,6.8,13.7,96.0,94,18.6,66,1012.6,8.6
2026-02-18T05:00,43.5,25.9,332.0,5.6,13.0,97.0,94,18.1,67,1012.7,9.4
2026-02-18T06:00,43.8,26.6,547.0,11.6,13.4,91.0,95,17.7,68,1013.4,9.5
2026-02-18T07:00,45.1,28.8,838.0,19.6,14.1,82.0,95,17.5,68,1014.2,8.4
2026-02-18T08:00,47.8,32.4,1013.0,23.9,15.5,82.0,95,17.9,67,1014.4,7.6
2026-02-18T09:00,50.6,33.6,962.0,20.9,18.6,97.0,93,19.7,60,1015.0,5.3
2026-02-18T10:00,56.7,34.9,795.0,14.1,22.4,119.0,92,21.9,51,1015.5,5.0
2026-02-18T11:00,60.3,36.1,651.0,8.5,24.5,137.0,92,24.0,46,1015.2,4.7
2026-02-18T12:00,57.7,32.0,577.0,5.9,23.2,145.0,93,25.6,39,1014.3,3.1
2026-02-18T13:00,53.2,28.8,526.0,4.5,20.3,147.0,93,26.5,36,1013.5,4.0
2026-02-18T14:00,51.3,27.9,493.0,4.1,18.2,148.0,93,26.6,40,1012.5,10.2
2026-02-18T15:00,50.4,28.0,466.0,3.0,18.2,150.0,92,25.8,48,1011.8,15.3
2026-02-18T16:00,49.7,28.3,456.0,3.0,19.1,151.0,92,24.8,46,1011.5,16.3
2026-02-18T17:00,36.3,22.6,496.0,8.3,18.2,139.0,99,24.8,46,1011.0,15.2
2026-02-18T18:00,38.4,24.9,628.0,26.7,18.5,111.0,108,23.8,48,1011.4,12.6
2026-02-18T19:00,42.8,33.5,809.0,52.0,18.9,72.0,106,23.0,53,1012.4,10.9
2026-02-18T20:00,46.2,38.3,942.0,70.7,19.6,42.0,93,22.5,59,1013.2,9.6
2026-02-18T21:00,49.1,41.7,996.0,77.8,21.3,29.0,91,22.1,64,1013.9,7.9
2026-02-18T22:00,52.5,44.9,1002.0,78.3,23.4,25.0,92,21.6,66,1014.2,9.0
2026-02-18T23:00,53.8,46.3,952.0,74.1,23.9,27.0,93,21.2,70,1014.2,6.1
2026-02-19T00:00,50.3,43.2,812.0,63.9,21.6,34.0,94,21.2,68,1014.2,6.4
2026-02-19T01:00,44.9,37.3,616.0,49.0,17.8,47.0,95,20.7,70,1014.0,7.4
2026-02-19T02:00,42.7,31.4,465.0,35.5,14.6,59.0,95,20.2,68,1014.1,8.6
2026-02-19T03:00,44.5,27.5,386.0,24.3,12.6,70.0,95,20.1,59,1013.9,8.6
2026-02-19T04:00,47.7,25.1,350.0,14.5,11.3,81.0,94,20.1,52,1013.5,9.7
2026-02-19T05:00,48.0,24.2,375.0,6.7,11.1,95.0,94,20.6,49,1013.6,11.0
2026-02-19T06:00,47.8,24.3,513.0,12.1,11.9,88.0,94,20.4,49,1013.8,10.5
2026-02-19T07:00,48.5,25.6,711.0,19.3,13.1,80.0,94,20.3,51,1014.5,10.6
2026-02-19T08:00,49.6,28.0,823.0,23.0,14.1,79.0,94,21.2,49,1015.1,11.8
2026-02-19T09:00,49.1,28.8,765.0,19.7,15.1,93.0,93,23.3,43,1015.9,10.9
2026-02-19T10:00,47.7,26.2,620.0,12.9,16.0,116.0,93,25.9,36,1016.1,12.3
2026-02-19T11:00,42.1,25.8,493.0,7.3,15.8,133.0,92,27.9,31,1016.2,13.2
2026-02-19T12:00,38.4,22.5,417.0,4.8,13.7,140.0,92,28.8,26,1015.5,14.8
2026-02-19T13:00,28.4,19.3,359.0,3.6,10.5,142.0,91,29.6,23,1014.4,15.6
2026-02-19T14:00,24.3,18.6,327.0,3.1,8.2,142.0,90,29.9,21,1013.6,17.2
2026-02-19T15:00,23.3,19.2,315.0,2.9,7.5,143.0,89,30.0,21,1012.9,17.7
2026-02-19T16:00,23.6,19.9,328.0,3.6,7.7,141.0,89,29.9,21,1012.5,17.5
2026-02-19T17:00,22.5,21.0,395.0,5.9,8.0,138.0,90,29.5,22,1012.5,17.1
2026-02-19T18:00,26.4,23.7,576.0,12.5,8.9,124.0,99,28.6,26,1013.0,15.5
2026-02-19T19:00,30.6,27.6,810.0,21.5,10.1,104.0,101,27.6,28,1013.8,12.9
2026-02-19T20:00,32.9,29.7,944.0,28.5,11.3,88.0,95,26.8,31,1014.5,12.1
2026-02-19T21:00,34.6,31.1,887.0,32.1,12.6,77.0,87,26.0,34,1015.0,9.8
2026-02-19T22:00,36.2,32.6,729.0,33.7,13.8,69.0,86,24.9,37,1015.2,11.1
2026-02-19T23:00,37.6,33.6,586.0,32.4,14.3,66.0,85,24.3,38,1015.4,12.3
2026-02-20T00:00,37.4,32.5,495.0,26.6,13.5,71.0,84,24.4,36,1015.4,12.7
2026-02-20T01:00,35.3,28.9,420.0,18.0,12.0,82.0,83,24.2,36,1015.2,13.1
2026-02-20T02:00,31.5,24.9,366.0,11.2,10.6,90.0,82,23.7,37,1015.0,12.9
2026-02-20T03:00,27.2,21.9,325.0,7.5,9.6,94.0,82,23.3,38,1014.8,13.1
2026-02-20T04:00,23.9,20.3,305.0,5.6,8.7,95.0,81,22.9,40,1014.8,13.0
2026-02-20T05:00,22.7,19.8,334.0,5.9,8.4,93.0,81,22.3,42,1014.9,12.8
2026-02-20T06:00,21.2,19.4,467.0,10.4,8.8,87.0,81,22.0,43,1015.3,11.9
2026-02-20T07:00,21.8,20.4,650.0,16.3,9.5,80.0,80,21.6,44,1016.2,11.4
2026-02-20T08:00,24.2,23.1,747.0,19.5,10.3,80.0,80,22.0,43,1017.1,12.0
2026-02-20T09:00,26.5,25.2,676.0,17.2,11.5,94.0,79,23.8,39,1017.8,10.4
2026-02-20T10:00,31.2,26.3,519.0,12.2,12.9,115.0,79,26.4,34,1018.0,12.9
2026-02-20T11:00,43.8,28.9,395.0,7.9,13.5,132.0,79,28.6,27,1017.9,17.1
2026-02-20T12:00,93.6,30.0,347.0,5.6,12.5,142.0,79,29.4,24,1017.3,16.9
2026-02-20T13:00,96.9,30.0,331.0,4.1,10.6,148.0,80,30.1,23,1016.6,14.5
2026-02-20T14:00,83.4,27.7,330.0,3.4,9.2,151.0,81,30.5,22,1015.3,13.6
2026-02-20T15:00,68.5,25.6,334.0,3.2,8.8,153.0,82,30.6,22,1014.5,13.4
2026-02-20T16:00,57.9,25.8,353.0,3.8,8.8,152.0,82,30.4,22,1014.1,13.7
2026-02-20T17:00,37.4,21.5,404.0,6.6,9.2,152.0,98,29.8,23,1014.1,13.7
2026-02-20T18:00,30.4,22.2,525.0,12.6,9.6,137.0,110,28.9,25,1014.5,13.8
2026-02-20T19:00,30.5,25.6,679.0,20.9,10.1,116.0,115,27.8,30,1015.1,12.5
2026-02-20T20:00,31.3,27.1,765.0,27.5,10.7,98.0,111,27.2,33,1015.6,11.1
2026-02-20T21:00,32.6,28.3,727.0,31.3,11.4,84.0,102,26.3,35,1015.8,12.5
2026-02-20T22:00,34.6,30.0,621.0,33.4,12.2,72.0,88,25.3,37,1015.8,12.5
2026-02-20T23:00,36.2,32.1,522.0,33.0,12.5,67.0,82,24.5,40,1015.6,11.1
2026-02-21T00:00,35.5,32.1,449.0,28.7,12.0,71.0,82,24.1,41,1015.3,11.7
2026-02-21T01:00,32.7,29.7,382.0,21.9,11.2,81.0,82,23.4,42,1015.1,11.8
2026-02-21T02:00,29.9,27.2,334.0,15.9,10.6,90.0,82,23.0,43,1014.6,11.2
2026-02-21T03:00,28.0,25.3,293.0,11.1,10.5,98.0,82,22.7,43,1014.1,11.7
2026-02-21T04:00,27.0,24.1,271.0,7.2,10.8,105.0,82,22.5,43,1013.9,11.9
2026-02-21T05:00,23.7,23.6,311.0,6.0,11.2,109.0,82,22.3,45,1013.5,12.2
2026-02-21T06:00,25.8,24.0,478.0,11.8,11.9,100.0,83,22.1,45,1013.6,11.9
2026-02-21T07:00,27.8,25.6,708.0,19.7,13.0,89.0,83,21.8,46,1014.1,11.4
2026-02-21T08:00,31.0,28.8,847.0,24.0,14.2,87.0,83,22.4,45,1014.6,11.3
2026-02-21T09:00,33.4,31.1,809.0,21.4,15.6,101.0,84,24.4,40,1015.1,8.6
2026-02-21T10:00,37.6,29.5,680.0,15.4,17.2,125.0,84,27.1,34,1015.2,8.1
2026-02-21T11:00,107.1,33.5,571.0,10.2,18.3,146.0,85,29.0,29,1015.1,5.4
2026-02-21T12:00,179.3,41.6,524.0,7.4,18.5,162.0,85,29.8,25,1014.3,3.6
2026-02-21T13:00,175.1,42.1,496.0,5.5,18.3,176.0,86,30.1,26,1013.0,8.1
2026-02-21T14:00,164.8,43.2,469.0,4.8,18.5,186.0,87,30.3,28,1011.7,12.7
2026-02-21T15:00,156.0,43.9,415.0,5.1,19.9,193.0,95,29.8,32,1010.7,16.0
2026-02-21T16:00,148.5,43.5,362.0,6.7,21.8,195.0,117,29.7,27,1010.1,15.6
2026-02-21T17:00,124.8,39.5,377.0,10.2,25.2,197.0,140,28.9,26,1010.1,13.9
2026-02-21T18:00,92.2,39.6,533.0,17.8,23.8,173.0,158,27.8,30,1010.5,11.4
2026-02-21T19:00,77.5,39.5,756.0,28.3,21.9,139.0,165,26.3,38,1010.4,8.9
2026-02-21T20:00,87.5,39.1,897.0,36.0,20.3,112.0,164,25.2,42,1010.5,8.8
2026-02-21T21:00,98.0,40.3,882.0,38.4,19.4,98.0,156,24.5,44,1010.7,8.8
2026-02-21T22:00,100.4,41.2,784.0,38.0,18.9,91.0,142,24.0,46,1010.6,9.2
2026-02-21T23:00,99.0,41.7,672.0,36.4,18.0,86.0,121,23.2,53,1010.4,9.2
2026-02-22T00:00,95.2,41.6,553.0,33.8,16.5,83.0,99,22.6,60,1010.2,9.4
2026-02-22T01:00,89.4,40.9,420.0,30.0,14.6,83.0,99,21.9,68,1010.0,10.6
2026-02-22T02:00,81.3,38.4,326.0,25.7,13.1,84.0,100,21.6,73,1009.6,9.9
2026-02-22T03:00,71.9,34.7,277.0,19.3,11.9,90.0,101,21.3,77,1009.0,8.7
2026-02-22T04:00,61.5,31.2,268.0,12.4,10.9,97.0,102,21.0,80,1008.8,7.2
2026-02-22T05:00,52.5,29.2,332.0,10.9,11.0,98.0,103,20.4,84,1008.6,5.8
2026-02-22T06:00,49.6,29.6,556.0,24.7,13.0,82.0,103,20.7,85,1009.0,7.0
2026-02-22T07:00,52.7,33.9,854.0,43.0,15.9,61.0,104,20.8,87,1009.2,7.7
2026-02-22T08:00,58.9,43.7,1005.0,52.1,18.3,55.0,105,21.3,87,1009.7,8.2
2026-02-22T09:00,44.9,36.0,863.0,42.8,20.1,78.0,106,23.3,77,1010.3,8.1
2026-02-22T10:00,38.0,29.1,574.0,24.3,21.6,116.0,107,25.1,63,1010.6,10.1
2026-02-22T11:00,38.8,26.1,354.0,9.8,22.1,146.0,107,26.9,52,1010.5,12.5
2026-02-22T12:00,38.9,25.0,295.0,4.9,21.1,157.0,106,27.6,48,1009.8,13.9
2026-02-22T13:00,37.5,23.7,306.0,4.1,19.1,160.0,104,27.8,47,1009.0,14.4
2026-02-22T14:00,36.4,23.1,328.0,4.4,17.7,159.0,102,27.9,46,1008.0,14.7
2026-02-22T15:00,36.2,22.9,332.0,4.2,17.4,156.0,100,27.7,46,1007.2,14.2
2026-02-22T16:00,36.9,23.0,348.0,5.1,17.7,149.0,99,27.0,52,1006.8,13.4
2026-02-22T17:00,36.1,21.4,405.0,9.7,18.7,141.0,105,25.9,58,1006.6,11.5
2026-02-22T18:00,38.2,24.7,546.0,19.6,18.1,120.0,118,24.9,66,1007.0,9.6
2026-02-22T19:00,38.8,29.9,729.0,33.2,17.4,92.0,119,23.8,74,1007.4,7.4
2026-02-22T20:00,40.3,32.6,859.0,43.0,16.7,70.0,108,23.2,80,1007.8,6.4
2026-02-22T21:00,41.2,33.8,902.0,45.8,16.4,61.0,93,22.7,84,1008.3,8.2
2026-02-22T22:00,41.8,34.0,893.0,44.9,16.3,59.0,93,22.4,86,1008.4,8.5
2026-02-22T23:00,42.7,34.7,840.0,42.3,15.8,60.0,92,22.0,87,1008.3,7.0
2026-02-23T00:00,42.6,34.8,720.0,38.0,14.6,62.0,91,21.9,87,1008.4,7.7
2026-02-23T01:00,42.5,34.6,556.0,32.1,13.1,67.0,91,21.5,89,1008.5,7.2
2026-02-23T02:00,42.1,33.1,426.0,26.4,11.7,72.0,90,21.3,90,1008.4,6.5
2026-02-23T03:00,38.4,29.6,322.0,19.9,10.4,77.0,90,21.1,91,1008.0,7.1
2026-02-23T04:00,36.3,27.1,253.0,13.7,9.2,82.0,90,20.9,92,1007.7,7.5
2026-02-23T05:00,37.7,28.0,321.0,12.8,8.7,82.0,89,20.4,91,1007.2,6.4
2026-02-23T06:00,42.0,30.7,687.0,23.7,9.6,66.0,89,20.4,92,1007.7,6.7
2026-02-23T07:00,51.1,38.6,1190.0,38.3,10.9,46.0,89,20.1,94,1008.5,6.1
2026-02-23T08:00,60.5,50.9,1449.0,45.6,12.8,40.0,90,20.3,93,1009.4,5.3
2026-02-23T09:00,57.3,47.6,1219.0,38.6,16.0,64.0,90,21.9,88,1010.0,3.7
2026-02-23T10:00,49.6,32.5,745.0,24.4,19.7,103.0,91,24.4,73,1010.4,7.8
2026-02-23T11:00,67.8,30.2,383.0,12.9,22.2,133.0,91,26.5,58,1010.3,7.4
2026-02-23T12:00,86.8,32.2,282.0,7.9,22.2,146.0,92,28.0,47,1009.7,8.9
2026-02-23T13:00,92.4,32.6,292.0,5.6,21.0,150.0,92,28.7,43,1008.8,10.5
2026-02-23T14:00,92.0,31.8,320.0,4.8,19.9,150.0,93,28.8,42,1008.0,11.2
2026-02-23T15:00,89.6,31.1,326.0,4.7,19.7,146.0,94,28.5,44,1007.3,11.0
2026-02-23T16:00,86.8,30.5,349.0,6.1,19.7,138.0,94,27.9,48,1006.9,10.1
2026-02-23T17:00,82.2,31.1,419.0,11.4,22.0,130.0,95,26.9,54,1006.9,11.5
2026-02-23T18:00,80.3,32.2,580.0,22.2,21.6,109.0,100,25.2,63,1007.7,10.3
2026-02-23T19:00,65.9,34.6,787.0,36.9,21.0,79.0,101,23.6,75,1008.2,8.6
2026-02-23T20:00,62.4,35.5,935.0,47.7,20.2,56.0,97,23.1,81,1009.0,6.6
2026-02-23T21:00,61.0,35.3,969.0,50.7,19.0,47.0,97,22.7,85,1009.5,7.8
2026-02-23T22:00,59.5,35.0,944.0,49.6,17.7,44.0,97,22.3,89,1009.6,8.3
2026-02-23T23:00,58.6,35.7,915.0,47.7,16.4,42.0,97,21.9,92,1009.9,3.4
2026-02-24T00:00,58.6,37.0,916.0,46.5,15.5,39.0,97,21.7,93,1009.9,4.6
2026-02-24T01:00,61.0,36.9,913.0,44.4,14.7,36.0,97,21.1,95,1009.7,5.8
2026-02-24T02:00,64.0,36.2,858.0,40.6,13.7,36.0,97,20.6,96,1009.3,6.8
2026-02-24T03:00,68.7,36.6,674.0,32.8,12.1,41.0,98,20.3,97,1009.1,6.1
2026-02-24T04:00,70.8,35.9,438.0,23.3,10.3,49.0,98,20.1,97,1008.8,7.2
2026-02-24T05:00,77.5,40.7,330.0,18.3,8.2,51.0,99,19.7,98,1008.8,7.6
2026-02-24T06:00,78.9,41.0,472.0,22.5,8.2,45.0,100,19.4,100,1009.2,8.0
2026-02-24T07:00,82.4,43.5,743.0,28.0,8.4,37.0,101,19.1,100,1009.9,8.2
2026-02-24T08:00,84.3,45.9,955.0,31.0,9.8,39.0,102,19.2,99,1010.7,8.2
2026-02-24T09:00,85.2,41.9,1040.0,29.3,14.0,59.0,101,20.3,91,1011.5,4.9
2026-02-24T10:00,104.1,40.2,1067.0,25.0,19.5,89.0,100,23.7,69,1011.7,2.2
2026-02-24T11:00,94.8,37.1,1053.0,20.1,22.5,114.0,101,26.9,52,1011.8,2.0
2026-02-24T12:00,51.5,22.2,989.0,14.3,20.7,127.0,102,28.8,40,1011.2,5.6
2026-02-24T13:00,31.9,18.0,883.0,7.9,16.4,135.0,101,29.5,39,1010.4,7.6
2026-02-24T14:00,31.5,18.0,783.0,4.4,13.6,139.0,100,30.0,38,1009.6,9.8
2026-02-24T15:00,33.8,18.4,686.0,5.3,14.0,139.0,98,29.8,38,1009.1,11.2
2026-02-24T16:00,42.6,21.3,594.0,9.0,15.8,135.0,97,29.0,39,1008.6,12.9
2026-02-24T17:00,63.1,29.2,556.0,15.8,17.5,121.0,97,28.1,41,1008.3,13.0
2026-02-24T18:00,63.6,31.0,596.0,21.8,16.6,104.0,97,26.8,51,1008.8,10.0
2026-02-24T19:00,62.9,32.5,689.0,30.1,15.3,81.0,96,25.7,56,1009.6,7.8
2026-02-24T20:00,56.6,30.7,814.0,36.3,14.5,62.0,96,24.9,61,1010.3,8.4
2026-02-24T21:00,50.9,29.7,1019.0,38.6,14.7,53.0,96,24.2,62,1010.7,7.0
2026-02-24T22:00,47.5,29.1,1254.0,38.9,15.4,49.0,95,23.8,61,1011.1,5.6
2026-02-24T23:00,44.6,28.9,1350.0,38.2,15.6,46.0,95,23.0,70,1011.2,4.5
2026-02-25T00:00,41.9,28.5,1187.0,36.4,14.8,43.0,94,22.6,68,1011.1,6.7
2026-02-25T01:00,38.8,27.3,886.0,33.7,13.5,42.0,94,21.9,71,1011.0,7.2
2026-02-25T02:00,35.5,25.9,631.0,31.3,12.6,40.0,93,21.5,76,1010.7,6.8
2026-02-25T03:00,33.6,25.3,451.0,28.9,12.2,38.0,92,21.0,81,1010.5,7.5
2026-02-25T04:00,33.1,25.4,318.0,26.8,12.1,36.0,91,20.5,83,1010.2,5.6
2026-02-25T05:00,43.9,31.7,339.0,32.6,13.9,29.0,91,20.0,87,1010.3,1.9
2026-02-25T06:00,45.5,33.3,659.0,37.8,16.3,19.0,90,19.9,87,1010.7,3.4
2026-02-25T07:00,51.0,38.6,1133.0,44.7,19.7,7.0,89,19.4,85,1011.4,6.2
2026-02-25T08:00,62.9,52.4,1430.0,47.5,23.3,10.0,89,20.3,73,1012.1,5.4
2026-02-25T09:00,53.2,42.5,1382.0,42.8,27.7,40.0,89,23.2,55,1012.8,3.1
2026-02-25T10:00,42.3,30.0,1157.0,34.1,32.2,84.0,89,26.4,39,1012.9,2.4
2026-02-25T11:00,36.9,26.0,929.0,25.5,33.9,120.0,89,28.3,37,1013.1,3.6
2026-02-25T12:00,37.5,25.4,737.0,17.5,30.2,139.0,88,29.1,43,1012.3,7.3
2026-02-25T13:00,29.6,20.9,543.0,9.7,23.5,149.0,88,28.6,59,1011.4,11.5
2026-02-25T14:00,26.7,19.5,406.0,5.1,18.5,153.0,88,28.6,54,1010.5,12.8
2026-02-25T15:00,26.3,19.3,357.0,5.5,17.2,149.0,88,28.8,48,1010.0,12.3
2026-02-25T16:00,29.6,20.7,365.0,9.2,17.5,138.0,88,28.2,52,1009.9,13.4
2026-02-25T17:00,35.5,25.4,403.0,14.1,20.9,138.0,88,27.2,50,1009.8,13.9
2026-02-25T18:00,34.1,25.0,486.0,21.4,19.4,115.0,94,26.1,58,1010.1,12.6
2026-02-25T19:00,33.4,25.4,598.0,31.3,17.2,83.0,101,24.7,71,1010.6,10.1
2026-02-25T20:00,32.9,24.9,663.0,38.4,15.4,59.0,93,24.2,74,1011.3,9.5
2026-02-25T21:00,33.1,25.0,643.0,40.0,14.4,50.0,87,23.8,75,1012.1,8.5
2026-02-25T22:00,33.5,25.4,576.0,38.7,13.8,49.0,86,23.5,75,1012.4,5.4
2026-02-25T23:00,34.5,26.0,504.0,36.4,13.1,49.0,86,23.2,78,1012.5,5.0
2026-02-26T00:00,34.6,26.0,432.0,33.2,11.9,49.0,86,22.7,83,1012.3,6.4
2026-02-26T01:00,34.0,25.1,355.0,29.0,10.5,50.0,85,22.1,88,1012.0,7.0
2026-02-26T02:00,32.8,23.9,298.0,25.0,9.5,52.0,85,21.7,91,1011.5,5.1
2026-02-26T03:00,31.3,22.6,233.0,20.6,9.0,54.0,85,21.2,95,1010.9,5.3
2026-02-26T04:00,29.4,21.4,187.0,16.3,9.0,57.0,85,20.9,96,1010.6,7.5
2026-02-26T05:00,28.2,19.8,268.0,13.6,8.6,62.0,85,20.7,94,1010.6,6.0
2026-02-26T06:00,27.1,19.2,616.0,20.7,9.6,53.0,84,20.5,93,1010.6,4.6
2026-02-26T07:00,28.1,21.1,1091.0,30.1,11.1,41.0,83,19.7,96,1011.0,4.5
2026-02-26T08:00,32.0,26.3,1373.0,35.1,13.2,39.0,81,19.8,93,1011.4,6.6
2026-02-26T09:00,33.1,27.2,1285.0,31.6,16.8,54.0,79,22.5,76,1011.9,1.4
2026-02-26T10:00,31.9,24.3,1004.0,23.6,21.1,79.0,78,24.5,71,1012.2,5.8
2026-02-26T11:00,29.6,22.5,745.0,16.4,23.5,102.0,78,27.0,59,1012.2,6.1
2026-02-26T12:00,28.2,21.6,568.0,11.1,22.4,120.0,77,28.6,55,1011.3,8.3
2026-02-26T13:00,27.8,21.5,413.0,6.5,19.5,136.0,77,29.4,55,1010.3,10.8
2026-02-26T14:00,26.5,20.5,311.0,4.3,17.0,143.0,77,30.1,51,1009.2,12.4
2026-02-26T15:00,26.3,20.1,284.0,5.3,16.1,137.0,77,30.1,48,1008.1,14.6
2026-02-26T16:00,27.7,20.7,311.0,8.7,15.6,122.0,77,29.8,44,1007.7,14.3
2026-02-26T17:00,28.3,22.4,355.0,13.1,17.0,112.0,77,29.4,37,1007.4,13.0
2026-02-26T18:00,27.6,22.4,424.0,18.9,15.0,94.0,77,27.9,43,1007.7,12.4
2026-02-26T19:00,27.0,22.1,511.0,26.6,12.3,70.0,77,26.0,52,1007.8,10.7
2026-02-26T20:00,27.8,21.7,560.0,31.2,10.1,53.0,76,25.1,58,1008.5,10.5
2026-02-26T21:00,30.3,21.9,545.0,29.7,9.2,52.0,76,24.5,64,1008.9,11.7
2026-02-26T22:00,32.9,22.3,492.0,25.0,8.8,60.0,76,24.2,64,1008.9,12.8
2026-02-26T23:00,35.7,23.1,430.0,20.7,8.4,66.0,76,24.0,64,1009.0,13.1
2026-02-27T00:00,38.2,23.8,356.0,17.9,7.7,68.0,75,23.9,63,1008.8,13.1
2026-02-27T01:00,39.8,24.0,273.0,15.4,7.1,68.0,75,23.6,59,1008.5,13.0
2026-02-27T02:00,39.9,23.5,213.0,13.1,6.6,69.0,75,23.2,60,1008.4,12.3
2026-02-27T03:00,38.9,22.4,178.0,10.2,6.3,71.0,75,22.8,63,1007.9,11.5
2026-02-27T04:00,37.1,21.2,166.0,7.6,6.2,74.0,75,22.3,74,1007.7,11.8
2026-02-27T05:00,35.7,20.4,209.0,8.3,6.8,71.0,75,21.8,84,1007.6,12.1
2026-02-27T06:00,35.3,20.3,369.0,14.9,7.7,63.0,75,21.6,89,1007.9,11.2
2026-02-27T07:00,36.7,21.9,584.0,23.7,9.1,52.0,75,21.4,92,1008.2,10.5
2026-02-27T08:00,39.9,25.7,700.0,28.3,11.0,51.0,75,22.1,90,1009.0,9.4
2026-02-27T09:00,44.9,25.9,619.0,24.7,13.9,68.0,75,23.9,80,1009.5,9.6
2026-02-27T10:00,49.2,25.5,438.0,16.9,17.3,94.0,75,25.9,63,1009.5,9.7
2026-02-27T11:00,48.0,24.6,299.0,10.4,19.6,115.0,75,27.2,54,1009.4,11.4
2026-02-27T12:00,42.1,22.7,257.0,7.3,20.0,128.0,75,27.5,55,1008.9,14.4
2026-02-27T13:00,39.7,22.2,256.0,5.5,19.3,135.0,76,27.5,54,1008.1,15.3
2026-02-27T14:00,39.0,22.2,266.0,4.8,18.3,138.0,76,27.6,54,1007.3,15.6
2026-02-27T15:00,38.6,22.0,273.0,4.8,17.2,134.0,76,27.3,55,1006.6,15.4
2026-02-27T16:00,38.8,21.7,292.0,5.9,15.9,124.0,76,26.7,59,1006.3,15.3
2026-02-27T17:00,40.5,22.6,330.0,9.1,15.1,111.0,76,25.8,63,1005.9,14.1
2026-02-27T18:00,42.6,23.8,409.0,15.0,14.7,99.0,76,24.8,72,1006.3,12.5
2026-02-27T19:00,39.7,25.4,507.0,23.2,14.1,82.0,76,23.9,80,1006.5,10.5
2026-02-27T20:00,41.1,26.8,574.0,29.6,13.6,68.0,76,23.6,82,1007.2,10.2
2026-02-27T21:00,42.0,28.1,590.0,33.1,13.6,61.0,77,23.3,84,1007.7,10.1
2026-02-27T22:00,42.8,29.1,574.0,34.8,13.7,58.0,77,23.1,85,1007.8,9.6
2026-02-27T23:00,43.5,29.8,532.0,34.4,13.4,57.0,78,23.1,82,1007.6,9.3
2026-02-28T00:00,44.0,29.3,449.0,30.6,12.2,60.0,78,22.9,84,1007.8,8.3
2026-02-28T01:00,43.4,27.6,340.0,24.7,10.6,66.0,79,22.7,85,1007.5,8.6
2026-02-28T02:00,43.9,26.0,258.0,19.5,9.3,71.0,79,22.6,85,1007.2,9.1
2026-02-28T03:00,43.1,24.2,211.0,15.4,8.6,73.0,79,22.3,86,1006.9,8.3
2026-02-28T04:00,40.9,22.2,192.0,12.1,8.1,75.0,79,22.0,89,1006.7,8.0
2026-02-28T05:00,40.5,20.4,231.0,10.3,7.7,76.0,79,21.8,88,1006.5,8.8
2026-02-28T06:00,38.8,19.8,393.0,15.9,8.3,70.0,79,21.8,89,1006.9,9.5
2026-02-28T07:00,40.9,21.4,614.0,23.2,9.3,62.0,79,21.6,90,1007.7,9.8
2026-02-28T08:00,45.3,24.8,730.0,26.8,10.8,64.0,79,22.3,86,1008.6,9.3
2026-02-28T09:00,52.0,26.0,635.0,22.9,13.2,84.0,79,24.3,76,1009.2,10.0
2026-02-28T10:00,75.0,26.7,435.0,15.2,16.2,113.0,79,26.1,63,1009.5,11.0
2026-02-28T11:00,99.0,30.0,283.0,8.9,18.1,135.0,79,27.3,54,1009.8,11.7
2026-02-28T12:00,106.9,31.2,240.0,6.0,18.3,144.0,80,28.0,52,1009.4,12.6
2026-02-28T13:00,102.7,30.5,245.0,4.5,17.4,147.0,80,28.3,51,1008.6,14.2
2026-02-28T14:00,98.7,29.8,263.0,4.2,16.7,145.0,81,28.3,50,1007.8,15.0
2026-02-28T15:00,96.2,29.4,281.0,4.7,16.4,140.0,82,28.1,49,1007.4,14.4
2026-02-28T16:00,92.7,28.8,312.0,6.4,16.2,130.0,82,27.7,47,1007.1,13.2
2026-02-28T17:00,76.6,25.9,359.0,10.4,16.5,118.0,87,26.7,55,1006.9,12.5
2026-02-28T18:00,70.5,25.8,441.0,17.8,15.7,101.0,95,25.2,68,1007.3,11.9
2026-02-28T19:00,56.8,26.8,538.0,27.9,14.5,79.0,92,23.8,81,1007.7,10.8
2026-02-28T20:00,53.9,26.8,596.0,35.0,13.6,61.0,83,23.3,85,1008.4,10.3
2026-02-28T21:00,51.3,26.5,581.0,36.3,13.1,54.0,83,23.0,87,1009.0,10.4
2026-02-28T22:00,49.1,26.4,527.0,34.6,12.9,53.0,83,22.6,89,1009.5,10.3
2026-02-28T23:00,48.1,26.1,477.0,32.2,12.4,52.0,83,22.3,90,1009.6,8.7
2026-03-01T00:00,47.6,26.0,447.0,29.7,11.5,51.0,83,22.1,91,1009.7,6.6
2026-03-01T01:00,48.3,26.0,421.0,26.5,10.3,52.0,82,21.9,91,1009.4,6.2
2026-03-01T02:00,49.0,26.0,393.0,23.3,9.3,52.0,82,21.5,93,1009.0,6.5
2026-03-01T03:00,50.3,26.3,337.0,19.1,8.5,53.0,82,21.2,94,1008.8,6.9
2026-03-01T04:00,51.1,26.5,279.0,14.8,7.8,55.0,83,21.2,94,1008.6,6.6
2026-03-01T05:00,49.2,26.5,285.0,11.9,7.1,56.0,83,21.2,94,1008.6,6.9
2026-03-01T06:00,50.6,28.5,432.0,18.0,7.5,49.0,83,21.0,95,1009.2,5.6
2026-03-01T07:00,56.5,33.4,644.0,26.1,8.2,40.0,84,20.8,96,1009.7,5.5
2026-03-01T08:00,61.5,38.8,760.0,30.1,10.3,42.0,85,20.9,93,1010.4,4.5
2026-03-01T09:00,59.5,34.6,684.0,26.2,15.0,64.0,86,22.5,82,1011.5,5.1
2026-03-01T10:00,56.6,29.3,512.0,18.3,21.0,97.0,87,24.4,68,1011.8,5.6
2026-03-01T11:00,51.0,27.2,373.0,11.8,25.6,125.0,87,26.2,60,1011.7,6.4
2026-03-01T12:00,45.1,25.3,313.0,8.5,27.9,145.0,87,27.2,56,1011.2,10.4
2026-03-01T13:00,40.7,23.6,285.0,6.5,28.7,160.0,86,27.2,58,1010.5,13.1
2026-03-01T14:00,39.7,23.6,276.0,5.8,28.4,166.0,86,27.3,56,1009.7,13.4
2026-03-01T15:00,38.4,22.8,277.0,5.8,26.5,161.0,85,27.0,56,1009.1,13.2
2026-03-01T16:00,38.5,22.2,296.0,7.2,23.4,147.0,85,26.6,57,1008.9,12.6
2026-03-01T17:00,30.5,18.3,346.0,10.8,20.8,128.0,93,25.7,61,1008.7,11.8
2026-03-01T18:00,29.3,17.9,450.0,18.6,19.2,109.0,107,24.5,69,1009.1,10.5
2026-03-01T19:00,30.3,20.9,586.0,29.6,16.9,82.0,109,23.4,77,1009.5,8.8
2026-03-01T20:00,33.5,23.5,698.0,38.8,15.4,60.0,100,22.9,81,1010.1,7.9
2026-03-01T21:00,35.7,25.4,768.0,44.9,15.4,48.0,82,22.6,83,1010.7,7.3
2026-03-01T22:00,38.0,27.8,815.0,49.2,16.1,41.0,82,22.2,85,1011.3,6.2
2026-03-01T23:00,40.4,30.5,835.0,51.0,16.4,37.0,82,22.0,87,1011.4,5.7
2026-03-02T00:00,41.6,31.9,828.0,49.6,15.7,36.0,83,21.8,88,1011.6,5.1
2026-03-02T01:00,41.9,31.8,795.0,45.6,14.5,39.0,83,21.3,90,1011.4,4.7
2026-03-02T02:00,42.7,31.2,733.0,40.3,13.2,43.0,84,20.8,93,1011.1,4.6
2026-03-02T03:00,41.4,29.8,609.0,32.3,11.6,49.0,84,20.5,96,1010.9,4.8
2026-03-02T04:00,39.6,28.7,456.0,22.9,9.9,57.0,84,20.3,96,1010.9,5.5
2026-03-02T05:00,35.6,25.8,374.0,15.1,8.0,64.0,84,20.7,96,1011.0,6.6
2026-03-02T06:00,36.1,26.6,441.0,21.4,8.3,54.0,84,20.5,98,1011.3,6.3
2026-03-02T07:00,39.0,29.9,578.0,29.9,8.9,42.0,84,20.3,99,1011.8,6.0
2026-03-02T08:00,42.8,37.5,654.0,34.1,10.7,41.0,84,20.3,99,1012.4,5.9
2026-03-02T09:00,39.7,32.5,596.0,30.3,14.8,62.0,84,22.2,87,1013.1,7.9
2026-03-02T10:00,43.0,26.0,476.0,22.3,20.1,96.0,84,24.8,72,1013.4,5.6
2026-03-02T11:00,52.3,25.7,380.0,15.4,24.5,125.0,83,27.2,57,1013.6,5.8
2026-03-02T12:00,57.6,26.6,340.0,11.3,27.4,148.0,83,29.0,47,1013.0,7.0
2026-03-02T13:00,58.6,26.5,325.0,8.3,29.4,166.0,83,29.3,51,1012.2,10.5
2026-03-02T14:00,55.5,26.1,323.0,7.1,29.8,175.0,84,28.4,58,1011.5,14.1
2026-03-02T15:00,53.1,25.6,334.0,7.7,27.7,169.0,84,27.8,57,1011.0,14.3
2026-03-02T16:00,51.9,24.5,358.0,10.0,23.9,153.0,84,27.1,59,1010.6,12.1
2026-03-02T17:00,50.9,24.9,391.0,14.1,23.7,139.0,99,25.8,68,1010.7,10.9
2026-03-02T18:00,48.4,24.4,435.0,20.5,20.5,117.0,116,24.8,74,1011.1,10.1
2026-03-02T19:00,47.1,25.9,487.0,29.4,16.1,86.0,120,23.7,81,1011.6,8.8
2026-03-02T20:00,50.2,26.3,532.0,37.1,13.0,61.0,112,23.2,85,1012.4,8.8
2026-03-02T21:00,50.9,27.5,570.0,42.8,12.7,48.0,93,23.0,87,1013.3,7.2
2026-03-02T22:00,52.5,29.6,601.0,47.3,13.7,41.0,86,22.6,89,1013.8,7.1
2026-03-02T23:00,56.7,33.2,611.0,49.2,14.4,37.0,86,22.4,92,1014.0,6.7
2026-03-03T00:00,57.6,35.6,596.0,47.5,14.2,36.0,86,22.0,93,1013.9,6.0
2026-03-03T01:00,54.5,33.5,561.0,43.1,13.6,38.0,87,21.6,95,1013.5,5.9
2026-03-03T02:00,54.5,31.3,505.0,37.6,12.9,41.0,87,21.3,97,1013.1,7.5
2026-03-03T03:00,52.0,28.9,384.0,29.5,11.8,47.0,87,20.9,98,1012.7,7.3
2026-03-03T04:00,48.8,26.4,243.0,20.3,10.5,55.0,87,21.0,99,1012.4,10.1
2026-03-03T05:00,49.2,27.9,210.0,20.4,11.3,46.0,87,21.1,98,1012.5,8.4
2026-03-03T06:00,47.4,27.0,396.0,25.2,11.2,38.0,87,20.4,98,1012.6,7.3
2026-03-03T07:00,49.8,28.8,691.0,31.5,11.4,29.0,87,19.7,99,1013.1,7.1
2026-03-03T08:00,51.0,32.6,892.0,34.4,13.9,32.0,87,20.3,94,1013.8,5.8
2026-03-03T09:00,54.6,32.7,909.0,30.9,21.2,59.0,86,22.3,79,1014.4,3.7
2026-03-03T10:00,60.1,31.1,832.0,24.0,30.7,98.0,86,25.3,59,1014.8,3.3
2026-03-03T11:00,52.3,26.7,732.0,17.6,36.8,131.0,87,28.5,43,1014.7,2.5
2026-03-03T12:00,43.9,24.3,607.0,12.6,36.3,152.0,87,30.3,34,1014.3,6.3
2026-03-03T13:00,41.4,24.4,458.0,8.0,32.3,167.0,87,30.3,35,1013.6,10.3
2026-03-03T14:00,40.7,25.0,357.0,5.4,28.4,173.0,86,30.2,34,1012.7,11.2
2026-03-03T15:00,39.3,24.7,333.0,4.5,25.9,168.0,86,29.7,36,1011.9,11.4
2026-03-03T16:00,37.1,23.2,358.0,5.5,23.6,155.0,86,28.7,46,1011.4,11.4
2026-03-03T17:00,31.7,19.4,420.0,10.8,21.3,132.0,101,27.2,56,1011.8,10.7
2026-03-03T18:00,35.0,20.5,549.0,22.5,19.5,106.0,117,25.8,65,1012.2,8.9
2026-03-03T19:00,39.8,25.5,715.0,38.7,17.1,70.0,118,24.1,78,1012.7,8.2
2026-03-03T20:00,44.2,28.5,816.0,50.8,15.4,42.0,105,23.3,85,1013.4,7.0
2026-03-03T21:00,47.7,31.4,800.0,55.7,15.3,31.0,86,22.7,87,1014.0,6.5
2026-03-03T22:00,50.1,32.9,718.0,56.5,15.8,28.0,86,22.1,91,1014.4,8.1
2026-03-03T23:00,51.5,33.3,621.0,54.3,15.8,28.0,86,21.6,96,1014.4,9.1
2026-03-04T00:00,51.1,32.4,512.0,48.1,14.5,31.0,86,21.3,97,1014.2,10.6
2026-03-04T01:00,50.3,30.5,389.0,38.9,12.6,38.0,86,21.0,98,1013.9,9.5
2026-03-04T02:00,49.1,28.3,293.0,30.6,10.9,44.0,86,20.8,98,1013.5,10.1
2026-03-04T03:00,47.8,26.5,233.0,23.7,9.6,48.0,85,20.9,95,1013.0,8.4
2026-03-04T04:00,48.2,25.7,201.0,17.7,8.6,51.0,85,20.6,96,1012.8,7.3
2026-03-04T05:00,54.9,29.1,216.0,16.8,7.9,47.0,85,20.2,98,1012.7,7.2
2026-03-04T06:00,57.7,30.9,321.0,21.1,8.0,43.0,85,20.1,95,1013.5,6.0
2026-03-04T07:00,63.8,34.7,472.0,26.7,8.2,38.0,86,19.9,97,1014.1,5.2
2026-03-04T08:00,68.5,37.6,561.0,28.9,9.7,41.0,86,20.3,95,1015.0,6.0
2026-03-04T09:00,68.2,32.7,524.0,24.4,13.6,59.0,86,22.1,83,1015.7,7.6
2026-03-04T10:00,63.6,29.7,425.0,16.4,18.6,85.0,86,24.1,71,1016.1,5.4
2026-03-04T11:00,54.9,27.4,341.0,10.0,22.3,108.0,86,26.2,53,1016.0,7.3
2026-03-04T12:00,47.6,25.4,299.0,7.0,23.3,124.0,86,27.5,47,1015.6,10.5
2026-03-04T13:00,41.1,23.3,273.0,5.5,22.8,136.0,86,27.9,47,1014.9,11.5
2026-03-04T14:00,35.6,21.3,263.0,5.2,22.1,141.0,86,28.1,43,1014.0,12.3
2026-03-04T15:00,31.4,19.6,271.0,5.5,21.5,138.0,86,27.7,43,1013.4,12.7
2026-03-04T16:00,28.5,18.6,295.0,6.9,20.7,129.0,86,27.0,45,1012.8,12.6
2026-03-04T17:00,25.2,16.5,334.0,10.5,18.0,111.0,85,25.5,60,1012.7,12.8
2026-03-04T18:00,24.6,16.9,403.0,18.7,17.5,94.0,85,24.3,70,1013.1,12.1
2026-03-04T19:00,26.6,20.7,487.0,29.9,16.7,70.0,85,23.2,76,1013.6,11.3
2026-03-04T20:00,27.8,21.9,540.0,37.1,15.8,53.0,84,22.7,75,1014.3,11.1
2026-03-04T21:00,27.0,21.4,544.0,36.9,14.7,49.0,84,22.3,77,1014.9,9.2
2026-03-04T22:00,25.1,20.5,516.0,32.8,13.4,51.0,83,21.8,80,1015.0,8.2
2026-03-04T23:00,23.1,19.4,469.0,28.1,12.0,55.0,82,21.4,84,1015.0,8.7
2026-03-05T00:00,21.0,17.9,390.0,23.6,10.4,59.0,81,21.3,85,1014.7,8.7
2026-03-05T01:00,18.4,15.8,290.0,18.5,8.8,64.0,80,21.1,88,1014.3,8.7
2026-03-05T02:00,15.9,13.6,215.0,14.3,7.6,68.0,79,20.8,88,1013.8,9.2
2026-03-05T03:00,14.2,12.0,168.0,10.9,6.9,70.0,78,20.7,88,1013.3,9.6
2026-03-05T04:00,12.9,10.8,145.0,8.3,6.5,71.0,76,20.7,90,1013.0,10.0
2026-03-05T05:00,12.7,10.0,181.0,8.5,6.7,70.0,75,20.9,93,1012.7,11.0
2026-03-05T06:00,12.7,10.3,342.0,14.7,7.6,63.0,74,21.0,93,1013.2,10.6
2026-03-05T07:00,14.8,12.5,561.0,22.8,8.8,53.0,72,20.9,91,1013.5,10.4
2026-03-05T08:00,19.0,16.6,675.0,26.9,10.2,52.0,70,21.8,86,1014.1,9.6
2026-03-05T09:00,19.8,16.2,579.0,22.8,11.8,67.0,69,24.0,73,1014.5,12.6
2026-03-05T10:00,19.6,14.7,377.0,14.6,13.6,91.0,67,25.9,61,1014.9,14.5
2026-03-05T11:00,19.2,13.4,225.0,8.0,14.6,109.0,66,26.7,58,1015.0,16.3
2026-03-05T12:00,18.7,12.5,187.0,5.2,14.3,116.0,65,27.4,54,1014.8,16.4
2026-03-05T13:00,19.0,12.0,198.0,4.1,13.4,116.0,64,27.9,50,1013.9,16.9
2026-03-05T14:00,20.5,12.0,217.0,4.0,12.7,114.0,63,28.0,46,1012.9,17.1
2026-03-05T15:00,23.1,12.8,229.0,4.4,12.7,109.0,63,27.5,47,1012.0,17.1
2026-03-05T16:00,25.8,13.9,250.0,5.8,13.0,101.0,62,26.6,53,1011.3,16.7
2026-03-05T17:00,27.5,15.6,280.0,8.5,13.1,92.0,62,25.6,61,1011.1,16.6
2026-03-05T18:00,29.9,17.1,330.0,13.8,12.7,80.0,62,24.6,68,1011.3,16.0
2026-03-05T19:00,31.3,19.6,389.0,21.1,12.1,65.0,62,23.7,76,1011.5,14.1
2026-03-05T20:00,33.8,21.0,431.0,25.8,11.5,53.0,62,23.3,82,1011.7,11.8
2026-03-05T21:00,35.4,21.7,451.0,26.0,11.1,50.0,61,23.0,86,1012.3,11.9
2026-03-05T22:00,36.0,21.9,453.0,23.7,10.8,51.0,61,22.8,87,1012.4,11.5
2026-03-05T23:00,36.1,22.0,427.0,20.7,10.3,53.0,62,22.7,87,1012.5,12.1
2026-03-06T00:00,35.3,21.3,348.0,17.1,9.3,56.0,62,22.7,89,1011.8,12.6
2026-03-06T01:00,33.6,19.9,240.0,12.8,8.1,60.0,62,22.6,90,1011.3,13.0
2026-03-06T02:00,32.0,18.7,161.0,9.3,7.0,63.0,62,22.6,90,1010.9,13.5
2026-03-06T03:00,31.3,17.9,133.0,6.8,6.2,65.0,63,22.4,92,1010.2,13.7
2026-03-06T04:00,30.2,17.3,134.0,5.1,5.5,67.0,63,22.5,91,1010.0,14.3
2026-03-06T05:00,29.9,17.4,158.0,5.6,5.5,65.0,64,22.6,90,1009.7,14.9
2026-03-06T06:00,30.3,18.1,224.0,9.6,6.0,60.0,64,22.7,90,1009.9,14.4
2026-03-06T07:00,31.7,19.7,314.0,14.9,6.9,54.0,65,22.5,92,1010.3,13.3
2026-03-06T08:00,37.1,22.2,366.0,17.7,8.2,53.0,66,23.4,86,1011.0,14.1
2026-03-06T09:00,46.8,21.7,343.0,15.5,10.5,63.0,66,25.1,76,1011.5,14.5
2026-03-06T10:00,57.5,22.6,282.0,10.9,13.2,80.0,66,26.4,69,1011.9,15.3
2026-03-06T11:00,66.8,24.3,235.0,7.1,15.1,93.0,67,27.8,62,1012.0,15.1
2026-03-06T12:00,73.6,25.5,221.0,5.4,15.3,101.0,68,28.7,58,1011.7,15.8
2026-03-06T13:00,76.1,26.3,222.0,4.6,14.7,106.0,69,29.0,58,1010.9,16.0
2026-03-06T14:00,75.2,26.5,232.0,4.7,14.1,107.0,70,29.0,58,1009.9,16.2
2026-03-06T15:00,73.1,27.0,250.0,5.4,13.9,103.0,71,28.8,60,1009.2,15.4
2026-03-06T16:00,69.4,27.0,277.0,7.0,13.8,95.0,72,28.2,63,1008.6,14.3
2026-03-06T17:00,61.2,24.5,317.0,10.1,14.3,87.0,73,27.2,71,1008.3,13.1
2026-03-06T18:00,53.9,24.4,381.0,16.9,13.7,74.0,74,25.9,76,1008.6,12.4
2026-03-06T19:00,46.8,25.7,457.0,26.2,12.8,57.0,75,24.8,82,1009.0,10.9
2026-03-06T20:00,47.6,26.1,509.0,32.3,12.1,45.0,75,24.2,88,1009.5,9.5
2026-03-06T21:00,50.9,26.5,528.0,32.6,11.7,43.0,75,23.8,90,1009.8,9.0
2026-03-06T22:00,54.6,27.0,524.0,29.8,11.4,46.0,76,23.6,90,1010.0,8.6
2026-03-06T23:00,56.3,27.4,490.0,26.4,10.9,49.0,76,23.4,91,1009.9,8.6
2026-03-07T00:00,55.9,27.0,406.0,23.0,9.9,51.0,77,23.3,92,1009.8,8.7
2026-03-07T01:00,56.1,26.1,293.0,19.1,8.8,54.0,77,23.1,92,1009.6,7.9
2026-03-07T02:00,54.5,24.6,209.0,15.6,7.8,56.0,78,23.0,93,1009.2,7.2
2026-03-07T03:00,56.3,23.4,151.0,12.4,7.1,59.0,78,22.7,93,1008.8,7.5
2026-03-07T04:00,59.6,22.6,123.0,9.6,6.6,62.0,78,22.7,92,1008.7,7.9
2026-03-07T05:00,64.3,23.5,196.0,9.6,6.5,61.0,79,22.5,93,1008.6,7.4
2026-03-07T06:00,66.4,24.9,480.0,15.7,7.0,54.0,79,22.5,94,1008.9,7.1
2026-03-07T07:00,71.0,28.1,866.0,23.8,7.8,45.0,80,22.1,95,1009.7,5.9
2026-03-07T08:00,81.3,33.6,1094.0,28.3,9.7,45.0,81,23.2,94,1010.3,6.6
2026-03-07T09:00,89.4,32.7,1014.0,25.9,13.9,61.0,81,24.8,85,1010.8,6.0
2026-03-07T10:00,101.7,34.0,777.0,19.9,19.2,85.0,82,26.6,76,1011.3,5.0
2026-03-07T11:00,122.5,38.0,571.0,14.5,22.9,107.0,83,27.9,68,1011.7,8.1
2026-03-07T12:00,143.9,42.5,460.0,10.9,23.7,125.0,84,28.8,64,1011.2,10.4
2026-03-07T13:00,152.7,44.7,380.0,8.0,23.0,141.0,86,29.5,60,1010.4,11.3
2026-03-07T14:00,149.0,44.7,335.0,6.7,21.8,148.0,87,29.8,58,1009.6,12.2
2026-03-07T15:00,142.5,43.9,333.0,7.1,20.3,142.0,89,29.6,58,1009.0,12.6
2026-03-07T16:00,134.6,42.7,366.0,9.0,18.3,128.0,90,28.8,61,1008.7,12.2
2026-03-07T17:00,117.8,39.9,409.0,13.2,17.6,115.0,91,27.5,68,1009.1,11.3
2026-03-07T18:00,102.2,38.0,458.0,20.9,16.2,99.0,92,26.2,74,1009.5,10.3
2026-03-07T19:00,74.3,35.7,518.0,31.5,14.4,77.0,93,24.9,82,1010.0,8.3
2026-03-07T20:00,64.0,33.4,581.0,39.3,13.1,60.0,94,24.3,88,1010.6,7.1
2026-03-07T21:00,56.6,32.4,661.0,41.6,13.0,54.0,95,23.9,91,1011.6,5.9
2026-03-07T22:00,51.8,31.8,745.0,41.1,13.4,53.0,95,23.6,92,1011.9,5.9
2026-03-07T23:00,49.5,32.0,785.0,39.8,13.7,54.0,96,23.3,96,1012.0,6.3
2026-03-08T00:00,51.9,34.0,756.0,38.4,13.6,55.0,96,23.2,96,1012.0,5.8
2026-03-08T01:00,55.3,35.9,683.0,36.1,13.4,57.0,96,22.8,98,1011.5,4.9
2026-03-08T02:00,58.4,37.7,596.0,32.8,12.8,59.0,97,22.5,99,1011.1,4.5
2026-03-08T03:00,60.8,39.2,474.0,26.2,11.3,62.0,98,22.4,99,1010.8,4.5
2026-03-08T04:00,60.1,39.2,337.0,18.6,9.4,64.0,100,22.2,99,1010.3,4.6
2026-03-08T05:00,57.4,38.8,273.0,15.4,8.2,65.0,101,21.4,99,1010.5,2.9
2026-03-08T06:00,60.5,42.0,348.0,26.8,9.4,50.0,103,21.2,99,1010.8,2.1
2026-03-08T07:00,67.1,48.3,496.0,41.9,11.2,30.0,104,21.2,99,1011.4,2.0
2026-03-08T08:00,68.9,54.2,604.0,49.5,13.9,28.0,107,21.4,98,1012.3,2.8
2026-03-08T09:00,57.6,39.6,627.0,42.3,18.4,59.0,109,22.5,89,1013.0,4.3
2026-03-08T10:00,58.8,32.5,611.0,27.6,23.8,106.0,109,24.8,76,1013.4,3.6
2026-03-08T11:00,65.4,33.8,573.0,15.6,27.2,144.0,109,26.4,70,1013.6,6.5
2026-03-08T12:00,72.2,34.6,503.0,10.3,27.1,163.0,109,27.6,65,1013.2,8.8
2026-03-08T13:00,71.2,33.5,412.0,7.7,25.0,172.0,108,28.1,64,1012.3,9.8
2026-03-08T14:00,66.1,30.9,353.0,6.9,22.9,174.0,107,28.6,59,1011.4,10.3
2026-03-08T15:00,63.6,28.8,355.0,7.0,21.3,167.0,105,28.7,58,1010.7,11.1
2026-03-08T16:00,63.1,27.8,390.0,8.9,19.7,152.0,104,28.1,59,1010.3,11.1
2026-03-08T17:00,58.4,26.1,427.0,14.3,18.9,135.0,108,27.1,63,1010.4,9.6
2026-03-08T18:00,56.9,26.5,449.0,25.1,18.0,112.0,125,25.7,75,1010.9,8.6
2026-03-08T19:00,51.1,29.5,472.0,40.1,16.7,80.0,126,24.4,86,1011.6,7.9
2026-03-08T20:00,52.0,31.7,515.0,52.1,16.0,55.0,112,23.8,91,1012.2,6.9
2026-03-08T21:00,53.0,33.3,609.0,58.5,16.5,42.0,99,23.5,92,1012.9,6.5
2026-03-08T22:00,54.5,34.9,724.0,62.0,17.5,35.0,99,23.1,93,1012.9,5.6
2026-03-08T23:00,59.3,38.5,780.0,62.9,18.0,31.0,99,22.6,98,1013.0,4.8
2026-03-09T00:00,66.4,42.6,735.0,61.2,17.6,30.0,100,22.4,98,1013.2,4.3
2026-03-09T01:00,69.8,43.7,631.0,56.9,16.8,31.0,101,22.2,97,1012.7,4.6
2026-03-09T02:00,69.8,41.7,525.0,50.8,15.6,34.0,102,21.8,99,1012.1,5.2
2026-03-09T03:00,70.5,40.4,396.0,40.6,13.7,39.0,102,21.7,99,1011.6,6.1
2026-03-09T04:00,69.2,38.5,265.0,28.4,11.6,45.0,102,21.5,99,1011.5,6.3
2026-03-09T05:00,73.3,39.6,242.0,26.1,11.8,45.0,102,21.3,99,1011.5,6.6
2026-03-09T06:00,75.9,41.4,444.0,32.9,13.2,34.0,102,21.4,97,1012.0,5.2
2026-03-09T07:00,83.6,46.9,755.0,41.8,15.3,20.0,102,21.1,98,1012.2,3.7
2026-03-09T08:00,84.8,54.7,942.0,45.5,17.9,20.0,102,21.5,95,1012.8,3.3
2026-03-09T09:00,74.3,41.2,880.0,38.9,21.4,46.0,102,23.3,82,1013.4,3.9
2026-03-09T10:00,82.4,33.9,696.0,27.1,25.4,86.0,102,25.8,66,1013.6,4.2
2026-03-09T11:00,84.3,32.9,531.0,17.2,28.0,119.0,102,28.5,52,1013.7,6.0
2026-03-09T12:00,75.7,31.3,428.0,11.6,28.5,138.0,102,30.6,42,1013.4,7.3
2026-03-09T13:00,64.7,29.6,345.0,8.0,27.7,149.0,102,31.6,37,1012.7,9.7
2026-03-09T14:00,56.5,27.8,304.0,6.6,26.4,153.0,102,31.9,34,1011.8,11.3
2026-03-09T15:00,51.1,26.1,325.0,7.0,24.8,148.0,101,31.6,34,1011.3,11.4
2026-03-09T16:00,50.6,26.0,389.0,9.6,22.7,135.0,101,31.0,36,1011.0,10.9
2026-03-09T17:00,48.2,26.5,459.0,16.2,21.5,119.0,101,30.0,42,1010.5,9.6
2026-03-09T18:00,48.8,27.8,539.0,29.3,20.3,94.0,101,28.0,55,1011.1,8.3
2026-03-09T19:00,49.2,30.6,626.0,47.4,18.6,60.0,101,25.8,70,1011.6,6.9
2026-03-09T20:00,51.2,31.5,676.0,61.1,17.4,34.0,101,24.7,81,1012.1,6.2
2026-03-09T21:00,53.1,32.8,669.0,67.2,17.2,22.0,101,24.2,86,1012.7,5.3
2026-03-09T22:00,54.2,34.2,623.0,69.0,17.4,17.0,101,23.7,89,1013.1,5.8
2026-03-09T23:00,54.7,34.7,554.0,66.8,17.1,17.0,101,23.2,94,1013.4,7.0
2026-03-10T00:00,56.0,34.1,445.0,59.2,15.5,22.0,100,22.7,97,1013.4,7.7
2026-03-10T01:00,53.7,31.2,311.0,47.8,13.4,31.0,100,22.4,98,1013.3,7.2
2026-03-10T02:00,50.2,27.8,213.0,37.4,11.6,39.0,99,22.1,98,1012.8,7.3
2026-03-10T03:00,48.5,25.1,168.0,28.8,10.4,44.0,98,22.0,99,1012.6,7.1
2026-03-10T04:00,48.0,23.2,159.0,21.3,9.5,48.0,96,21.8,98,1012.9,8.6
2026-03-10T05:00,52.2,23.7,197.0,17.8,9.2,48.0,95,22.0,98,1012.9,8.4
2026-03-10T06:00,55.3,25.1,325.0,23.9,10.2,40.0,94,21.7,99,1013.5,5.9
2026-03-10T07:00,63.3,30.2,500.0,32.0,11.7,30.0,93,21.5,99,1013.9,5.5
2026-03-10T08:00,66.4,35.2,602.0,35.7,13.8,30.0,91,21.7,98,1014.4,5.4
2026-03-10T09:00,68.0,32.6,560.0,30.9,17.2,50.0,90,22.8,90,1015.1,5.9
2026-03-10T10:00,71.5,28.9,444.0,21.6,21.3,81.0,89,26.1,68,1015.6,6.3
2026-03-10T11:00,60.1,25.9,347.0,13.9,23.7,106.0,89,29.3,48,1015.5,8.3
2026-03-10T12:00,47.6,22.6,298.0,9.6,23.2,121.0,88,31.3,35,1015.0,10.7
2026-03-10T13:00,38.5,20.1,268.0,6.7,21.1,132.0,88,32.4,24,1014.3,12.3
2026-03-10T14:00,32.6,18.6,261.0,5.5,19.4,136.0,87,32.6,19,1013.5,12.6
2026-03-10T15:00,29.2,17.5,275.0,5.1,18.9,134.0,86,32.0,21,1012.9,13.1
2026-03-10T16:00,26.7,16.5,313.0,6.4,18.7,125.0,85,30.9,26,1012.2,12.2
2026-03-10T17:00,29.4,20.1,383.0,12.2,17.2,108.0,85,29.7,36,1011.7,10.8
2026-03-10T18:00,32.9,22.3,521.0,25.2,17.1,84.0,84,27.5,53,1012.0,9.1
2026-03-10T19:00,39.9,28.2,692.0,42.8,16.8,51.0,84,25.3,73,1012.6,7.3
2026-03-10T20:00,43.9,30.6,803.0,54.9,16.4,27.0,83,24.3,81,1013.1,6.7
2026-03-10T21:00,45.3,31.3,809.0,56.4,15.8,21.0,83,23.7,87,1013.5,6.6
2026-03-10T22:00,45.8,31.3,754.0,52.2,14.9,24.0,83,23.1,92,1013.6,7.4
2026-03-10T23:00,45.1,30.3,677.0,46.8,13.9,28.0,83,22.7,95,1013.8,7.8
2026-03-11T00:00,44.2,29.5,573.0,41.0,12.5,31.0,83,22.6,96,1013.7,6.8
2026-03-11T01:00,43.5,28.3,446.0,33.9,10.9,36.0,82,22.4,96,1013.5,6.5
2026-03-11T02:00,44.2,27.0,347.0,27.4,9.6,41.0,82,22.0,96,1013.1,6.9
2026-03-11T03:00,43.5,25.2,281.0,20.9,8.7,47.0,82,21.8,94,1013.0,6.9
2026-03-11T04:00,42.5,23.9,242.0,15.0,8.0,52.0,82,21.0,95,1012.8,5.5
2026-03-11T05:00,43.9,24.3,269.0,14.7,8.5,50.0,82,21.3,95,1012.7,7.3
2026-03-11T06:00,44.4,25.0,432.0,21.0,9.3,42.0,82,20.8,96,1013.1,6.2
2026-03-11T07:00,48.2,29.0,660.0,29.3,10.5,32.0,82,20.3,97,1013.5,4.4
2026-03-11T08:00,49.9,34.3,777.0,33.2,12.3,32.0,82,21.7,95,1014.3,6.2
2026-03-11T09:00,47.8,30.5,668.0,28.6,15.5,50.0,82,23.9,87,1015.0,5.7
2026-03-11T10:00,49.5,29.2,447.0,19.6,19.2,77.0,82,26.7,68,1015.3,8.8
2026-03-11T11:00,63.6,31.0,280.0,12.3,21.8,100.0,82,28.4,61,1015.2,11.7
2026-03-11T12:00,82.0,34.5,238.0,8.7,22.2,116.0,82,29.3,58,1014.7,12.8
2026-03-11T13:00,92.0,36.7,250.0,6.7,21.4,127.0,83,29.7,58,1013.7,13.3
2026-03-11T14:00,99.0,37.3,274.0,6.2,20.2,131.0,85,29.9,58,1012.4,13.3
2026-03-11T15:00,104.3,37.4,293.0,6.9,18.8,124.0,86,29.6,59,1011.7,14.2
2026-03-11T16:00,113.4,37.7,325.0,9.1,17.0,109.0,88,28.9,62,1011.2,13.1
2026-03-11T17:00,120.6,36.8,379.0,12.3,15.8,91.0,89,27.8,71,1010.9,12.2
2026-03-11T18:00,128.5,39.0,477.0,21.1,14.9,74.0,91,26.7,78,1011.1,11.0
2026-03-11T19:00,117.8,41.8,597.0,33.1,13.7,50.0,92,25.7,84,1011.7,9.0
2026-03-11T20:00,132.2,45.8,691.0,40.9,12.6,34.0,93,25.2,85,1011.8,9.3
2026-03-11T21:00,149.5,49.9,747.0,40.8,12.1,31.0,94,24.9,83,1012.0,8.6
2026-03-11T22:00,154.1,53.3,775.0,36.5,11.8,36.0,96,24.6,80,1012.0,7.0
2026-03-11T23:00,155.1,55.4,760.0,31.7,11.2,41.0,97,24.3,80,1012.0,6.4
2026-03-12T00:00,150.9,56.6,673.0,27.2,10.0,45.0,99,24.2,79,1011.4,6.8
2026-03-12T01:00,149.5,56.9,541.0,22.2,8.5,50.0,102,24.2,78,1011.3,8.1
2026-03-12T02:00,145.8,56.5,431.0,18.0,7.5,54.0,105,24.1,78,1010.6,8.7
2026-03-12T03:00,143.4,55.9,355.0,14.6,7.0,56.0,108,23.9,80,1010.3,8.8
2026-03-12T04:00,144.8,55.5,301.0,12.0,6.9,57.0,111,23.6,82,1010.0,7.8
2026-03-12T05:00,143.0,55.2,299.0,10.1,6.9,59.0,114,23.0,90,1009.9,7.4
2026-03-12T06:00,136.9,55.1,399.0,17.0,8.8,48.0,118,22.6,93,1010.3,9.5
2026-03-12T07:00,138.3,57.0,551.0,26.3,11.4,33.0,121,22.7,86,1010.8,10.2
2026-03-12T08:00,136.0,59.5,636.0,31.2,13.7,29.0,124,23.8,67,1011.1,10.6
2026-03-12T09:00,129.0,57.4,586.0,27.8,15.3,44.0,126,26.2,39,1011.7,10.9
2026-03-12T10:00,105.5,44.9,470.0,20.2,16.5,70.0,129,28.9,26,1011.8,11.8
2026-03-12T11:00,75.4,35.2,372.0,13.5,17.1,94.0,131,31.8,26,1011.6,9.2
2026-03-12T12:00,62.9,28.5,319.0,9.2,16.9,113.0,131,34.0,22,1010.9,8.9
2026-03-12T13:00,64.3,25.4,284.0,6.0,16.1,129.0,131,35.1,19,1010.0,11.2
2026-03-12T14:00,76.6,27.5,272.0,4.7,15.6,137.0,129,35.2,18,1008.9,13.9
2026-03-12T15:00,92.4,30.3,282.0,6.0,16.1,134.0,128,34.3,22,1008.3,15.1
2026-03-12T16:00,130.9,38.5,314.0,9.2,16.9,123.0,128,33.3,24,1007.8,13.9
2026-03-12T17:00,100.8,37.3,374.0,14.1,17.2,103.0,128,33.1,21,1007.9,12.9
2026-03-12T18:00,84.1,36.1,495.0,21.7,15.4,86.0,128,30.6,31,1008.0,11.7
2026-03-12T19:00,71.5,35.9,644.0,31.9,13.0,62.0,127,28.1,44,1008.5,9.7
2026-03-12T20:00,65.0,34.6,729.0,38.0,11.0,46.0,127,26.9,51,1008.9,8.9
2026-03-12T21:00,66.6,34.8,686.0,36.0,9.9,44.0,126,26.3,56,1009.5,11.9
2026-03-12T22:00,78.2,36.7,579.0,29.9,9.3,49.0,124,26.1,54,1009.8,10.1
2026-03-12T23:00,88.9,38.4,507.0,24.6,8.8,54.0,122,25.7,58,1010.0,9.2
2026-03-13T00:00,102.7,40.6,509.0,21.6,8.3,56.0,121,25.6,61,1009.4,10.2
2026-03-13T01:00,122.9,44.2,546.0,19.5,7.9,56.0,119,25.4,63,1009.3,11.4
2026-03-13T02:00,144.8,48.3,601.0,18.8,8.2,55.0,118,24.9,67,1008.6,10.6
2026-03-13T03:00,160.2,51.6,666.0,19.7,9.3,51.0,117,24.3,67,1008.1,8.8
2026-03-13T04:00,163.0,53.9,749.0,22.0,11.1,45.0,116,23.5,66,1007.7,6.6
2026-03-13T05:00,155.5,54.7,851.0,25.2,12.8,37.0,116,22.3,77,1007.7,5.8
2026-03-13T06:00,157.4,57.3,1004.0,31.6,14.9,27.0,116,22.1,76,1008.0,7.4
2026-03-13T07:00,162.5,63.3,1175.0,40.1,18.1,14.0,116,21.8,70,1008.6,7.0
2026-03-13T08:00,141.1,74.3,1274.0,44.2,22.2,15.0,117,22.9,59,1009.2,5.6
2026-03-13T09:00,154.1,64.3,1264.0,39.9,28.5,41.0,119,25.8,43,1009.9,3.6
2026-03-13T10:00,170.4,61.5,1180.0,31.2,35.8,81.0,119,29.1,31,1010.0,1.9
2026-03-13T11:00,182.5,62.9,1038.0,23.1,40.6,116.0,121,30.8,30,1010.1,5.1
2026-03-13T12:00,190.0,64.3,791.0,16.7,41.5,141.0,124,31.5,33,1009.6,10.5
2026-03-13T13:00,179.7,62.6,485.0,10.9,39.9,160.0,128,32.6,26,1009.0,12.0
2026-03-13T14:00,168.6,60.3,274.0,7.5,36.8,167.0,131,33.6,14,1007.8,13.6
2026-03-13T15:00,160.7,57.0,230.0,7.2,31.8,154.0,135,32.9,15,1007.3,15.0
2026-03-13T16:00,156.9,53.9,280.0,9.2,25.3,129.0,138,31.4,21,1006.8,14.2
2026-03-13T17:00,161.6,51.6,360.0,12.3,17.8,97.0,139,30.1,27,1006.9,13.7
2026-03-13T18:00,145.3,49.8,477.0,19.1,15.8,81.0,141,27.9,43,1007.3,11.3
2026-03-13T19:00,127.1,49.1,624.0,28.3,13.1,60.0,142,26.1,62,1007.7,9.6
2026-03-13T20:00,118.5,46.7,713.0,34.1,11.0,45.0,144,25.4,67,1008.2,8.6
2026-03-13T21:00,110.4,44.5,703.0,33.7,10.3,42.0,145,25.3,64,1008.7,10.8
2026-03-13T22:00,108.0,43.3,635.0,29.9,10.2,46.0,146,25.2,57,1009.0,10.3
2026-03-13T23:00,112.0,43.7,549.0,25.7,9.9,51.0,147,24.9,66,1009.2,10.7
2026-03-14T00:00,113.6,44.1,440.0,21.5,9.0,56.0,147,24.8,70,1009.0,10.7
2026-03-14T01:00,111.1,43.3,314.0,16.7,7.8,61.0,147,24.7,74,1008.7,10.9
2026-03-14T02:00,99.4,39.9,222.0,13.0,7.0,66.0,147,24.7,71,1008.2,11.4
2026-03-14T03:00,83.4,34.8,163.0,10.2,6.6,69.0,146,24.7,64,1007.5,14.1
2026-03-14T04:00,71.2,30.6,139.0,8.3,6.4,71.0,145,24.5,63,1007.6,14.2
2026-03-14T05:00,71.2,29.8,210.0,9.8,7.2,68.0,142,23.9,71,1007.7,11.5
2026-03-14T06:00,69.4,29.5,484.0,16.4,8.1,58.0,140,23.3,75,1008.1,9.4
2026-03-14T07:00,73.1,31.9,852.0,25.3,9.6,45.0,137,22.6,79,1008.9,8.2
2026-03-14T08:00,73.6,36.8,1053.0,30.2,11.9,42.0,134,23.4,75,1009.6,6.2
2026-03-14T09:00,93.1,39.8,923.0,27.6,16.3,59.0,130,26.4,56,1010.3,4.0
2026-03-14T10:00,111.3,40.6,625.0,21.0,21.7,87.0,127,29.9,32,1010.5,5.7
2026-03-14T11:00,92.9,34.7,387.0,15.1,24.8,109.0,125,31.5,29,1010.7,9.9
2026-03-14T12:00,93.1,31.2,295.0,11.0,23.8,120.0,122,32.7,24,1010.1,13.8
2026-03-14T13:00,99.7,31.1,263.0,7.5,20.5,126.0,118,32.0,30,1009.6,16.9
2026-03-14T14:00,93.1,30.3,257.0,5.8,17.5,126.0,115,31.8,35,1008.6,16.9
2026-03-14T15:00,83.4,27.8,268.0,6.3,15.6,119.0,112,31.4,37,1007.7,15.9
2026-03-14T16:00,73.3,25.4,305.0,8.5,14.0,105.0,109,30.7,40,1007.0,14.9
2026-03-14T17:00,71.5,26.4,365.0,12.4,13.6,94.0,106,29.2,46,1006.9,13.3
2026-03-14T18:00,59.5,25.8,471.0,18.5,12.7,82.0,103,27.6,55,1007.0,12.1
2026-03-14T19:00,55.3,27.1,599.0,26.6,11.4,66.0,101,26.3,65,1007.5,11.2
2026-03-14T20:00,57.7,27.2,673.0,31.3,10.3,56.0,99,25.8,69,1008.2,11.0
2026-03-14T21:00,58.6,26.4,652.0,29.3,9.5,56.0,97,25.6,68,1008.6,12.3
2026-03-14T22:00,55.9,24.7,575.0,23.8,8.8,61.0,96,25.7,67,1009.5,11.5
2026-03-14T23:00,51.2,22.6,489.0,18.5,8.1,67.0,95,25.5,68,1010.1,9.5
2026-03-15T00:00,46.4,20.5,392.0,14.2,7.3,74.0,93,25.6,67,1009.7,12.5
2026-03-15T01:00,42.4,19.0,284.0,10.1,6.6,81.0,91,25.4,69,1009.2,12.8
2026-03-15T02:00,40.4,18.1,212.0,7.2,6.1,86.0,89,25.3,69,1008.5,11.7
2026-03-15T03:00,36.0,17.1,172.0,5.4,5.8,86.0,87,25.1,67,1008.4,10.6
2026-03-15T04:00,32.0,16.0,167.0,4.8,5.7,84.0,86,24.4,72,1008.5,9.1
2026-03-15T05:00,31.4,15.9,257.0,6.0,6.0,83.0,85,24.0,78,1008.5,9.1
2026-03-15T06:00,33.2,16.7,559.0,14.0,7.7,70.0,84,23.3,82,1009.2,7.7
2026-03-15T07:00,41.0,20.0,955.0,24.8,10.2,52.0,83,22.4,87,1010.0,7.5
2026-03-15T08:00,53.3,26.3,1152.0,30.4,12.4,46.0,82,23.4,80,1011.1,7.4
2026-03-15T09:00,75.2,30.5,952.0,26.0,14.4,63.0,81,26.9,57,1011.8,5.9
2026-03-15T10:00,107.8,29.5,552.0,16.6,16.1,91.0,80,31.1,30,1012.1,8.1
2026-03-15T11:00,88.7,21.8,252.0,8.9,16.6,113.0,79,33.6,16,1011.5,11.8
2026-03-15T12:00,61.9,16.8,180.0,5.5,14.9,123.0,78,34.7,11,1011.0,13.4
2026-03-15T13:00,49.5,14.0,207.0,3.8,12.0,127.0,77,35.3,10,1009.8,12.7
2026-03-15T14:00,44.1,13.0,243.0,3.8,10.3,128.0,76,35.2,12,1008.8,14.1
2026-03-15T15:00,41.7,12.8,249.0,5.3,11.3,126.0,75,34.8,12,1008.0,15.7
2026-03-15T16:00,42.3,14.0,264.0,8.4,13.4,120.0,73,34.3,12,1007.6,15.0
2026-03-15T17:00,37.3,15.4,321.0,13.1,14.2,108.0,73,32.5,17,1007.4,14.6
2026-03-15T18:00,37.1,18.9,474.0,20.6,13.1,93.0,72,29.9,30,1007.3,12.4
2026-03-15T19:00,36.0,20.3,669.0,30.8,11.5,71.0,71,27.8,41,1007.4,10.8
2026-03-15T20:00,34.1,19.9,768.0,36.7,10.2,57.0,71,27.1,44,1008.5,13.7
2026-03-15T21:00,33.9,19.1,686.0,34.6,9.4,56.0,70,26.8,45,1009.5,14.8
2026-03-15T22:00,34.3,18.7,509.0,28.2,8.9,61.0,69,26.7,46,1009.8,14.4
2026-03-15T23:00,35.6,18.6,362.0,22.1,8.4,67.0,69,26.2,50,1009.9,12.8
2026-03-16T00:00,37.1,18.7,291.0,17.4,7.6,71.0,69,25.4,56,1009.4,12.9
2026-03-16T01:00,38.6,18.6,249.0,12.9,6.8,76.0,68,25.2,60,1008.8,13.3
2026-03-16T02:00,39.5,18.4,224.0,9.7,6.3,78.0,68,25.0,61,1008.1,12.7
2026-03-16T03:00,38.2,18.0,191.0,7.6,6.1,77.0,68,24.3,67,1007.6,10.4
2026-03-16T04:00,36.6,17.5,174.0,6.8,6.2,75.0,69,23.6,73,1007.4,9.4
2026-03-16T05:00,39.9,16.6,230.0,8.1,6.6,72.0,69,23.2,78,1007.1,11.2
2026-03-16T06:00,42.3,17.3,447.0,15.3,7.8,62.0,69,23.3,78,1007.5,11.0
2026-03-16T07:00,46.3,19.5,737.0,24.9,9.6,48.0,69,23.1,77,1008.1,10.5
2026-03-16T08:00,48.3,23.8,887.0,29.9,11.9,45.0,69,24.4,67,1008.7,9.1
2026-03-16T09:00,61.9,24.4,761.0,25.8,15.5,62.0,69,27.3,46,1009.3,7.9
2026-03-16T10:00,82.0,23.1,495.0,17.0,19.5,89.0,68,30.7,21,1009.7,11.0
2026-03-16T11:00,107.3,23.1,290.0,9.8,21.6,111.0,68,32.8,15,1009.3,10.4
2026-03-16T12:00,91.3,21.8,225.0,6.3,20.1,123.0,68,34.0,13,1008.6,11.2
2026-03-16T13:00,78.5,20.0,221.0,4.4,16.6,129.0,68,34.6,12,1007.6,12.8
2026-03-16T14:00,73.3,19.0,238.0,4.1,13.9,131.0,69,34.8,12,1006.8,14.2
2026-03-16T15:00,71.7,18.7,268.0,5.6,13.4,126.0,69,34.2,14,1006.0,15.3
2026-03-16T16:00,75.7,20.5,319.0,8.8,13.6,117.0,69,32.6,23,1005.6,15.4
2026-03-16T17:00,47.7,16.0,375.0,12.7,12.6,103.0,70,30.9,31,1005.5,14.3
2026-03-16T18:00,47.3,19.1,439.0,18.9,11.5,89.0,70,28.7,46,1005.7,13.8
2026-03-16T19:00,49.8,21.9,508.0,27.3,9.9,70.0,70,27.3,51,1006.0,13.5
2026-03-16T20:00,49.5,21.6,555.0,32.2,8.7,57.0,70,26.6,56,1006.5,11.9
2026-03-16T21:00,48.1,20.3,573.0,30.2,8.2,56.0,70,26.3,58,1007.0,12.0
2026-03-16T22:00,43.7,18.6,570.0,24.7,8.0,60.0,70,26.0,61,1007.7,11.1
2026-03-16T23:00,39.8,17.4,539.0,20.0,7.8,64.0,70,25.4,63,1008.0,9.3
2026-03-17T00:00,37.3,17.1,464.0,17.8,7.6,65.0,70,25.1,65,1007.7,8.8
2026-03-17T01:00,35.5,16.8,362.0,16.4,7.4,64.0,70,24.5,69,1007.5,7.7
2026-03-17T02:00,35.0,16.2,281.0,15.2,7.4,64.0,70,24.0,75,1006.8,7.8
2026-03-17T03:00,34.9,16.0,210.0,13.0,7.5,65.0,70,23.8,78,1006.5,9.1
2026-03-17T04:00,34.8,15.8,159.0,10.9,7.7,65.0,70,23.4,83,1006.2,9.2
2026-03-17T05:00,33.9,15.1,208.0,10.4,8.1,66.0,70,23.4,86,1006.2,10.2
2026-03-17T06:00,35.0,15.3,471.0,17.2,9.0,59.0,69,23.3,88,1006.4,9.9
2026-03-17T07:00,37.5,17.1,833.0,26.3,10.3,51.0,69,23.3,87,1006.7,8.0
2026-03-17T08:00,39.0,21.0,1026.0,30.9,12.2,52.0,69,24.4,81,1007.4,5.8
2026-03-17T09:00,47.8,20.2,881.0,26.8,15.1,70.0,69,26.4,67,1008.2,6.7
2026-03-17T10:00,53.1,20.1,568.0,18.3,18.6,97.0,69,28.3,55,1008.4,7.7
2026-03-17T11:00,53.9,20.6,329.0,11.3,21.0,118.0,68,28.9,54,1008.7,8.8
2026-03-17T12:00,52.2,20.5,265.0,8.0,21.7,130.0,68,28.9,59,1008.6,12.8
2026-03-17T13:00,49.6,19.9,274.0,6.3,21.3,136.0,68,28.8,59,1007.7,14.2
2026-03-17T14:00,46.4,18.7,296.0,5.8,20.4,136.0,68,28.7,58,1007.1,14.5
2026-03-17T15:00,43.2,17.6,313.0,6.3,18.7,128.0,68,28.2,61,1006.4,14.8
2026-03-17T16:00,40.5,16.8,342.0,7.9,16.5,114.0,68,28.0,63,1005.8,13.2
2026-03-17T17:00,34.2,14.4,376.0,11.5,16.4,105.0,68,27.4,65,1005.7,12.2
2026-03-17T18:00,30.4,14.8,418.0,17.9,14.9,90.0,72,26.6,71,1005.6,11.4
2026-03-17T19:00,27.5,16.6,465.0,26.9,12.8,70.0,70,25.7,80,1006.1,8.6
2026-03-17T20:00,27.9,17.2,501.0,34.2,11.5,53.0,67,25.4,86,1006.5,8.8
2026-03-17T21:00,28.5,18.2,513.0,38.3,11.8,45.0,66,25.2,88,1007.3,8.0
2026-03-17T22:00,29.9,20.0,514.0,40.7,12.8,40.0,66,25.0,89,1007.8,7.5
2026-03-17T23:00,31.5,22.1,521.0,42.0,13.5,37.0,66,25.0,91,1007.8,6.7
2026-03-18T00:00,32.1,23.0,547.0,42.0,13.3,34.0,67,24.8,92,1007.7,7.0
2026-03-18T01:00,31.8,23.2,579.0,40.8,12.7,33.0,67,24.5,93,1007.4,5.8
2026-03-18T02:00,35.0,25.7,603.0,39.9,12.5,31.0,68,24.2,95,1007.1,3.1
2026-03-18T03:00,39.3,28.8,596.0,39.9,12.9,28.0,68,23.7,97,1006.6,2.6
2026-03-18T04:00,45.3,33.8,580.0,40.1,13.7,24.0,69,23.4,98,1006.5,4.3
2026-03-18T05:00,38.3,29.9,609.0,28.0,12.6,37.0,71,23.1,98,1006.8,5.4
2026-03-18T06:00,47.3,38.2,747.0,32.0,13.4,29.0,72,23.0,97,1007.1,5.6
2026-03-18T07:00,56.2,47.7,929.0,37.1,14.7,20.0,74,23.0,96,1007.9,6.4
2026-03-18T08:00,50.3,43.5,1022.0,38.0,17.0,21.0,76,23.7,91,1008.5,7.8
2026-03-18T09:00,34.6,26.5,944.0,30.9,21.3,41.0,78,25.4,80,1009.8,3.1
2026-03-18T10:00,29.4,18.9,776.0,19.6,26.6,72.0,78,27.0,72,1009.8,7.9
2026-03-18T11:00,31.0,18.7,625.0,10.7,29.9,97.0,78,28.0,65,1010.0,9.6
2026-03-18T12:00,33.2,19.3,515.0,6.8,29.3,112.0,78,28.6,64,1010.4,7.8
2026-03-18T13:00,37.8,20.2,422.0,5.3,26.7,122.0,78,28.9,58,1009.9,3.9
2026-03-18T14:00,42.4,20.9,376.0,5.3,24.6,125.0,78,29.7,53,1008.7,5.5
2026-03-18T15:00,43.0,20.4,393.0,6.7,24.4,120.0,78,29.7,54,1007.5,12.7
2026-03-18T16:00,43.5,19.5,456.0,9.6,24.6,110.0,79,28.7,56,1006.9,11.2
2026-03-18T17:00,48.3,22.4,550.0,13.4,28.2,106.0,79,27.5,72,1006.4,15.9
2026-03-18T18:00,39.5,18.5,689.0,15.0,23.0,94.0,79,26.4,79,1006.8,17.8
2026-03-18T19:00,29.7,15.3,858.0,17.2,15.8,78.0,80,26.0,84,1007.0,12.9
2026-03-18T20:00,28.1,13.0,996.0,18.6,10.3,66.0,80,25.6,88,1007.6,7.9
2026-03-18T21:00,29.1,12.6,1104.0,18.0,8.2,64.0,79,25.4,90,1009.0,5.7
2026-03-18T22:00,31.4,13.6,1182.0,16.7,7.8,68.0,79,25.3,90,1010.0,7.5
2026-03-18T23:00,33.9,15.3,1159.0,16.4,8.1,68.0,78,24.0,75,1011.2,6.0
2026-03-19T00:00,39.0,19.2,959.0,18.9,9.2,61.0,78,23.1,74,1010.6,6.0
2026-03-19T01:00,36.0,19.5,660.0,22.4,11.0,51.0,77,23.0,76,1010.8,3.0
2026-03-19T02:00,33.9,18.5,426.0,24.3,12.2,45.0,77,22.6,78,1009.7,2.5
2026-03-19T03:00,31.8,17.9,272.0,22.3,12.0,45.0,77,22.9,88,1008.9,8.5
2026-03-19T04:00,32.7,18.1,183.0,18.5,11.3,49.0,76,22.5,92,1009.4,0.6
2026-03-19T05:00,36.7,19.3,281.0,21.4,13.5,36.0,74,21.4,88,1009.7,6.5
2026-03-19T06:00,36.4,18.8,772.0,28.6,13.8,28.0,74,20.5,90,1010.5,1.0
2026-03-19T07:00,40.7,21.8,1451.0,38.2,14.4,18.0,72,20.6,83,1011.7,1.0
2026-03-19T08:00,42.0,25.4,1824.0,42.8,15.8,18.0,70,21.2,88,1012.6,3.2
2026-03-19T09:00,46.7,27.3,1579.0,37.9,18.7,36.0,69,22.4,84,1013.2,2.9
2026-03-19T10:00,55.1,27.2,1028.0,27.9,22.4,64.0,69,24.0,77,1014.5,1.5
2026-03-19T11:00,77.3,28.1,618.0,19.3,25.3,90.0,69,21.6,82,1014.4,8.5
2026-03-19T12:00,90.6,29.7,552.0,14.0,26.5,112.0,70,21.8,81,1014.3,8.6
2026-03-19T13:00,103.1,32.9,625.0,9.9,27.0,131.0,71,23.0,76,1013.6,7.4
2026-03-19T14:00,114.3,36.9,673.0,7.6,27.6,145.0,72,24.0,70,1012.2,9.7
2026-03-19T15:00,125.7,40.2,586.0,5.9,29.3,154.0,73,24.3,70,1011.2,8.4
2026-03-19T16:00,132.7,41.9,473.0,5.9,31.1,156.0,75,24.4,68,1010.3,7.6
2026-03-19T17:00,74.5,23.5,495.0,10.7,22.7,110.0,77,25.8,57,1009.4,3.6
2026-03-19T18:00,77.1,25.1,811.0,26.9,22.9,86.0,77,25.4,59,1009.6,3.1
2026-03-19T19:00,75.2,33.9,1263.0,49.1,23.3,52.0,77,24.5,67,1010.4,5.7
2026-03-19T20:00,77.5,35.7,1535.0,65.3,23.6,27.0,79,23.7,70,1011.3,8.1
2026-03-19T21:00,87.3,40.7,1458.0,70.1,24.3,18.0,80,23.0,74,1012.1,6.1
2026-03-19T22:00,92.7,47.6,1202.0,68.8,25.1,17.0,83,22.3,81,1012.6,4.7
2026-03-19T23:00,77.3,44.2,961.0,65.8,24.7,18.0,85,21.5,77,1012.8,4.2
2026-03-20T00:00,68.7,35.7,796.0,61.7,22.0,21.0,88,21.3,78,1012.2,5.6
2026-03-20T01:00,70.1,34.2,647.0,55.8,18.2,26.0,89,21.1,77,1011.6,4.7
2026-03-20T02:00,74.0,35.2,529.0,50.5,15.5,30.0,90,20.9,80,1010.5,2.9
2026-03-20T03:00,73.3,35.2,387.0,46.0,14.9,31.0,91,20.5,82,1009.8,4.2
2026-03-20T04:00,72.9,35.2,276.0,42.1,15.4,30.0,93,19.7,85,1009.9,7.4
2026-03-20T05:00,59.5,34.5,376.0,55.4,17.0,16.0,94,19.0,92,1010.5,5.2
2026-03-20T06:00,62.2,35.2,941.0,55.4,18.9,14.0,95,18.8,92,1011.0,2.0
2026-03-20T07:00,66.6,38.3,1717.0,54.9,21.6,13.0,96,18.9,93,1011.5,1.2
2026-03-20T08:00,65.4,44.5,2118.0,50.5,24.0,22.0,98,20.6,87,1011.9,1.7
2026-03-20T09:00,64.3,28.8,1772.0,38.6,26.3,49.0,99,23.1,73,1012.4,1.8
2026-03-20T10:00,83.8,27.4,1052.0,22.8,28.4,86.0,99,24.6,67,1012.6,3.0
2026-03-20T11:00,109.2,31.1,491.0,10.7,28.8,114.0,99,25.9,55,1012.7,2.6
2026-03-20T12:00,113.4,32.9,310.0,5.6,26.0,126.0,100,26.8,53,1012.3,6.5
2026-03-20T13:00,109.0,32.9,289.0,4.2,21.5,128.0,100,26.7,58,1011.5,11.3
2026-03-20T14:00,105.2,32.2,302.0,4.1,18.3,127.0,100,26.4,60,1010.5,12.7
2026-03-20T15:00,102.9,31.9,311.0,4.3,17.9,123.0,100,26.3,59,1009.9,12.4
2026-03-20T16:00,97.8,31.2,353.0,5.8,18.7,115.0,99,26.3,60,1009.2,9.8
2026-03-20T17:00,72.9,24.9,418.0,9.1,20.4,116.0,98,26.0,61,1009.1,8.5
2026-03-20T18:00,62.6,23.3,531.0,16.1,18.4,97.0,98,25.1,67,1009.7,9.9
2026-03-20T19:00,50.9,23.1,667.0,25.7,15.6,71.0,98,24.1,74,1009.9,9.2
2026-03-20T20:00,48.5,23.1,738.0,32.6,13.5,51.0,97,23.7,78,1010.5,9.2
2026-03-20T21:00,47.8,23.2,688.0,34.6,12.7,45.0,96,23.5,80,1011.1,8.7
2026-03-20T22:00,47.1,23.3,573.0,33.9,12.5,45.0,95,23.4,82,1011.5,8.8
2026-03-20T23:00,46.6,23.6,470.0,32.3,12.1,46.0,93,23.7,86,1011.1,8.8
2026-03-21T00:00,46.1,23.9,404.0,30.0,11.0,47.0,91,24.1,87,1010.7,8.9
2026-03-21T01:00,45.5,23.3,350.0,26.8,9.6,48.0,90,23.9,89,1010.2,10.1
2026-03-21T02:00,44.0,21.9,311.0,23.6,8.6,50.0,89,23.7,90,1009.9,9.1
2026-03-21T03:00,41.4,20.5,265.0,19.7,8.0,52.0,88,23.5,91,1009.6,7.6
2026-03-21T04:00,38.8,19.1,234.0,15.8,7.7,54.0,87,23.6,90,1009.5,8.2
2026-03-21T05:00,36.3,17.2,288.0,13.1,7.6,55.0,86,23.4,90,1009.9,9.3
2026-03-21T06:00,35.4,17.5,532.0,20.2,8.8,47.0,85,23.0,92,1010.3,8.8
2026-03-21T07:00,37.1,20.0,860.0,29.6,10.6,37.0,83,22.9,93,1010.7,4.6
2026-03-21T08:00,40.7,25.5,1026.0,33.7,12.7,35.0,82,23.5,90,1011.4,4.0
2026-03-21T09:00,46.6,22.1,866.0,27.5,15.4,48.0,80,24.5,85,1011.9,4.2
2026-03-21T10:00,49.0,22.0,543.0,16.0,18.3,69.0,80,26.3,73,1012.1,6.8
2026-03-21T11:00,49.0,22.8,300.0,7.2,20.3,87.0,79,27.3,65,1011.9,7.5
2026-03-21T12:00,49.9,24.0,243.0,4.2,20.5,99.0,79,27.7,63,1012.0,8.6
2026-03-21T13:00,50.8,25.3,265.0,3.9,19.7,107.0,78,27.7,63,1011.7,11.4
2026-03-21T14:00,50.8,25.5,294.0,4.5,19.2,110.0,77,27.8,63,1011.1,10.9
2026-03-21T15:00,49.4,25.4,296.0,5.1,19.7,106.0,77,27.6,63,1010.2,10.9
2026-03-21T16:00,44.9,24.0,304.0,6.6,20.5,96.0,76,27.3,64,1010.1,13.7
2026-03-21T17:00,35.4,19.0,344.0,7.7,17.5,87.0,76,26.9,63,1010.1,10.9
2026-03-21T18:00,32.7,18.9,446.0,15.8,16.9,71.0,75,26.5,65,1010.6,9.4
2026-03-21T19:00,31.5,21.2,580.0,27.0,16.1,50.0,75,25.9,68,1011.1,9.0
2026-03-21T20:00,32.9,23.3,683.0,36.5,15.6,32.0,75,25.3,73,1011.8,9.1
2026-03-21T21:00,34.3,25.5,740.0,43.1,16.0,22.0,75,25.0,78,1012.4,8.8
2026-03-21T22:00,35.3,27.1,766.0,47.9,16.8,16.0,75,24.8,81,1012.7,8.4
2026-03-21T23:00,36.2,28.5,743.0,49.4,16.9,14.0,75,24.6,82,1013.0,9.0
2026-03-22T00:00,36.7,29.3,638.0,45.7,15.5,17.0,76,24.5,83,1012.8,8.8
2026-03-22T01:00,34.2,27.0,484.0,38.6,13.4,25.0,76,24.3,83,1012.5,7.4
2026-03-22T02:00,31.2,24.1,367.0,31.9,11.6,31.0,76,24.0,86,1012.0,7.0
2026-03-22T03:00,29.6,22.6,296.0,25.5,10.3,36.0,77,23.5,90,1011.8,6.5
2026-03-22T04:00,28.5,21.6,261.0,19.5,9.4,41.0,77,23.1,93,1012.1,4.9
2026-03-22T05:00,25.7,20.1,316.0,16.0,9.0,42.0,77,22.3,98,1011.9,1.9
2026-03-22T06:00,26.4,21.0,564.0,22.5,10.3,34.0,77,22.5,98,1012.4,0.5
2026-03-22T07:00,33.6,28.2,902.0,31.0,12.4,24.0,78,22.4,98,1013.1,4.0
2026-03-22T08:00,38.5,33.6,1077.0,34.7,15.9,25.0,78,23.5,91,1013.8,4.3
2026-03-22T09:00,35.6,25.6,926.0,28.9,22.3,47.0,79,25.1,79,1014.0,4.3
2026-03-22T10:00,43.8,26.1,613.0,18.3,30.0,80.0,79,26.5,70,1014.3,4.0
2026-03-22T11:00,54.6,28.8,368.0,10.1,35.0,106.0,79,27.1,64,1014.5,6.5
2026-03-22T12:00,58.7,28.8,286.0,7.4,35.0,117.0,80,27.7,61,1014.3,8.7
2026-03-22T13:00,53.2,28.1,274.0,7.1,32.1,121.0,80,28.8,55,1013.6,11.2
2026-03-22T14:00,44.8,26.4,283.0,7.8,29.0,118.0,80,29.0,52,1012.8,13.8
2026-03-22T15:00,36.2,23.6,305.0,8.6,26.2,108.0,81,28.5,55,1012.4,13.3
2026-03-22T16:00,31.4,22.0,348.0,10.4,23.1,92.0,80,28.2,59,1011.9,12.5
2026-03-22T17:00,34.6,25.4,388.0,12.2,19.0,79.0,80,27.0,64,1011.8,5.6
2026-03-22T18:00,31.7,24.6,421.0,18.3,17.8,67.0,81,26.4,71,1012.1,13.9
2026-03-22T19:00,30.6,25.2,450.0,26.7,16.2,51.0,81,25.7,75,1012.3,9.7
2026-03-22T20:00,31.2,25.9,465.0,33.4,15.0,38.0,81,25.0,79,1012.7,8.5
2026-03-22T21:00,31.1,26.1,460.0,37.2,14.8,31.0,82,24.5,83,1012.7,6.9
2026-03-22T22:00,31.3,26.7,439.0,39.2,14.9,27.0,82,24.1,86,1012.8,7.7
2026-03-22T23:00,31.2,26.8,406.0,38.9,14.6,26.0,82,24.3,84,1013.2,8.8
2026-03-23T00:00,29.9,25.7,352.0,35.0,13.3,28.0,82,24.1,84,1012.9,8.8
2026-03-23T01:00,27.2,23.3,285.0,28.8,11.5,33.0,81,23.9,85,1012.6,8.3
2026-03-23T02:00,24.0,20.4,233.0,23.0,10.0,38.0,81,23.5,86,1012.2,8.0
2026-03-23T03:00,20.7,17.4,193.0,18.2,9.0,42.0,81,23.4,86,1011.6,7.9
2026-03-23T04:00,17.8,14.8,169.0,13.8,8.3,45.0,80,23.4,85,1011.5,9.2
2026-03-23T05:00,19.9,16.4,200.0,15.1,9.4,40.0,80,23.2,87,1011.4,9.0
2026-03-23T06:00,18.9,15.7,349.0,16.5,10.4,40.0,79,23.3,87,1011.9,9.1
2026-03-23T07:00,20.1,17.0,552.0,18.2,12.0,41.0,79,23.1,89,1012.2,7.5
2026-03-23T08:00,20.4,16.4,662.0,18.3,14.1,47.0,78,24.2,83,1012.7,7.5
2026-03-23T09:00,19.8,14.8,583.0,15.4,17.5,64.0,77,25.9,72,1012.8,7.3
2026-03-23T10:00,21.9,14.2,411.0,10.8,21.4,86.0,76,27.6,59,1013.0,7.9
2026-03-23T11:00,22.9,13.4,277.0,7.2,23.7,103.0,75,29.3,49,1013.1,8.6
2026-03-23T12:00,23.8,12.7,236.0,5.3,22.8,112.0,74,30.3,45,1012.5,10.3
2026-03-23T13:00,24.3,12.3,234.0,4.2,20.3,115.0,73,30.7,45,1011.6,12.7
2026-03-23T14:00,24.1,12.0,245.0,4.1,18.4,115.0,71,30.3,48,1010.8,15.4
2026-03-23T15:00,24.4,11.9,261.0,4.8,18.3,111.0,70,29.7,51,1010.0,15.2
2026-03-23T16:00,25.4,12.1,290.0,6.3,18.9,103.0,69,29.3,51,1009.4,14.8
2026-03-23T17:00,18.0,10.3,324.0,9.9,19.1,96.0,68,28.1,55,1009.6,12.6
2026-03-23T18:00,17.3,11.1,370.0,18.0,17.6,79.0,67,27.1,61,1010.0,12.9
2026-03-23T19:00,18.0,13.6,422.0,28.9,15.4,55.0,66,25.8,73,1010.3,9.9
2026-03-23T20:00,18.7,13.6,453.0,35.4,13.5,39.0,65,25.3,80,1011.0,10.0
2026-03-23T21:00,18.7,12.6,452.0,33.4,12.2,38.0,64,24.9,85,1011.5,9.0
2026-03-23T22:00,18.2,11.7,430.0,27.1,11.3,45.0,63,24.7,86,1011.7,9.0
2026-03-23T23:00,17.5,11.4,395.0,21.6,10.4,51.0,62,24.6,89,1011.8,9.5
2026-03-24T00:00,16.6,11.3,337.0,18.8,9.6,52.0,61,24.6,89,1011.4,8.6
2026-03-24T01:00,15.8,11.0,266.0,16.9,9.0,51.0,60,24.4,91,1010.9,8.1
2026-03-24T02:00,14.7,10.4,213.0,15.0,8.5,50.0,59,24.1,92,1010.6,9.3
2026-03-24T03:00,13.4,9.5,184.0,12.3,8.0,50.0,58,23.8,94,1010.5,9.6
2026-03-24T04:00,12.5,8.6,173.0,9.6,7.7,50.0,57,24.0,92,1010.2,8.4
2026-03-24T05:00,11.1,8.2,195.0,9.4,7.8,48.0,57,24.1,93,1009.7,8.2
2026-03-24T06:00,12.5,8.7,281.0,13.2,8.4,43.0,56,24.2,93,1010.1,10.2
2026-03-24T07:00,15.7,11.4,399.0,18.3,9.4,38.0,56,24.1,92,1010.6,10.6
2026-03-24T08:00,18.7,13.2,467.0,21.7,11.3,37.0,55,25.0,84,1011.5,11.5
2026-03-24T09:00,22.1,14.8,431.0,22.1,14.8,44.0,55,26.4,74,1011.9,9.3
2026-03-24T10:00,26.6,15.5,344.0,20.8,19.2,56.0,55,28.3,60,1012.0,9.9
2026-03-24T11:00,32.2,17.3,286.0,18.6,22.7,72.0,55,29.8,50,1011.7,7.4
2026-03-24T12:00,35.9,17.8,294.0,14.8,24.7,97.0,55,29.1,49,1010.7,7.6
2026-03-24T13:00,36.9,17.9,330.0,10.1,25.8,126.0,56,29.7,46,1010.0,7.7
2026-03-24T14:00,37.1,19.3,360.0,7.1,25.9,142.0,56,29.6,52,1009.4,11.5
2026-03-24T15:00,36.6,20.1,367.0,6.5,24.5,138.0,57,28.7,61,1008.9,13.1
2026-03-24T16:00,33.6,18.5,368.0,7.6,22.1,121.0,58,29.4,55,1008.1,10.0
2026-03-24T17:00,28.7,16.2,385.0,11.3,24.6,115.0,58,29.2,61,1008.0,10.2
2026-03-24T18:00,27.6,16.7,439.0,16.7,21.5,93.0,58,27.9,65,1008.2,11.4
2026-03-24T19:00,23.5,16.5,509.0,24.1,17.1,62.0,59,26.7,73,1008.6,9.6
2026-03-24T20:00,22.1,14.8,556.0,28.6,13.6,40.0,59,26.0,82,1009.2,8.0
2026-03-24T21:00,21.9,14.5,572.0,27.9,11.9,35.0,59,25.5,87,1010.1,9.4
2026-03-24T22:00,21.9,14.0,565.0,24.3,11.0,39.0,59,25.2,89,1010.4,9.8
2026-03-24T23:00,22.3,13.5,524.0,20.3,10.2,43.0,60,25.3,90,1010.4,12.0
2026-03-25T00:00,22.9,13.2,421.0,16.4,9.0,46.0,60,25.3,91,1010.4,14.4
2026-03-25T01:00,23.1,12.6,283.0,12.1,7.9,49.0,60,25.2,91,1009.9,13.1
2026-03-25T02:00,22.0,11.9,183.0,8.7,7.1,52.0,60,24.9,92,1009.6,11.8
2026-03-25T03:00,19.9,11.1,131.0,6.2,6.5,54.0,60,24.8,91,1009.3,12.5
2026-03-25T04:00,19.3,10.7,116.0,4.7,6.2,56.0,60,24.9,88,1009.3,12.1
2026-03-25T05:00,18.9,11.3,183.0,7.6,7.6,49.0,60,24.3,86,1008.2,6.6
2026-03-25T06:00,21.8,12.2,423.0,12.5,9.0,43.0,61,24.0,88,1008.9,7.1
2026-03-25T07:00,27.0,15.9,744.0,19.0,11.1,36.0,61,24.1,86,1009.7,8.4
2026-03-25T08:00,35.3,19.4,912.0,22.1,13.4,36.0,61,25.2,78,1010.3,7.0
2026-03-25T09:00,53.4,21.0,773.0,18.6,16.5,50.0,62,27.6,61,1010.5,8.5
2026-03-25T10:00,65.7,22.3,480.0,11.8,19.7,71.0,62,29.5,46,1010.9,9.0
2026-03-25T11:00,72.6,23.8,258.0,6.4,21.2,87.0,63,30.1,46,1011.0,12.5
2026-03-25T12:00,72.9,23.7,200.0,4.1,19.1,91.0,63,30.5,43,1010.9,15.0
2026-03-25T13:00,73.6,23.6,212.0,3.2,15.2,90.0,64,30.5,41,1010.0,14.1
2026-03-25T14:00,75.2,23.5,235.0,3.3,12.5,86.0,64,30.3,40,1009.6,15.7
2026-03-25T15:00,75.9,23.6,253.0,3.5,12.5,81.0,65,30.1,39,1009.0,13.7
2026-03-25T16:00,75.9,23.9,282.0,4.6,13.7,73.0,65,29.4,43,1008.5,13.6
2026-03-25T17:00,71.0,22.5,315.0,7.9,13.6,63.0,65,28.0,58,1008.4,13.1
2026-03-25T18:00,67.3,23.2,353.0,16.5,14.1,51.0,66,26.9,68,1008.6,12.5
2026-03-25T19:00,58.2,25.1,395.0,28.4,14.8,35.0,66,26.1,76,1009.3,10.3
2026-03-25T20:00,57.0,27.5,432.0,38.1,15.4,22.0,67,26.0,75,1010.0,10.5
2026-03-25T21:00,56.5,29.7,466.0,43.6,15.8,15.0,68,25.9,71,1010.5,10.5
2026-03-25T22:00,55.9,31.0,497.0,46.9,16.0,12.0,69,25.7,73,1010.6,8.4
2026-03-25T23:00,55.5,31.7,510.0,47.7,15.7,11.0,70,25.7,73,1010.7,6.9
2026-03-26T00:00,54.1,31.0,502.0,45.4,14.6,13.0,72,25.7,74,1010.7,8.6
2026-03-26T01:00,51.7,29.7,478.0,40.6,13.1,17.0,73,25.4,75,1010.2,6.1
2026-03-26T02:00,48.9,28.2,437.0,35.1,11.7,22.0,75,25.3,77,1010.1,6.2
2026-03-26T03:00,45.8,26.4,358.0,28.1,10.4,29.0,76,25.1,77,1010.6,7.5
2026-03-26T04:00,42.7,23.8,263.0,20.4,9.3,38.0,77,24.8,78,1010.5,6.5
2026-03-26T05:00,37.5,21.4,218.0,16.3,9.2,38.0,78,24.8,80,1010.9,9.7
2026-03-26T06:00,37.0,21.8,277.0,22.8,10.3,32.0,79,25.0,78,1012.0,11.7
2026-03-26T07:00,40.0,25.5,386.0,31.3,11.9,23.0,80,25.0,78,1012.2,9.7
2026-03-26T08:00,43.9,27.6,448.0,34.9,14.2,24.0,80,24.8,78,1013.0,9.4
2026-03-26T09:00,47.8,25.4,408.0,28.7,18.0,41.0,81,25.3,75,1013.4,6.4
2026-03-26T10:00,49.2,24.3,321.0,17.5,22.5,66.0,81,28.0,60,1013.6,6.8
2026-03-26T11:00,53.9,25.1,252.0,8.7,25.3,87.0,82,29.8,50,1013.0,10.1
2026-03-26T12:00,60.5,27.5,224.0,5.3,24.9,102.0,82,30.3,47,1012.8,15.2
2026-03-26T13:00,61.7,27.4,214.0,4.2,22.8,113.0,82,30.1,48,1012.6,16.0
2026-03-26T14:00,58.9,26.1,217.0,4.2,20.9,117.0,82,30.3,46,1012.0,15.3
2026-03-26T15:00,55.8,24.8,238.0,4.4,19.9,111.0,82,29.6,50,1011.1,15.0
2026-03-26T16:00,51.9,23.4,272.0,5.6,19.2,99.0,83,29.1,52,1010.3,12.9
2026-03-26T17:00,33.5,15.6,303.0,7.9,16.6,77.0,83,28.3,52,1011.1,12.3
2026-03-26T18:00,31.4,16.1,323.0,13.6,16.4,65.0,82,27.5,56,1011.3,11.2
2026-03-26T19:00,28.3,17.6,340.0,21.5,16.0,48.0,81,26.4,64,1011.4,9.4
2026-03-26T20:00,28.9,18.5,354.0,27.7,15.6,35.0,81,25.7,71,1012.2,7.3
2026-03-26T21:00,29.1,19.5,371.0,31.2,15.3,29.0,80,25.4,75,1012.8,6.1
2026-03-26T22:00,29.4,20.5,385.0,33.0,15.0,26.0,79,25.2,77,1013.3,6.9
2026-03-26T23:00,29.3,20.7,386.0,32.7,14.3,26.0,79,25.4,81,1013.5,8.2
2026-03-27T00:00,28.8,20.7,363.0,29.1,13.0,29.0,78,25.4,81,1012.9,7.9
2026-03-27T01:00,27.4,19.4,326.0,23.3,11.3,35.0,77,25.2,83,1012.5,6.5
2026-03-27T02:00,25.4,17.5,293.0,18.2,9.9,40.0,76,24.7,85,1011.9,7.0
2026-03-27T03:00,23.4,15.8,254.0,14.3,8.9,43.0,75,24.3,88,1011.4,7.8
2026-03-27T04:00,21.2,14.6,219.0,11.0,8.1,45.0,74,24.0,90,1011.1,7.9
2026-03-27T05:00,21.0,14.9,239.0,12.2,8.8,41.0,74,23.7,93,1011.6,6.2
2026-03-27T06:00,19.6,14.5,372.0,13.9,9.8,40.0,73,23.7,93,1012.0,6.8
2026-03-27T07:00,21.7,16.6,560.0,16.1,11.4,38.0,73,23.7,93,1012.2,7.5
2026-03-27T08:00,23.1,16.8,678.0,16.7,13.6,43.0,72,24.9,86,1012.9,6.2
2026-03-27T09:00,24.4,16.2,665.0,14.2,17.0,58.0,71,26.7,75,1013.3,5.1
2026-03-27T10:00,27.4,16.5,583.0,10.0,21.0,78.0,70,28.7,60,1013.4,1.5
2026-03-27T11:00,28.3,16.5,494.0,6.7,23.8,96.0,70,30.0,54,1013.2,3.9
2026-03-27T12:00,29.0,16.6,406.0,5.1,24.6,111.0,69,30.8,52,1012.8,11.8
2026-03-27T13:00,33.5,18.2,311.0,4.4,24.1,124.0,68,30.7,52,1012.0,13.3
2026-03-27T14:00,38.9,19.3,245.0,4.3,22.6,127.0,67,31.0,49,1011.2,15.3
2026-03-27T15:00,30.0,16.6,229.0,4.7,19.7,113.0,67,30.1,54,1010.6,18.2
2026-03-27T16:00,21.9,11.8,241.0,5.8,15.8,90.0,66,28.9,59,1010.0,19.7
2026-03-27T17:00,3.9,3.7,254.0,7.0,13.3,72.0,65,27.8,66,1010.1,20.6
2026-03-27T18:00,3.7,3.5,261.0,10.6,12.9,63.0,64,27.1,70,1009.6,17.6
2026-03-27T19:00,5.0,4.5,268.0,15.7,12.3,50.0,63,26.3,75,1009.2,12.7
2026-03-27T20:00,7.4,6.1,269.0,19.2,11.8,41.0,62,25.8,81,1009.4,15.0
2026-03-27T21:00,10.0,6.7,262.0,20.3,11.7,37.0,61,25.7,81,1009.5,15.0
2026-03-27T22:00,13.2,7.6,249.0,19.9,11.6,37.0,60,25.4,83,1009.2,12.7
2026-03-27T23:00,15.3,8.0,231.0,18.3,11.1,38.0,59,25.4,84,1008.8,12.4
2026-03-28T00:00,14.6,7.1,202.0,14.7,9.7,42.0,58,25.3,86,1008.5,15.8
2026-03-28T01:00,12.2,5.7,167.0,9.9,7.8,48.0,57,25.1,87,1008.4,19.1
2026-03-28T02:00,9.6,4.7,141.0,6.2,6.4,52.0,56,25.0,87,1007.6,18.0
2026-03-28T03:00,7.0,4.3,127.0,4.5,5.8,52.0,55,24.8,87,1006.7,15.1
2026-03-28T04:00,7.0,4.5,123.0,3.9,5.6,51.0,54,24.8,87,1006.4,14.8
2026-03-28T05:00,6.2,4.3,136.0,5.0,6.4,49.0,54,25.0,83,1006.9,15.2
2026-03-28T06:00,8.2,4.8,182.0,6.4,6.9,48.0,53,25.0,82,1007.1,14.3
2026-03-28T07:00,12.0,6.5,246.0,8.2,7.6,46.0,52,25.1,80,1007.4,14.5
2026-03-28T08:00,17.2,8.3,283.0,8.9,8.4,48.0,51,26.1,73,1007.8,20.8
2026-03-28T09:00,19.7,8.4,269.0,7.5,9.2,56.0,50,27.2,66,1008.5,23.2
2026-03-28T10:00,23.6,9.1,228.0,5.1,10.1,67.0,50,28.0,64,1008.9,22.9
2026-03-28T11:00,26.3,10.2,198.0,3.3,10.6,76.0,48,29.1,54,1008.3,19.1
2026-03-28T12:00,29.3,11.1,191.0,2.7,10.7,81.0,46,29.5,55,1008.0,20.7
2026-03-28T13:00,34.7,11.8,194.0,2.8,10.5,83.0,45,30.3,48,1007.0,21.3
2026-03-28T14:00,41.2,12.8,202.0,3.1,10.2,82.0,44,30.1,47,1006.5,22.8
2026-03-28T15:00,48.2,13.1,219.0,3.5,9.8,76.0,42,29.4,50,1006.2,23.4
2026-03-28T16:00,51.3,12.0,240.0,4.2,9.3,66.0,41,28.1,62,1005.6,21.3
2026-03-28T17:00,37.5,9.2,252.0,6.1,9.3,58.0,41,27.8,60,1004.8,20.8
2026-03-28T18:00,24.6,7.2,245.0,7.6,9.1,53.0,43,27.0,66,1004.9,19.5
2026-03-28T19:00,12.7,6.4,228.0,9.7,8.8,47.0,44,26.3,72,1005.0,20.4
2026-03-28T20:00,9.9,6.3,214.0,10.9,8.5,43.0,44,26.1,72,1005.3,20.8
2026-03-28T21:00,10.2,6.2,210.0,10.6,8.3,44.0,44,25.9,71,1005.9,20.9
2026-03-28T22:00,17.5,7.4,209.0,9.4,8.1,47.0,44,25.8,70,1006.1,20.8
2026-03-28T23:00,37.8,12.1,203.0,8.0,7.7,54.0,44,26.2,68,1006.0,19.8
2026-03-29T00:00,55.8,18.2,185.0,6.5,7.0,66.0,45,26.0,66,1005.7,19.3
2026-03-29T01:00,60.8,22.2,161.0,4.9,6.1,81.0,47,25.6,67,1005.5,19.4
2026-03-29T02:00,56.2,22.5,145.0,3.7,5.5,93.0,50,25.3,72,1005.2,18.7
2026-03-29T03:00,49.0,20.7,137.0,3.0,5.2,97.0,52,25.1,68,1005.0,19.6
2026-03-29T04:00,43.5,18.8,138.0,2.8,5.0,98.0,53,24.9,70,1004.9,19.7
2026-03-29T05:00,38.2,17.8,157.0,3.6,5.6,96.0,54,24.6,73,1004.7,19.7
2026-03-29T06:00,36.9,17.0,217.0,5.6,6.7,96.0,55,24.8,71,1005.2,18.9
2026-03-29T07:00,36.6,17.5,297.0,8.2,8.1,96.0,56,24.7,69,1005.8,17.8
2026-03-29T08:00,40.3,18.0,342.0,9.5,9.4,100.0,57,25.7,62,1006.7,18.6
2026-03-29T09:00,36.2,16.4,320.0,8.2,10.2,112.0,58,26.8,54,1007.7,18.7
2026-03-29T10:00,31.0,14.8,264.0,5.6,10.8,129.0,58,28.0,44,1008.4,18.4
2026-03-29T11:00,29.2,13.4,222.0,3.6,11.2,141.0,59,28.5,55,1008.5,19.4
2026-03-29T12:00,33.2,13.6,211.0,3.0,11.3,144.0,59,29.2,53,1008.6,21.5
2026-03-29T13:00,40.2,14.7,213.0,3.0,11.2,143.0,61,29.0,53,1008.2,20.1
2026-03-29T14:00,47.7,15.9,222.0,3.3,11.1,140.0,71,29.1,48,1007.4,19.7
2026-03-29T15:00,56.1,17.1,240.0,3.7,10.9,137.0,80,28.9,43,1006.8,19.3
2026-03-29T16:00,67.3,18.7,266.0,4.5,10.7,132.0,89,28.5,39,1006.3,18.7
2026-03-29T17:00,73.8,18.9,290.0,6.2,10.8,124.0,96,27.7,42,1006.3,17.7
2026-03-29T18:00,68.7,18.9,311.0,9.7,11.5,119.0,98,26.8,50,1006.6,17.3
2026-03-29T19:00,55.1,18.1,330.0,14.5,12.5,111.0,96,26.0,56,1007.2,18.8
2026-03-29T20:00,45.3,18.5,339.0,17.9,13.0,105.0,90,25.7,62,1007.3,12.7
2026-03-29T21:00,42.4,18.7,337.0,19.0,12.6,101.0,82,25.3,65,1007.2,13.3
2026-03-29T22:00,42.5,19.1,325.0,18.7,11.7,99.0,73,25.0,68,1007.4,13.8
2026-03-29T23:00,45.1,19.8,304.0,17.6,10.6,98.0,66,25.2,64,1007.4,12.6
2026-03-30T00:00,48.1,20.3,266.0,15.4,9.4,99.0,67,25.4,65,1007.0,12.9
2026-03-30T01:00,50.5,20.3,219.0,12.3,8.1,102.0,67,25.5,58,1006.6,14.4
2026-03-30T02:00,51.3,20.1,185.0,9.8,7.1,105.0,67,25.2,60,1006.2,14.7
2026-03-30T03:00,49.7,19.7,170.0,8.1,6.6,108.0,67,24.9,65,1006.2,15.1
2026-03-30T04:00,44.7,18.9,169.0,6.9,6.5,110.0,67,24.8,66,1006.3,14.7
2026-03-30T05:00,36.4,17.1,189.0,5.7,6.5,115.0,67,24.0,62,1006.2,14.2
2026-03-30T06:00,32.7,17.1,254.0,7.3,8.0,115.0,66,23.8,62,1006.7,14.2
2026-03-30T07:00,33.1,19.0,342.0,9.4,10.0,116.0,66,23.8,63,1007.5,13.9
2026-03-30T08:00,39.8,20.3,389.0,10.3,11.5,119.0,67,24.7,61,1008.3,15.4
2026-03-30T09:00,41.6,20.2,357.0,8.7,12.1,127.0,67,25.7,56,1009.3,14.6
2026-03-30T10:00,43.2,20.5,284.0,5.8,12.2,138.0,67,26.6,50,1009.7,13.2
2026-03-30T11:00,44.6,20.7,230.0,3.6,12.1,145.0,68,27.5,48,1010.2,15.3
2026-03-30T12:00,45.1,20.3,217.0,2.8,11.7,147.0,76,27.9,43,1010.2,15.7
2026-03-30T13:00,45.9,19.6,222.0,2.7,11.2,145.0,84,28.2,40,1009.8,16.5
2026-03-30T14:00,45.8,19.2,232.0,3.1,11.0,143.0,90,28.3,38,1008.6,15.7
2026-03-30T15:00,44.8,18.7,245.0,3.6,11.4,141.0,96,28.0,38,1007.9,16.3
2026-03-30T16:00,43.3,18.1,264.0,4.6,12.2,138.0,102,27.6,39,1007.1,15.4
2026-03-30T17:00,34.0,14.5,286.0,6.6,13.0,133.0,106,26.7,42,1007.3,15.6
2026-03-30T18:00,34.8,15.5,314.0,10.4,13.7,124.0,107,25.7,47,1007.4,14.6
2026-03-30T19:00,34.2,17.9,346.0,15.5,14.6,110.0,104,24.8,54,1007.5,13.9
2026-03-30T20:00,39.9,20.1,366.0,18.9,15.0,101.0,96,24.7,57,1008.3,15.2
2026-03-30T21:00,42.5,20.4,371.0,19.2,14.7,98.0,87,24.5,60,1008.8,13.7
2026-03-30T22:00,43.4,21.3,366.0,17.9,13.9,99.0,77,24.4,60,1009.2,12.8
2026-03-30T23:00,44.9,22.1,347.0,16.0,12.8,101.0,69,24.2,57,1008.8,11.4
2026-03-31T00:00,47.5,22.5,306.0,13.5,11.4,104.0,69,24.1,58,1008.8,11.5
2026-03-31T01:00,51.8,23.1,251.0,10.5,9.7,108.0,70,23.9,61,1008.3,11.3
2026-03-31T02:00,57.2,24.1,212.0,8.2,8.4,111.0,70,23.9,61,1007.7,12.8
2026-03-31T03:00,62.2,25.2,184.0,6.2,7.7,112.0,70,23.7,59,1007.4,12.9
2026-03-31T04:00,62.6,25.5,172.0,5.0,7.4,111.0,70,23.4,62,1007.6,12.6
2026-03-31T05:00,53.2,23.0,214.0,5.5,7.3,114.0,71,23.4,64,1007.3,8.2
2026-03-31T06:00,52.4,23.4,378.0,11.9,8.5,106.0,71,23.4,65,1008.1,9.3
2026-03-31T07:00,53.1,26.6,597.0,20.5,10.1,94.0,72,23.6,64,1009.0,8.7
2026-03-31T08:00,56.1,27.9,709.0,24.8,11.8,91.0,73,24.6,60,1009.9,8.9
2026-03-31T09:00,58.9,24.7,608.0,20.6,13.5,103.0,73,25.8,52,1010.5,10.2
2026-03-31T10:00,55.4,23.8,402.0,12.2,15.2,122.0,73,26.7,47,1010.9,11.3
2026-03-31T11:00,53.3,23.7,247.0,5.8,16.2,136.0,74,26.5,45,1010.9,12.3
2026-03-31T12:00,50.4,22.8,214.0,4.0,16.1,140.0,74,27.3,45,1010.4,12.4
2026-03-31T13:00,48.7,22.3,233.0,4.1,15.3,140.0,74,27.4,45,1010.0,12.4
2026-03-31T14:00,47.4,22.3,255.0,4.6,14.5,138.0,74,27.3,46,1009.0,12.5
2026-03-31T15:00,45.8,22.3,266.0,4.8,13.7,137.0,75,27.4,45,1008.3,13.7
2026-03-31T16:00,43.3,21.5,281.0,5.3,12.9,135.0,81,27.2,46,1007.6,14.6
2026-03-31T17:00,39.2,19.7,293.0,6.8,13.5,132.0,90,26.5,49,1007.6,13.1
2026-03-31T18:00,38.6,20.0,292.0,9.3,13.6,126.0,96,25.8,55,1008.0,14.3
2026-03-31T19:00,36.9,20.7,289.0,12.9,13.8,118.0,97,25.1,58,1008.7,13.9
2026-03-31T20:00,41.0,22.5,309.0,16.5,14.0,110.0,93,25.1,57,1008.9,13.0
2026-03-31T21:00,45.3,24.5,385.0,20.4,14.4,101.0,87,25.0,56,1009.7,12.2
2026-03-31T22:00,48.5,26.6,484.0,24.3,14.7,92.0,79,24.7,58,1009.9,9.2
2026-03-31T23:00,51.3,28.9,538.0,25.9,14.5,87.0,77,24.5,62,1010.1,9.7
2026-04-01T00:00,53.0,29.6,508.0,23.3,13.2,89.0,78,24.5,64,1009.6,8.9
2026-04-01T01:00,51.9,27.8,432.0,18.4,11.4,94.0,78,24.5,65,1009.2,8.4
2026-04-01T02:00,49.5,25.5,358.0,14.3,9.9,98.0,79,24.0,68,1008.5,7.3
2026-04-01T03:00,45.8,23.6,281.0,11.6,9.0,98.0,79,23.9,69,1008.1,8.8
2026-04-01T04:00,41.6,22.0,206.0,9.8,8.4,96.0,79,23.4,72,1007.9,8.4
2026-04-01T05:00,39.5,21.8,197.0,11.7,8.5,91.0,78,24.0,70,1008.2,9.4
2026-04-01T06:00,36.9,21.0,329.0,17.2,9.3,87.0,78,23.9,70,1008.4,10.1
2026-04-01T07:00,38.2,23.7,527.0,24.5,10.6,82.0,78,23.7,72,1008.8,9.4
2026-04-01T08:00,41.1,25.4,634.0,27.6,12.3,85.0,78,24.9,67,1009.6,9.9
2026-04-01T09:00,40.0,21.7,552.0,22.5,15.0,102.0,78,26.4,58,1010.2,13.3
2026-04-01T10:00,38.0,20.4,378.0,13.2,18.1,127.0,77,27.4,53,1010.5,13.4
2026-04-01T11:00,37.0,19.8,249.0,6.1,19.9,144.0,77,27.9,50,1010.8,15.3
2026-04-01T12:00,36.4,18.6,225.0,3.8,19.2,146.0,77,28.5,48,1010.8,14.9
2026-04-01T13:00,35.6,16.9,245.0,3.7,17.2,141.0,76,28.6,48,1010.0,14.8
2026-04-01T14:00,36.6,16.0,267.0,4.2,15.7,134.0,76,29.0,44,1009.1,13.3
2026-04-01T15:00,34.9,14.8,277.0,4.8,15.6,126.0,76,28.9,44,1007.8,12.8
2026-04-01T16:00,34.5,14.3,288.0,5.9,16.0,116.0,80,28.0,50,1007.0,14.9
2026-04-01T17:00,43.4,18.1,300.0,8.2,16.6,105.0,87,27.0,56,1007.7,15.9
2026-04-01T18:00,42.0,17.7,311.0,10.9,16.0,97.0,88,26.3,60,1007.9,15.4
2026-04-01T19:00,39.8,17.9,322.0,14.8,15.0,85.0,81,25.6,63,1008.3,12.5
2026-04-01T20:00,39.0,19.2,334.0,18.0,14.3,75.0,74,25.2,66,1008.9,12.3
2026-04-01T21:00,39.0,20.0,357.0,20.1,14.0,70.0,74,24.9,70,1009.5,10.8
2026-04-01T22:00,39.6,20.7,382.0,21.6,13.8,66.0,73,24.7,73,1009.8,9.1
2026-04-01T23:00,40.0,21.3,381.0,22.2,13.4,64.0,73,24.7,76,1009.3,8.5
2026-04-02T00:00,39.7,21.3,326.0,21.1,12.4,63.0,72,24.9,77,1009.4,11.5
2026-04-02T01:00,38.9,20.7,245.0,19.1,11.1,62.0,72,25.0,76,1009.6,11.7
2026-04-02T02:00,38.3,20.5,191.0,17.8,10.3,60.0,71,24.6,78,1008.6,7.7
2026-04-02T03:00,38.8,21.0,181.0,17.7,10.1,55.0,71,24.2,80,1008.4,4.3
2026-04-02T04:00,41.4,22.1,197.0,18.4,10.4,50.0,70,23.6,83,1007.8,6.5
2026-04-02T05:00,36.1,18.7,239.0,14.3,9.5,58.0,70,23.2,86,1008.5,1.6
2026-04-02T06:00,38.0,19.6,329.0,16.4,10.4,60.0,70,23.4,85,1008.1,1.2
2026-04-02T07:00,42.6,22.9,445.0,19.3,11.9,63.0,70,23.2,87,1009.0,6.9
2026-04-02T08:00,61.7,23.3,521.0,20.6,13.6,67.0,70,23.8,79,1010.1,12.8
2026-04-02T09:00,69.2,24.2,522.0,19.0,15.8,71.0,70,21.4,82,1011.5,15.1
2026-04-02T10:00,79.2,25.4,483.0,15.8,18.3,76.0,70,21.5,81,1012.4,10.7
2026-04-02T11:00,95.9,27.5,447.0,13.1,20.8,82.0,70,23.8,74,1011.9,4.9
2026-04-02T12:00,101.3,28.8,428.0,11.2,23.7,89.0,71,24.3,72,1012.1,8.7
2026-04-02T13:00,110.8,31.5,413.0,9.8,26.5,97.0,72,24.0,73,1011.3,11.0
2026-04-02T14:00,115.9,33.2,403.0,9.2,27.5,101.0,73,24.3,75,1010.6,10.7
2026-04-02T15:00,114.8,32.8,400.0,9.4,25.1,99.0,74,21.8,82,1010.4,6.5
2026-04-02T16:00,103.1,29.4,404.0,10.5,20.8,93.0,76,23.9,73,1009.2,8.3
2026-04-02T17:00,59.5,21.0,413.0,11.5,14.9,90.0,77,20.3,86,1009.9,1.7
2026-04-02T18:00,57.0,20.9,433.0,16.1,14.5,83.0,77,20.5,86,1009.2,7.2
2026-04-02T19:00,51.7,21.2,460.0,22.4,14.1,73.0,77,20.5,86,1008.9,1.9
2026-04-02T20:00,35.0,17.8,477.0,26.3,14.4,66.0,78,20.5,85,1009.4,1.6
2026-04-02T21:00,25.6,12.4,467.0,25.2,16.2,66.0,78,20.6,85,1010.0,1.3
2026-04-02T22:00,21.7,11.3,449.0,21.7,18.6,69.0,77,20.5,87,1010.5,4.4
2026-04-02T23:00,21.1,12.0,462.0,19.3,20.2,70.0,76,18.2,92,1011.1,21.7
2026-04-03T00:00,20.7,12.4,541.0,19.4,19.8,67.0,75,19.2,89,1010.3,6.4
2026-04-03T01:00,20.4,13.2,653.0,20.6,18.5,63.0,75,19.2,91,1009.9,6.0
2026-04-03T02:00,20.5,13.3,736.0,21.7,17.9,59.0,74,19.6,90,1009.2,7.6
2026-04-03T03:00,21.2,13.1,742.0,22.2,18.8,56.0,74,18.8,91,1008.4,7.6
2026-04-03T04:00,21.3,13.6,720.0,22.6,20.5,52.0,73,17.9,94,1008.0,8.1
2026-04-03T05:00,26.0,14.6,754.0,19.1,16.3,53.0,72,17.7,95,1008.8,7.4
2026-04-03T06:00,27.2,16.4,944.0,22.1,20.4,50.0,72,17.8,93,1009.1,6.7
2026-04-03T07:00,29.2,19.7,1190.0,26.1,26.1,46.0,72,18.1,91,1009.6,4.7
2026-04-03T08:00,30.6,19.7,1277.0,27.1,30.2,49.0,71,19.1,87,1010.3,4.1
2026-04-03T09:00,27.0,16.3,1051.0,22.5,31.8,63.0,71,20.8,78,1011.0,2.7
2026-04-03T10:00,23.3,13.6,666.0,15.0,32.0,83.0,71,22.6,71,1011.2,3.6
2026-04-03T11:00,21.9,12.5,370.0,9.0,30.5,100.0,70,24.1,61,1011.6,8.3
2026-04-03T12:00,21.9,12.2,269.0,6.1,26.4,112.0,68,24.9,54,1011.0,11.3
2026-04-03T13:00,22.5,12.0,257.0,4.6,20.6,120.0,67,25.3,52,1010.5,12.6
2026-04-03T14:00,22.0,10.7,264.0,4.0,16.2,124.0,66,25.3,52,1009.5,12.9
2026-04-03T15:00,23.0,10.4,268.0,3.8,14.7,122.0,64,25.4,51,1008.6,12.9
2026-04-03T16:00,23.4,10.5,291.0,4.5,14.5,115.0,62,24.9,54,1008.1,13.5
2026-04-03T17:00,29.7,12.7,334.0,6.6,12.1,104.0,61,24.5,64,1007.8,12.8
2026-04-03T18:00,30.6,13.7,414.0,11.7,12.3,91.0,60,24.0,66,1007.7,11.5
2026-04-03T19:00,29.9,15.8,514.0,18.9,12.7,73.0,59,23.4,69,1008.2,10.1
2026-04-03T20:00,32.7,18.2,581.0,25.5,13.0,58.0,59,23.3,72,1008.5,10.2
2026-04-03T21:00,35.2,20.7,595.0,31.7,13.5,49.0,59,23.2,74,1009.5,9.2
2026-04-03T22:00,37.4,23.9,577.0,37.2,13.9,44.0,60,23.1,76,1010.0,7.8
2026-04-03T23:00,37.7,24.9,532.0,38.9,13.7,44.0,61,23.2,71,1009.8,6.8
2026-04-04T00:00,35.9,23.5,444.0,33.8,12.2,52.0,62,23.3,69,1009.5,7.4
2026-04-04T01:00,32.4,21.1,330.0,24.9,9.9,65.0,63,22.9,69,1009.4,6.6
2026-04-04T02:00,28.3,18.5,246.0,17.7,8.3,75.0,63,22.5,68,1008.7,8.0
2026-04-04T03:00,24.4,16.4,181.0,13.2,7.6,79.0,64,22.1,68,1008.5,9.2
2026-04-04T04:00,21.7,15.1,147.0,10.3,7.5,80.0,64,21.7,70,1008.6,9.7
2026-04-04T05:00,24.5,15.9,234.0,12.3,8.4,79.0,64,21.4,80,1008.9,7.3
2026-04-04T06:00,24.8,16.9,586.0,20.6,10.4,73.0,64,20.9,84,1009.2,5.9
2026-04-04T07:00,31.5,23.2,1059.0,31.7,13.2,65.0,64,20.5,87,1009.8,4.9
2026-04-04T08:00,31.0,23.9,1310.0,36.6,15.6,67.0,64,21.8,85,1010.3,2.7
2026-04-04T09:00,27.9,17.3,1121.0,29.4,17.3,89.0,65,24.0,74,1010.9,2.2
2026-04-04T10:00,32.5,15.8,709.0,16.1,18.5,122.0,65,25.7,65,1011.0,4.5
2026-04-04T11:00,36.0,15.7,386.0,5.9,18.6,145.0,65,27.0,56,1010.9,7.6
2026-04-04T12:00,35.9,14.7,278.0,2.8,16.7,150.0,65,27.5,53,1010.8,11.9
2026-04-04T13:00,34.1,13.6,259.0,2.9,13.6,145.0,65,27.5,51,1010.4,14.3
2026-04-04T14:00,29.8,12.7,262.0,3.5,11.4,139.0,65,27.5,50,1009.6,14.4
2026-04-04T15:00,27.7,12.6,269.0,3.5,10.9,135.0,66,27.4,48,1008.6,14.5
2026-04-04T16:00,26.9,12.9,298.0,4.1,11.3,130.0,78,26.9,50,1008.1,14.1
2026-04-04T17:00,21.2,10.7,333.0,6.5,11.8,124.0,91,25.7,53,1008.7,14.2
2026-04-04T18:00,22.8,11.7,380.0,12.3,11.9,112.0,98,24.9,58,1009.0,12.8
2026-04-04T19:00,22.9,14.1,433.0,20.2,12.1,96.0,96,24.0,66,1009.3,12.5
2026-04-04T20:00,24.5,16.1,460.0,26.0,12.1,84.0,86,23.8,68,1009.7,14.0
2026-04-04T21:00,24.9,16.6,440.0,27.8,11.8,79.0,72,23.7,68,1009.9,13.6
2026-04-04T22:00,25.0,17.3,393.0,27.4,11.3,78.0,65,23.8,69,1010.9,13.8
2026-04-04T23:00,24.6,17.3,348.0,26.0,10.6,78.0,65,24.1,68,1010.7,12.2
2026-04-05T00:00,23.3,16.3,313.0,23.5,9.6,77.0,64,24.0,68,1010.4,10.6
2026-04-05T01:00,22.4,15.7,281.0,20.1,8.4,77.0,63,23.6,71,1010.3,8.6
2026-04-05T02:00,22.7,16.1,256.0,17.5,7.8,76.0,63,23.2,73,1009.7,7.5
2026-04-05T03:00,22.8,16.3,205.0,15.6,7.8,73.0,63,22.9,75,1009.5,7.6
2026-04-05T04:00,22.8,16.4,161.0,14.6,8.4,69.0,63,22.6,76,1009.3,7.4
2026-04-05T05:00,18.7,14.2,231.0,12.0,8.2,71.0,63,22.1,83,1009.7,7.9
2026-04-05T06:00,19.7,15.6,558.0,22.1,10.6,62.0,63,22.4,81,1009.9,6.7
2026-04-05T07:00,28.8,24.3,998.0,35.5,14.1,51.0,63,22.4,81,1010.3,6.2
2026-04-05T08:00,32.0,27.4,1226.0,41.6,17.1,52.0,63,23.4,79,1011.1,5.2
2026-04-05T09:00,29.0,20.7,1031.0,33.3,19.5,76.0,63,24.8,71,1011.3,5.4
2026-04-05T10:00,29.1,19.1,624.0,17.7,21.6,113.0,63,26.4,62,1011.6,6.3
2026-04-05T11:00,29.9,18.8,315.0,5.9,22.4,140.0,64,26.9,56,1011.9,9.3
2026-04-05T12:00,29.0,17.6,236.0,2.5,21.2,149.0,64,26.9,56,1011.8,10.5
2026-04-05T13:00,27.8,16.6,255.0,2.9,18.7,148.0,64,27.0,55,1011.1,9.7
2026-04-05T14:00,27.2,16.1,283.0,4.0,16.9,145.0,64,27.1,54,1009.9,9.4
2026-04-05T15:00,26.3,15.4,282.0,4.3,16.5,142.0,65,27.7,52,1009.3,11.4
2026-04-05T16:00,26.0,15.1,291.0,5.2,16.8,136.0,72,26.6,59,1008.6,12.5
2026-04-05T17:00,27.7,15.7,338.0,8.9,19.5,131.0,90,26.4,53,1008.8,11.4
2026-04-05T18:00,28.5,16.5,454.0,15.5,18.2,114.0,101,25.5,58,1008.8,11.7
2026-04-05T19:00,28.3,19.0,607.0,24.8,16.4,91.0,102,24.7,64,1009.1,9.7
2026-04-05T20:00,29.8,20.6,738.0,32.6,15.0,72.0,91,24.1,69,1009.4,9.8
2026-04-05T21:00,31.3,21.8,846.0,38.0,14.4,61.0,75,23.9,70,1010.0,9.1
2026-04-05T22:00,33.5,23.8,931.0,41.8,14.2,55.0,67,23.6,73,1010.2,7.7
2026-04-05T23:00,36.2,25.8,929.0,42.8,13.6,52.0,67,23.8,76,1010.3,7.8
2026-04-06T00:00,37.5,26.2,773.0,39.4,12.1,54.0,68,24.0,76,1010.2,9.6
2026-04-06T01:00,37.1,24.9,531.0,33.1,10.3,58.0,69,23.8,77,1009.7,9.5
2026-04-06T02:00,36.6,23.5,340.0,27.2,8.8,63.0,69,23.6,79,1009.2,8.8
2026-04-06T03:00,36.6,22.2,238.0,22.1,8.0,66.0,70,23.6,79,1008.8,8.9
2026-04-06T04:00,36.6,21.3,188.0,17.5,7.5,69.0,71,23.5,78,1008.6,8.2
2026-04-06T05:00,37.7,21.3,214.0,17.5,8.2,66.0,71,23.3,79,1008.6,8.8
2026-04-06T06:00,41.2,22.0,392.0,19.4,9.2,69.0,71,23.5,77,1009.0,10.3
2026-04-06T07:00,44.2,24.4,647.0,21.8,10.6,73.0,72,23.7,76,1009.3,8.7
2026-04-06T08:00,49.5,24.2,779.0,21.9,12.0,79.0,72,25.0,71,1009.8,7.4
2026-04-06T09:00,52.3,22.5,662.0,17.3,13.8,91.0,72,26.3,64,1010.1,13.2
2026-04-06T10:00,52.3,21.9,423.0,10.4,15.6,104.0,72,27.4,59,1010.5,14.0
2026-04-06T11:00,64.3,23.6,244.0,5.1,16.2,113.0,72,27.4,59,1010.8,13.4
2026-04-06T12:00,83.8,26.1,202.0,3.1,14.7,112.0,72,28.2,57,1010.4,16.5
2026-04-06T13:00,77.8,24.7,219.0,2.7,12.0,107.0,73,28.5,56,1009.8,18.6
2026-04-06T14:00,75.7,24.0,247.0,2.9,9.9,100.0,74,28.6,57,1008.7,19.0
2026-04-06T15:00,69.2,22.2,278.0,3.5,9.0,93.0,74,28.1,61,1007.7,20.9
2026-04-06T16:00,57.4,20.4,320.0,4.8,8.6,85.0,75,27.7,63,1007.2,22.5
2026-04-06T17:00,51.3,18.7,345.0,5.7,8.4,81.0,75,26.8,70,1007.0,20.9
2026-04-06T18:00,41.9,17.2,337.0,8.1,8.4,75.0,76,26.3,74,1006.9,20.9
2026-04-06T19:00,35.7,17.2,312.0,11.3,8.3,68.0,76,25.7,81,1007.0,17.8
2026-04-06T20:00,35.2,17.5,288.0,13.3,8.1,62.0,76,25.5,86,1007.2,19.4
2026-04-06T21:00,33.4,17.1,274.0,12.9,7.8,60.0,75,25.4,87,1007.7,19.2
2026-04-06T22:00,33.9,17.1,261.0,11.2,7.3,59.0,75,25.3,88,1007.8,18.9
2026-04-06T23:00,33.9,17.1,244.0,9.5,6.9,59.0,74,25.4,90,1007.5,21.5
2026-04-07T00:00,33.2,16.8,218.0,7.9,6.4,59.0,74,25.2,91,1007.5,20.6
2026-04-07T01:00,31.5,16.1,188.0,6.2,5.9,60.0,73,25.4,88,1007.1,19.7
2026-04-07T02:00,30.2,15.4,166.0,4.9,5.5,61.0,72,25.2,88,1006.7,18.1
2026-04-07T03:00,28.9,14.7,151.0,4.0,5.2,62.0,72,25.0,89,1006.2,15.5
2026-04-07T04:00,29.3,14.4,144.0,3.4,5.1,64.0,71,24.8,91,1005.8,14.1
2026-04-07T05:00,37.0,15.3,161.0,4.2,5.6,66.0,70,24.9,88,1005.9,17.5
2026-04-07T06:00,38.0,15.8,228.0,5.8,6.6,66.0,70,24.9,84,1006.0,18.5
2026-04-07T07:00,43.2,17.7,318.0,8.0,8.0,66.0,70,25.0,82,1006.1,18.5
2026-04-07T08:00,59.0,21.2,370.0,9.0,9.2,72.0,69,25.7,81,1006.9,15.8
2026-04-07T09:00,65.0,24.0,343.0,7.7,9.8,88.0,69,26.9,67,1007.4,17.7
2026-04-07T10:00,62.4,25.4,278.0,5.2,10.2,109.0,69,27.8,60,1007.5,19.6
2026-04-07T11:00,61.7,25.8,229.0,3.4,10.5,125.0,69,28.8,53,1007.8,21.5
2026-04-07T12:00,69.2,27.4,219.0,2.8,10.7,133.0,69,29.2,52,1007.6,20.5
2026-04-07T13:00,80.3,29.3,227.0,2.8,10.7,137.0,69,29.3,52,1006.8,19.2
2026-04-07T14:00,88.9,31.0,241.0,3.3,10.9,138.0,70,29.1,54,1006.0,18.6
2026-04-07T15:00,91.0,31.4,260.0,3.8,11.3,137.0,70,28.9,51,1005.2,18.3
2026-04-07T16:00,85.9,31.0,286.0,4.8,11.7,132.0,71,28.5,51,1004.7,17.9
2026-04-07T17:00,72.6,27.9,316.0,7.3,11.6,124.0,79,27.6,58,1004.6,17.5
2026-04-07T18:00,52.4,24.3,350.0,11.9,11.5,109.0,87,26.5,67,1004.5,17.3
2026-04-07T19:00,38.9,22.6,388.0,18.3,11.4,88.0,87,25.7,72,1004.5,16.9
2026-04-07T20:00,36.9,23.4,424.0,22.7,11.2,73.0,79,25.4,74,1004.8,17.3
2026-04-07T21:00,35.9,23.9,469.0,23.6,11.1,69.0,74,25.1,82,1005.2,15.1
2026-04-07T22:00,35.2,23.9,513.0,22.6,10.9,70.0,75,24.7,85,1005.8,11.0
2026-04-07T23:00,34.5,23.7,522.0,20.9,10.5,74.0,75,24.8,85,1005.9,11.2
2026-04-08T00:00,33.4,23.2,465.0,18.4,9.7,79.0,76,24.7,83,1006.3,10.3
2026-04-08T01:00,32.0,22.6,373.0,15.2,8.8,86.0,76,24.1,84,1005.9,7.7
2026-04-08T02:00,30.7,22.1,299.0,12.4,8.0,93.0,77,23.7,88,1005.3,9.3
2026-04-08T03:00,30.0,21.7,243.0,10.2,7.3,98.0,77,23.5,90,1005.1,10.2
2026-04-08T04:00,29.6,21.5,206.0,8.4,6.8,103.0,78,23.4,89,1004.8,10.5
2026-04-08T05:00,29.1,21.2,247.0,6.4,7.0,115.0,78,23.2,89,1004.6,8.3
2026-04-08T06:00,28.9,21.7,445.0,9.8,8.3,112.0,79,23.2,89,1005.1,7.3
2026-04-08T07:00,31.5,24.2,721.0,14.2,10.4,110.0,79,23.4,89,1005.8,6.1
2026-04-08T08:00,35.6,25.1,895.0,16.7,13.6,113.0,80,24.7,82,1006.7,2.9
2026-04-08T09:00,45.8,26.3,872.0,15.2,19.3,128.0,80,26.2,69,1007.4,2.6
2026-04-08T10:00,64.3,30.3,747.0,11.7,26.3,148.0,80,27.8,59,1007.8,2.7
2026-04-08T11:00,85.9,35.7,628.0,8.6,31.0,167.0,81,28.6,57,1008.1,6.1
2026-04-08T12:00,105.2,40.2,545.0,6.6,31.8,184.0,81,28.9,59,1008.0,9.5
2026-04-08T13:00,115.5,41.7,468.0,5.1,30.3,198.0,96,29.0,60,1007.6,12.0
2026-04-08T14:00,116.2,41.2,415.0,4.8,28.3,203.0,113,28.8,58,1007.1,12.9
2026-04-08T15:00,106.6,39.2,390.0,5.8,26.1,192.0,133,28.5,59,1006.5,13.9
2026-04-08T16:00,97.8,36.9,390.0,7.9,23.3,171.0,150,28.3,60,1005.9,13.0
2026-04-08T17:00,80.6,32.1,419.0,9.8,18.6,139.0,159,27.6,64,1005.6,11.9
2026-04-08T18:00,72.4,30.7,498.0,16.7,17.0,122.0,161,26.7,72,1005.8,12.1
2026-04-08T19:00,57.0,30.3,606.0,26.2,14.9,98.0,157,25.7,80,1006.3,9.7
2026-04-08T20:00,56.1,31.3,687.0,33.3,13.2,80.0,145,25.1,84,1006.8,9.2
2026-04-08T21:00,55.9,32.1,712.0,35.8,12.6,74.0,122,24.8,85,1007.4,8.2
2026-04-08T22:00,56.0,33.4,709.0,35.9,12.6,73.0,96,24.4,87,1007.9,5.6
2026-04-08T23:00,56.9,34.9,704.0,35.2,12.5,73.0,89,24.4,89,1008.4,5.4
2026-04-09T00:00,57.5,36.0,707.0,34.1,11.9,71.0,90,24.2,90,1008.6,4.7
2026-04-09T01:00,63.3,39.0,708.0,32.2,11.3,70.0,91,23.6,93,1008.6,5.9
2026-04-09T02:00,66.1,41.4,702.0,30.3,11.2,68.0,92,23.0,95,1008.4,5.6
2026-04-09T03:00,65.2,40.5,667.0,27.7,11.7,65.0,93,22.5,97,1008.2,4.2
2026-04-09T04:00,66.1,39.9,625.0,25.0,12.7,61.0,95,22.1,99,1008.4,2.5
2026-04-09T05:00,71.9,43.3,640.0,22.8,12.4,66.0,96,22.1,99,1008.8,2.6
2026-04-09T06:00,81.0,50.1,773.0,27.2,14.1,66.0,98,21.9,99,1009.5,4.3
2026-04-09T07:00,90.8,58.9,962.0,32.9,16.7,68.0,100,21.7,98,1010.4,3.3
2026-04-09T08:00,78.2,45.6,1084.0,35.0,20.4,79.0,104,22.8,89,1010.9,0.8
2026-04-09T09:00,92.4,43.5,1087.0,30.1,26.7,108.0,106,25.1,72,1011.4,1.4
2026-04-09T10:00,112.2,44.9,1024.0,21.6,34.0,146.0,108,27.7,56,1011.7,4.6
2026-04-09T11:00,124.3,47.1,926.0,14.3,37.9,176.0,109,29.0,55,1012.0,6.9
2026-04-09T12:00,122.5,46.9,780.0,9.8,35.7,191.0,111,29.7,56,1011.8,8.7
2026-04-09T13:00,109.4,43.4,600.0,6.6,30.1,198.0,111,30.0,56,1011.3,11.0
2026-04-09T14:00,96.2,40.0,462.0,5.1,25.0,196.0,112,30.2,55,1010.3,11.7
2026-04-09T15:00,87.3,37.5,399.0,5.5,21.8,183.0,114,29.5,57,1009.8,13.5
2026-04-09T16:00,82.0,35.0,378.0,7.6,19.0,160.0,138,28.3,61,1009.6,15.3
2026-04-09T17:00,75.2,31.9,379.0,10.8,15.0,134.0,154,27.5,66,1009.5,15.1
2026-04-09T18:00,74.3,32.7,400.0,15.2,14.3,122.0,158,26.9,65,1010.1,12.5
2026-04-09T19:00,68.0,33.1,444.0,21.3,13.4,104.0,154,26.2,74,1010.8,10.8
2026-04-09T20:00,73.6,34.1,498.0,26.3,12.9,89.0,140,25.7,77,1011.3,8.2
2026-04-09T21:00,68.9,35.4,572.0,29.5,13.2,79.0,119,25.3,80,1012.3,6.5
2026-04-09T22:00,65.2,36.0,658.0,31.6,13.9,71.0,112,25.0,82,1013.0,7.4
2026-04-09T23:00,63.3,35.7,714.0,32.1,14.3,66.0,112,24.6,86,1013.4,8.3
2026-04-10T00:00,62.2,35.0,731.0,30.1,14.1,63.0,112,24.8,86,1013.0,6.6
2026-04-10T01:00,60.5,34.3,720.0,26.4,13.5,62.0,112,24.3,88,1012.9,8.0
2026-04-10T02:00,58.8,33.3,669.0,23.1,13.2,62.0,112,23.9,89,1012.2,6.1
2026-04-10T03:00,59.1,32.2,507.0,20.0,13.1,62.0,111,24.0,87,1011.4,3.5
2026-04-10T04:00,60.1,31.4,306.0,17.3,13.2,61.0,110,24.0,86,1011.3,3.4
2026-04-10T05:00,61.9,31.7,269.0,19.7,14.1,58.0,109,23.9,84,1011.5,5.8
2026-04-10T06:00,65.4,31.2,579.0,26.4,14.5,55.0,108,23.9,81,1012.2,6.0
2026-04-10T07:00,69.6,34.2,1054.0,35.1,15.3,52.0,106,24.0,78,1013.0,5.6
2026-04-10T08:00,72.6,38.3,1344.0,38.5,18.1,61.0,104,26.0,65,1013.9,3.2
2026-04-10T09:00,86.6,35.2,1269.0,31.3,25.3,92.0,103,28.9,46,1014.1,2.8
2026-04-10T10:00,81.3,32.2,1010.0,18.8,34.5,135.0,102,30.9,36,1014.5,5.6
2026-04-10T11:00,78.7,31.5,764.0,9.0,39.3,168.0,101,31.5,36,1014.5,9.4
2026-04-10T12:00,69.6,28.6,580.0,5.1,35.8,183.0,99,31.8,35,1014.0,11.3
2026-04-10T13:00,61.9,27.3,409.0,3.9,27.9,187.0,98,31.7,34,1013.3,11.4
2026-04-10T14:00,57.3,26.5,296.0,4.0,21.4,184.0,97,31.3,36,1012.4,11.4
2026-04-10T15:00,53.0,25.2,274.0,4.8,18.3,172.0,95,31.8,36,1011.8,11.5
2026-04-10T16:00,50.6,24.1,310.0,6.8,16.6,153.0,118,31.0,41,1011.6,13.6
2026-04-10T17:00,63.6,29.3,347.0,10.6,16.9,150.0,138,29.7,49,1011.5,12.5
2026-04-10T18:00,59.0,29.3,374.0,16.3,15.3,130.0,150,28.3,56,1011.7,12.0
2026-04-10T19:00,55.2,30.0,403.0,24.2,13.1,101.0,149,26.7,70,1012.2,10.7
2026-04-10T20:00,56.7,30.4,415.0,29.9,11.6,79.0,135,25.9,78,1012.7,8.0
2026-04-10T21:00,59.6,30.7,399.0,31.8,11.4,68.0,112,25.4,82,1012.4,6.6
2026-04-10T22:00,63.1,31.7,366.0,31.6,11.9,64.0,92,25.0,85,1012.6,7.8
2026-04-10T23:00,63.6,32.6,332.0,29.5,12.0,63.0,92,24.9,86,1013.3,9.9
2026-04-11T00:00,60.8,31.3,301.0,24.6,11.2,66.0,92,24.8,85,1012.6,8.0
2026-04-11T01:00,56.9,28.8,269.0,17.9,9.9,72.0,91,24.6,85,1012.4,9.0
2026-04-11T02:00,52.5,26.7,243.0,12.5,8.9,78.0,91,24.5,84,1011.7,8.8
2026-04-11T03:00,49.9,25.2,215.0,9.5,8.2,82.0,90,24.4,84,1011.1,7.2
2026-04-11T04:00,51.2,24.2,193.0,7.8,7.8,84.0,90,24.0,87,1010.7,7.0
2026-04-11T05:00,53.0,24.2,209.0,8.4,7.9,83.0,89,24.1,90,1010.5,8.0
2026-04-11T06:00,58.6,25.2,308.0,11.6,8.7,82.0,89,24.4,88,1010.9,9.7
2026-04-11T07:00,66.8,28.7,446.0,15.8,10.0,82.0,88,24.6,86,1011.6,9.8
2026-04-11T08:00,84.8,32.8,521.0,17.7,11.5,86.0,88,26.2,77,1012.3,9.9
2026-04-11T09:00,107.3,37.1,471.0,15.0,13.7,99.0,87,28.0,67,1012.7,11.2
2026-04-11T10:00,132.2,41.7,358.0,10.1,16.1,116.0,88,29.7,58,1012.5,11.5
2026-04-11T11:00,155.5,46.1,272.0,6.2,17.8,129.0,88,31.2,52,1012.5,13.1
2026-04-11T12:00,163.0,48.7,246.0,4.6,18.2,135.0,89,32.0,47,1012.0,14.2
2026-04-11T13:00,164.4,50.1,246.0,4.1,17.8,137.0,91,32.6,44,1011.3,14.8
2026-04-11T14:00,165.3,51.2,258.0,4.6,17.1,135.0,93,33.1,40,1010.4,14.2
2026-04-11T15:00,165.8,52.6,272.0,5.7,16.3,127.0,95,33.1,39,1009.7,14.6
2026-04-11T16:00,163.9,53.8,299.0,7.8,15.2,114.0,97,32.7,39,1009.0,14.3
2026-04-11T17:00,130.4,43.4,354.0,12.2,14.7,104.0,99,31.8,43,1008.4,11.6
2026-04-11T18:00,120.1,44.4,472.0,19.3,13.5,86.0,100,30.0,53,1008.6,10.5
2026-04-11T19:00,108.5,45.1,619.0,28.9,11.7,62.0,102,27.8,66,1009.2,9.4
2026-04-11T20:00,108.3,44.4,706.0,35.2,10.4,45.0,104,27.0,68,1009.9,6.9
2026-04-11T21:00,105.7,43.2,687.0,35.5,9.9,42.0,105,26.6,68,1010.4,10.5
2026-04-11T22:00,103.4,41.4,607.0,32.4,9.7,46.0,106,26.6,63,1010.3,12.1
2026-04-11T23:00,99.0,39.6,516.0,28.4,9.4,51.0,107,26.6,65,1010.7,12.2
2026-04-12T00:00,89.9,36.7,409.0,23.4,8.5,55.0,108,26.1,68,1010.2,10.4
2026-04-12T01:00,79.4,33.3,290.0,17.6,7.4,59.0,109,25.7,70,1009.6,11.4
2026-04-12T02:00,72.2,31.1,218.0,13.2,6.8,62.0,109,25.4,70,1008.9,10.7
2026-04-12T03:00,71.2,30.5,196.0,10.5,6.6,61.0,110,25.2,70,1008.3,9.0
2026-04-12T04:00,73.6,30.7,220.0,9.3,6.8,59.0,110,24.7,74,1008.1,7.2
2026-04-12T05:00,76.6,31.1,338.0,11.9,8.0,53.0,111,24.0,78,1008.2,5.4
2026-04-12T06:00,77.5,32.6,657.0,20.6,10.0,45.0,112,23.5,80,1008.2,6.3
2026-04-12T07:00,85.0,39.3,1070.0,32.2,12.8,35.0,112,23.3,79,1008.6,6.7
2026-04-12T08:00,82.7,43.0,1304.0,38.1,16.2,38.0,113,25.4,65,1009.2,3.7
2026-04-12T09:00,116.9,43.4,1186.0,32.7,20.8,65.0,114,28.7,46,1009.5,4.1
2026-04-12T10:00,168.1,46.6,889.0,21.6,25.8,105.0,115,32.7,29,1009.6,3.6
2026-04-12T11:00,191.4,46.3,653.0,12.5,28.7,139.0,116,34.5,23,1009.7,1.5
2026-04-12T12:00,187.7,43.9,576.0,8.0,27.5,162.0,116,34.9,27,1009.0,7.0
2026-04-12T13:00,170.4,41.1,560.0,5.5,24.2,178.0,115,34.3,39,1008.2,12.1
2026-04-12T14:00,157.4,39.9,550.0,4.8,21.6,186.0,114,34.1,37,1007.5,14.2
2026-04-12T15:00,151.8,40.0,523.0,6.2,21.2,183.0,113,33.5,37,1006.8,14.2
2026-04-12T16:00,153.2,42.8,502.0,9.4,21.6,172.0,112,32.2,45,1006.4,12.1
2026-04-12T17:00,123.9,37.4,508.0,14.1,20.9,163.0,120,31.3,50,1006.4,10.9
2026-04-12T18:00,115.9,38.5,574.0,19.1,18.5,139.0,140,30.0,57,1006.7,9.9
2026-04-12T19:00,105.2,38.9,667.0,26.0,15.2,106.0,148,28.0,72,1007.2,9.1
2026-04-12T20:00,101.3,35.2,704.0,30.2,12.6,80.0,141,27.1,77,1007.5,7.9
2026-04-12T21:00,97.8,34.0,633.0,29.7,11.5,69.0,123,26.6,80,1008.2,8.8
2026-04-12T22:00,98.3,34.1,506.0,26.6,11.1,66.0,107,26.2,81,1008.9,9.2
2026-04-12T23:00,98.5,34.6,404.0,23.0,10.7,66.0,106,26.0,81,1009.2,8.8
2026-04-13T00:00,99.0,34.5,361.0,19.3,9.9,68.0,106,25.8,80,1008.9,8.1
2026-04-13T01:00,92.9,32.9,343.0,15.1,9.0,72.0,105,25.4,80,1008.3,6.5
2026-04-13T02:00,76.6,29.5,321.0,11.8,8.3,75.0,105,25.2,79,1007.8,7.2
2026-04-13T03:00,58.2,25.0,263.0,9.3,7.6,77.0,105,24.8,75,1007.2,8.2
2026-04-13T04:00,46.4,21.8,201.0,7.6,7.1,78.0,105,24.5,74,1006.9,9.3
2026-04-13T05:00,40.3,21.5,208.0,9.1,7.7,74.0,104,24.7,78,1007.4,8.8
2026-04-13T06:00,38.6,21.6,365.0,13.9,8.9,71.0,103,24.8,81,1007.5,8.3
2026-04-13T07:00,41.6,25.2,591.0,20.2,10.6,68.0,101,25.1,81,1008.0,7.4
2026-04-13T08:00,49.5,27.5,713.0,23.2,12.1,71.0,100,26.8,75,1008.9,7.4
2026-04-13T09:00,65.2,29.7,622.0,19.8,13.5,88.0,99,28.8,66,1009.5,9.9
2026-04-13T10:00,95.7,34.2,426.0,13.1,14.8,111.0,98,30.9,54,1009.6,11.2
2026-04-13T11:00,142.0,42.1,277.0,7.7,15.4,127.0,97,31.5,51,1009.7,15.2
2026-04-13T12:00,163.9,47.8,239.0,5.4,14.7,130.0,96,32.3,45,1009.4,16.2
2026-04-13T13:00,161.1,49.2,249.0,4.5,13.2,126.0,97,32.9,40,1008.9,16.8
2026-04-13T14:00,150.9,47.6,265.0,4.5,11.9,120.0,97,33.4,37,1008.2,16.1
2026-04-13T15:00,133.6,42.8,273.0,5.3,11.1,113.0,98,33.0,38,1007.6,15.5
2026-04-13T16:00,115.3,37.6,287.0,7.0,10.4,104.0,98,32.4,42,1007.0,15.8
2026-04-13T17:00,81.3,27.2,316.0,9.2,9.5,96.0,98,30.8,49,1006.8,17.7
2026-04-13T18:00,71.0,27.2,373.0,12.5,9.2,89.0,97,29.5,54,1006.7,16.2
2026-04-13T19:00,60.1,27.5,444.0,16.9,8.8,79.0,96,28.3,60,1007.0,13.8
2026-04-13T20:00,54.2,25.0,492.0,19.3,8.4,73.0,95,27.9,62,1007.6,10.6
2026-04-13T21:00,44.8,21.7,503.0,18.0,8.0,74.0,94,27.6,64,1008.1,9.4
2026-04-13T22:00,39.5,18.5,491.0,14.8,7.6,79.0,93,27.3,65,1008.6,9.9
2026-04-13T23:00,38.1,16.5,455.0,11.7,7.1,84.0,92,26.9,67,1008.9,8.4
2026-04-14T00:00,34.8,15.1,379.0,9.2,6.4,87.0,91,26.5,70,1008.4,9.0
2026-04-14T01:00,28.2,13.6,278.0,6.8,5.7,89.0,89,26.2,72,1007.9,10.9
2026-04-14T02:00,23.9,12.4,205.0,5.2,5.3,90.0,88,26.1,73,1007.2,11.4
2026-04-14T03:00,26.9,12.1,162.0,4.3,5.2,89.0,86,26.1,71,1006.5,13.2
2026-04-14T04:00,28.8,12.2,145.0,4.3,5.4,87.0,85,26.0,72,1006.3,12.8
2026-04-14T05:00,44.5,14.8,196.0,6.4,6.1,83.0,85,25.8,77,1006.4,11.3
2026-04-14T06:00,43.9,16.0,391.0,10.9,6.8,78.0,84,25.8,77,1006.9,10.4
2026-04-14T07:00,51.8,19.8,653.0,16.9,7.8,72.0,84,25.9,76,1007.4,9.1
2026-04-14T08:00,74.0,25.7,795.0,20.1,9.3,73.0,83,27.5,69,1008.0,7.2
2026-04-14T09:00,130.9,34.5,698.0,17.6,11.7,88.0,83,29.8,57,1008.2,8.1
2026-04-14T10:00,191.4,44.9,481.0,12.2,14.6,110.0,83,31.8,48,1008.6,9.4
2026-04-14T11:00,238.0,54.7,312.0,7.9,16.5,127.0,84,32.0,50,1009.0,13.1
2026-04-14T12:00,258.0,60.5,260.0,5.9,16.6,134.0,85,32.9,45,1008.6,13.3
2026-04-14T13:00,253.3,62.4,256.0,4.9,15.6,137.0,86,33.4,43,1007.8,14.4
2026-04-14T14:00,240.3,61.9,268.0,5.0,14.4,135.0,87,33.2,42,1007.2,15.0
2026-04-14T15:00,217.0,58.8,287.0,6.4,13.2,128.0,88,32.5,44,1006.5,15.0
2026-04-14T16:00,178.3,51.9,321.0,8.9,11.7,117.0,90,31.9,47,1006.0,13.5
2026-04-14T17:00,139.7,43.1,365.0,11.9,11.5,107.0,91,30.8,52,1005.5,11.6
2026-04-14T18:00,97.1,33.9,430.0,16.1,10.7,98.0,92,29.3,55,1005.7,12.3
2026-04-14T19:00,70.5,29.0,505.0,21.7,9.5,87.0,93,27.9,58,1006.0,9.4
2026-04-14T20:00,58.6,25.6,551.0,25.1,8.7,79.0,93,27.0,66,1006.4,9.2
2026-04-14T21:00,51.8,24.8,549.0,24.3,8.5,79.0,93,26.4,74,1006.9,8.6
2026-04-14T22:00,50.6,25.3,518.0,21.3,8.6,84.0,93,25.9,78,1007.5,8.5
2026-04-14T23:00,52.9,26.4,474.0,18.4,8.6,87.0,94,25.8,79,1007.4,8.6
2026-04-15T00:00,55.3,27.2,413.0,16.2,8.2,88.0,94,25.7,79,1007.2,6.2
2026-04-15T01:00,55.1,27.0,340.0,14.1,7.7,89.0,95,25.3,80,1006.4,5.3
2026-04-15T02:00,51.6,25.9,284.0,12.6,7.4,88.0,96,25.0,80,1005.7,7.2
2026-04-15T03:00,48.0,24.7,228.0,11.2,7.5,86.0,97,25.0,78,1005.2,8.8
2026-04-15T04:00,45.1,23.7,189.0,10.3,7.9,82.0,98,25.0,77,1004.9,7.7
2026-04-15T05:00,42.3,23.1,247.0,12.6,8.6,74.0,99,24.6,80,1004.6,5.2
2026-04-15T06:00,46.7,25.4,518.0,21.3,10.4,66.0,100,24.7,80,1005.0,5.6
2026-04-15T07:00,54.7,32.9,887.0,33.0,13.1,55.0,101,24.7,80,1005.5,5.2
2026-04-15T08:00,56.1,33.4,1087.0,39.2,16.0,58.0,102,26.4,75,1006.2,3.7
2026-04-15T09:00,72.2,32.4,950.0,34.8,19.6,85.0,103,28.4,68,1006.5,5.8
2026-04-15T10:00,86.8,34.2,644.0,24.9,23.4,126.0,103,30.0,62,1006.9,8.0
2026-04-15T11:00,101.3,37.8,404.0,16.5,25.7,159.0,102,30.8,60,1007.2,10.7
2026-04-15T12:00,107.6,40.2,324.0,11.9,25.5,181.0,100,31.5,57,1007.0,12.2
2026-04-15T13:00,103.1,39.5,309.0,8.8,23.7,196.0,98,32.0,53,1006.4,12.6
2026-04-15T14:00,100.1,37.5,311.0,7.4,21.5,199.0,97,32.3,50,1005.4,12.9
2026-04-15T15:00,97.8,35.2,320.0,7.9,18.7,182.0,95,32.1,51,1004.6,12.3
2026-04-15T16:00,95.0,32.8,346.0,10.1,15.5,153.0,119,31.2,56,1004.1,12.4
2026-04-15T17:00,91.7,30.4,370.0,12.8,13.1,128.0,139,29.3,67,1004.3,13.5
2026-04-15T18:00,81.5,29.5,381.0,17.1,11.9,112.0,148,28.0,73,1004.4,13.0
2026-04-15T19:00,63.3,27.9,390.0,23.0,10.2,91.0,145,26.9,79,1004.8,11.2
2026-04-15T20:00,55.9,26.3,405.0,26.8,9.0,75.0,131,26.5,81,1005.4,9.7
2026-04-15T21:00,47.3,23.8,449.0,26.6,9.0,71.0,108,26.1,82,1005.9,9.4
2026-04-15T22:00,39.0,22.1,499.0,24.4,9.5,74.0,90,25.7,84,1006.0,7.9
2026-04-15T23:00,33.4,20.8,503.0,21.8,9.8,77.0,90,25.7,80,1005.9,7.8
2026-04-16T00:00,29.3,19.5,414.0,19.3,9.4,80.0,89,25.8,73,1005.4,10.0
2026-04-16T01:00,25.1,17.7,279.0,16.5,8.6,83.0,89,25.7,69,1005.1,10.9
2026-04-16T02:00,21.0,15.5,180.0,13.9,8.0,87.0,88,25.6,68,1004.7,11.3
2026-04-16T03:00,17.5,13.3,143.0,11.1,7.4,93.0,87,25.4,66,1004.4,10.8
2026-04-16T04:00,15.8,11.9,144.0,8.4,7.0,99.0,86,25.0,66,1004.0,10.2
2026-04-16T05:00,16.6,11.4,189.0,7.5,7.0,103.0,85,24.9,72,1003.8,10.8
2026-04-16T06:00,17.1,12.1,325.0,11.0,7.8,102.0,84,24.9,72,1004.3,10.9
2026-04-16T07:00,20.2,15.0,507.0,15.7,9.0,100.0,83,25.2,70,1004.9,10.8
2026-04-16T08:00,24.2,17.3,603.0,17.9,10.4,103.0,82,26.7,67,1005.7,10.4
2026-04-16T09:00,25.5,17.3,530.0,15.2,12.2,114.0,81,28.1,59,1006.3,12.4
2026-04-16T10:00,25.1,16.4,371.0,10.0,14.2,130.0,79,29.3,53,1006.6,12.6
2026-04-16T11:00,24.5,15.7,251.0,6.0,15.5,141.0,78,29.7,50,1007.3,15.4
2026-04-16T12:00,23.5,14.7,219.0,4.4,15.5,143.0,76,29.8,50,1007.3,16.1
2026-04-16T13:00,23.8,14.6,226.0,4.0,14.9,140.0,74,29.9,53,1006.9,16.4
2026-04-16T14:00,24.9,14.8,244.0,4.5,14.4,136.0,74,30.3,50,1006.1,15.6
2026-04-16T15:00,27.3,15.5,265.0,5.3,14.4,133.0,81,30.2,51,1005.4,14.8
2026-04-16T16:00,31.2,16.8,297.0,6.9,14.5,128.0,88,29.5,54,1004.8,14.6
2026-04-16T17:00,43.3,21.0,336.0,10.6,14.8,121.0,93,28.6,60,1004.3,12.5
2026-04-16T18:00,49.1,23.9,390.0,17.5,14.7,107.0,95,27.8,65,1004.4,11.2
2026-04-16T19:00,49.2,26.5,450.0,27.1,14.6,87.0,90,26.9,71,1004.8,9.3
2026-04-16T20:00,54.7,29.0,492.0,34.4,14.4,71.0,78,26.4,76,1005.4,8.9
2026-04-16T21:00,57.3,30.3,505.0,38.0,14.4,63.0,67,26.1,79,1006.3,9.8
2026-04-16T22:00,58.6,31.5,499.0,39.4,14.3,59.0,67,25.9,80,1006.8,9.6
2026-04-16T23:00,59.6,32.0,479.0,38.1,13.8,59.0,68,25.7,81,1007.2,9.3
2026-04-17T00:00,59.5,31.0,440.0,32.9,12.3,64.0,69,25.7,80,1007.2,8.7
2026-04-17T01:00,57.9,28.8,387.0,25.0,10.3,73.0,70,25.3,83,1006.6,8.3
2026-04-17T02:00,56.0,26.7,333.0,18.3,8.8,81.0,70,25.1,85,1006.4,8.6
2026-04-17T03:00,54.2,24.7,268.0,13.6,8.0,88.0,71,24.9,85,1006.2,9.4
2026-04-17T04:00,51.3,23.1,203.0,10.0,7.7,94.0,72,24.9,84,1006.2,9.6
2026-04-17T05:00,43.9,21.3,188.0,8.2,7.6,100.0,73,25.0,85,1006.3,11.1
2026-04-17T06:00,40.9,21.1,277.0,11.8,8.3,98.0,74,24.8,86,1006.7,10.8
2026-04-17T07:00,39.6,22.8,417.0,16.6,9.4,97.0,75,25.0,86,1007.3,10.4
2026-04-17T08:00,41.6,24.4,499.0,19.0,10.7,101.0,75,26.6,77,1008.2,10.8
2026-04-17T09:00,41.8,24.6,461.0,16.5,12.6,116.0,76,28.7,66,1009.0,11.9
2026-04-17T10:00,45.1,24.9,364.0,11.5,14.7,136.0,76,30.9,54,1009.3,11.3
2026-04-17T11:00,49.2,24.2,287.0,7.6,16.1,150.0,77,32.4,45,1009.3,13.3
2026-04-17T12:00,51.3,23.2,255.0,5.8,16.0,151.0,78,33.0,43,1009.1,14.9
2026-04-17T13:00,51.7,22.2,243.0,5.0,15.2,146.0,78,33.4,40,1008.6,15.5
2026-04-17T14:00,50.3,21.2,246.0,5.4,14.4,138.0,79,33.5,38,1007.9,15.7
2026-04-17T15:00,50.1,20.5,263.0,6.5,14.0,129.0,87,33.2,37,1007.2,14.8
2026-04-17T16:00,51.0,20.3,296.0,8.8,13.6,117.0,93,32.6,36,1006.6,13.4
2026-04-17T17:00,47.1,19.0,345.0,13.6,13.0,103.0,97,31.4,36,1006.8,13.4
2026-04-17T18:00,44.1,19.6,428.0,22.0,12.6,87.0,94,29.9,43,1006.6,12.1
2026-04-17T19:00,40.6,21.5,527.0,33.5,12.0,65.0,84,28.1,55,1007.1,10.5
2026-04-17T20:00,40.9,22.5,588.0,40.8,11.5,49.0,79,27.3,59,1007.7,8.7
2026-04-17T21:00,40.3,22.4,586.0,40.4,11.2,46.0,79,26.7,66,1008.3,8.9
2026-04-17T22:00,39.0,21.7,546.0,35.9,10.9,48.0,78,26.1,72,1009.0,8.8
2026-04-17T23:00,37.7,20.9,493.0,31.0,10.5,52.0,77,25.6,75,1009.0,7.9
2026-04-18T00:00,37.0,20.0,426.0,26.4,9.7,55.0,76,25.2,81,1008.9,7.7
2026-04-18T01:00,36.7,18.9,346.0,21.3,8.7,59.0,76,24.9,84,1008.5,7.7
2026-04-18T02:00,36.4,17.9,281.0,17.2,8.1,62.0,75,24.5,87,1007.9,8.2
2026-04-18T03:00,35.9,17.0,228.0,14.5,7.9,63.0,74,24.3,86,1007.3,8.0
2026-04-18T04:00,37.5,16.6,190.0,12.8,8.0,62.0,74,24.2,86,1007.0,8.2
2026-04-18T05:00,36.8,14.9,205.0,11.1,7.8,67.0,73,24.2,85,1007.1,8.6
2026-04-18T06:00,43.2,16.2,329.0,14.3,8.9,69.0,73,23.9,86,1007.5,9.7
2026-04-18T07:00,53.4,20.4,506.0,18.6,10.5,72.0,72,24.3,84,1007.9,9.7
2026-04-18T08:00,77.1,23.6,600.0,20.3,12.3,82.0,72,25.9,75,1008.5,9.9
2026-04-18T09:00,121.5,29.2,525.0,17.1,14.6,103.0,72,27.6,64,1008.8,10.6
2026-04-18T10:00,137.8,32.4,367.0,11.3,17.2,131.0,72,28.9,55,1009.3,12.2
2026-04-18T11:00,134.6,32.4,248.0,6.8,18.9,151.0,73,29.2,54,1009.5,14.0
2026-04-18T12:00,123.4,31.2,219.0,4.9,19.1,158.0,73,30.1,50,1009.4,14.2
2026-04-18T13:00,109.0,29.3,229.0,4.3,18.4,157.0,74,30.4,49,1009.0,14.5
2026-04-18T14:00,94.1,27.0,248.0,4.6,17.5,153.0,75,30.4,49,1008.1,14.3
2026-04-18T15:00,78.5,24.2,269.0,5.3,16.7,147.0,81,30.2,47,1007.3,14.2
2026-04-18T16:00,66.4,22.4,299.0,7.0,15.7,138.0,97,29.4,55,1007.0,14.6
2026-04-18T17:00,55.1,20.1,326.0,9.7,15.1,129.0,109,27.9,64,1006.9,14.0
2026-04-18T18:00,55.1,20.7,338.0,15.4,14.5,116.0,114,27.0,70,1007.0,14.0
2026-04-18T19:00,55.6,23.7,348.0,23.3,13.7,97.0,111,26.1,75,1007.6,13.2
2026-04-18T20:00,64.5,27.4,377.0,30.0,13.1,81.0,99,25.8,76,1008.0,10.7
2026-04-18T21:00,67.8,29.6,458.0,35.1,13.2,70.0,83,25.5,77,1008.2,7.2
2026-04-18T22:00,68.5,31.7,559.0,39.1,13.7,62.0,77,25.1,79,1008.3,6.4
2026-04-18T23:00,68.5,32.4,610.0,39.7,13.5,58.0,78,24.8,77,1008.7,8.1
2026-04-19T00:00,65.7,30.5,568.0,34.6,12.1,61.0,79,24.6,79,1008.7,8.2
2026-04-19T01:00,60.1,27.2,476.0,26.1,10.2,69.0,79,24.4,83,1008.2,7.6
2026-04-19T02:00,53.6,24.0,391.0,19.0,8.7,75.0,80,24.1,85,1007.6,8.6
2026-04-19T03:00,48.1,21.5,313.0,14.9,8.1,77.0,81,23.8,86,1007.1,7.8
2026-04-19T04:00,45.2,19.9,242.0,12.2,7.9,78.0,81,23.6,87,1006.7,8.3
2026-04-19T05:00,36.7,18.8,230.0,11.2,8.4,79.0,81,23.8,90,1006.5,9.2
2026-04-19T06:00,36.4,19.2,343.0,13.7,9.6,81.0,81,23.8,89,1006.8,8.5
2026-04-19T07:00,38.2,21.9,517.0,16.9,11.4,84.0,82,24.3,85,1007.4,7.4
2026-04-19T08:00,40.5,21.9,609.0,18.1,13.4,92.0,82,25.9,76,1008.0,7.7
2026-04-19T09:00,39.2,21.5,533.0,15.2,16.1,111.0,82,27.5,68,1008.5,8.5
2026-04-19T10:00,37.5,21.7,376.0,10.2,19.1,136.0,81,28.9,61,1008.8,10.2
2026-04-19T11:00,36.7,21.8,259.0,6.3,20.9,154.0,80,29.6,59,1009.3,13.3
2026-04-19T12:00,36.3,21.2,231.0,4.7,20.7,160.0,79,30.2,56,1009.3,14.9
2026-04-19T13:00,37.3,20.8,242.0,4.1,19.4,159.0,79,30.7,54,1008.7,14.9
2026-04-19T14:00,38.5,20.3,263.0,4.5,18.2,155.0,78,30.9,53,1007.9,14.5
2026-04-19T15:00,40.2,19.8,288.0,5.7,17.5,149.0,90,30.8,53,1007.3,14.1
2026-04-19T16:00,41.8,19.8,324.0,7.9,17.0,140.0,104,30.3,53,1006.8,13.7
2026-04-19T17:00,25.0,12.4,360.0,10.4,14.8,129.0,114,29.4,53,1006.6,12.6
2026-04-19T18:00,23.1,13.2,392.0,15.0,14.0,118.0,118,28.3,60,1006.8,11.2
2026-04-19T19:00,20.9,14.6,425.0,21.5,12.8,102.0,114,26.8,72,1006.9,11.7
2026-04-19T20:00,21.1,16.1,459.0,27.3,12.2,88.0,103,26.1,79,1007.5,10.9
2026-04-19T21:00,22.2,17.6,515.0,32.3,12.7,77.0,88,25.8,81,1007.8,9.6
2026-04-19T22:00,24.2,19.7,573.0,36.5,13.7,68.0,73,25.5,84,1008.4,6.6
2026-04-19T23:00,26.3,21.8,577.0,37.5,14.1,64.0,72,25.1,85,1008.6,6.3
2026-04-20T00:00,26.5,21.8,478.0,33.2,13.1,66.0,71,24.9,86,1008.4,7.5
2026-04-20T01:00,25.4,20.0,326.0,25.7,11.4,73.0,71,24.6,88,1007.8,8.2
2026-04-20T02:00,25.9,18.4,215.0,19.1,10.0,79.0,70,24.4,89,1007.2,8.6
2026-04-20T03:00,28.5,17.3,182.0,14.3,8.9,83.0,70,24.2,90,1007.0,9.6
2026-04-20T04:00,32.8,16.8,190.0,10.5,8.1,86.0,69,24.1,91,1007.2,8.8
2026-04-20T05:00,31.5,16.2,220.0,8.5,7.9,89.0,69,24.2,95,1006.9,7.6
2026-04-20T06:00,32.6,16.9,285.0,11.6,8.7,87.0,69,24.2,95,1007.0,7.7
2026-04-20T07:00,36.7,20.0,371.0,15.8,10.0,86.0,69,24.6,93,1007.4,8.1
2026-04-20T08:00,48.3,22.3,421.0,17.6,11.8,90.0,69,26.3,83,1008.1,10.6
2026-04-20T09:00,57.6,23.7,399.0,14.9,14.8,106.0,69,27.9,74,1008.8,9.9
2026-04-20T10:00,67.5,25.7,341.0,9.9,18.4,128.0,69,29.6,65,1008.8,9.9
2026-04-20T11:00,77.3,28.3,294.0,6.0,20.9,145.0,69,30.6,62,1008.7,11.0
2026-04-20T12:00,81.5,30.3,273.0,4.6,21.7,155.0,70,31.3,59,1008.3,12.5
2026-04-20T13:00,79.9,30.5,262.0,4.4,21.5,161.0,70,31.6,56,1007.8,13.6
2026-04-20T14:00,76.1,29.6,263.0,4.9,20.6,160.0,71,31.6,53,1006.9,14.1
2026-04-20T15:00,67.5,27.6,280.0,5.9,18.6,150.0,86,31.4,51,1006.4,13.6
2026-04-20T16:00,59.4,25.7,308.0,7.6,16.0,135.0,99,30.9,52,1006.0,13.7
2026-04-20T17:00,44.7,21.2,335.0,11.3,14.8,120.0,109,29.1,59,1005.9,13.8
2026-04-20T18:00,39.2,20.1,359.0,16.2,13.9,104.0,112,28.0,66,1006.2,12.7
2026-04-20T19:00,34.7,20.1,382.0,23.0,12.6,83.0,107,26.7,78,1006.7,13.1
2026-04-20T20:00,34.5,21.4,399.0,27.8,11.7,66.0,94,26.1,81,1007.2,11.1
2026-04-20T21:00,34.7,21.8,413.0,28.8,11.5,60.0,75,25.9,81,1007.8,9.2
2026-04-20T22:00,34.7,21.5,422.0,27.8,11.6,59.0,75,25.7,81,1008.1,7.4
2026-04-20T23:00,34.5,21.7,415.0,26.2,11.5,58.0,75,25.5,84,1008.0,9.0
2026-04-21T00:00,34.0,21.6,382.0,24.3,10.7,56.0,75,25.4,85,1008.3,7.9
2026-04-21T01:00,32.9,21.0,333.0,21.8,9.6,55.0,75,25.2,86,1007.9,8.8
2026-04-21T02:00,31.3,19.9,289.0,19.3,8.8,55.0,75,24.8,87,1007.7,7.7
2026-04-21T03:00,29.2,18.5,248.0,16.7,8.4,56.0,76,24.6,89,1007.3,6.3
2026-04-21T04:00,29.1,17.6,212.0,14.1,8.3,57.0,76,24.4,91,1007.0,7.8
2026-04-21T05:00,33.2,17.1,204.0,11.1,8.1,62.0,76,24.5,92,1006.8,8.6
2026-04-21T06:00,36.0,17.6,253.0,13.5,8.9,62.0,76,24.5,93,1007.0,9.0
2026-04-21T07:00,40.5,20.1,331.0,16.7,10.1,62.0,76,24.8,92,1007.5,9.8
2026-04-21T08:00,50.9,21.5,374.0,17.8,11.7,68.0,76,26.3,83,1008.1,12.6
2026-04-21T09:00,61.9,22.3,344.0,15.0,14.1,84.0,76,27.9,69,1008.6,12.3
2026-04-21T10:00,66.1,23.3,280.0,10.2,16.9,105.0,76,29.3,61,1008.9,13.5
2026-04-21T11:00,69.8,24.3,232.0,6.4,18.5,120.0,75,29.8,58,1008.9,14.9
2026-04-21T12:00,69.4,24.1,221.0,4.6,17.7,123.0,75,30.5,54,1008.6,15.3
2026-04-21T13:00,68.7,23.1,228.0,3.8,15.7,119.0,75,31.0,50,1008.0,15.4
2026-04-21T14:00,68.5,22.2,241.0,3.9,14.1,113.0,74,31.1,47,1007.0,15.5
2026-04-21T15:00,67.1,21.9,262.0,4.5,13.5,105.0,74,30.6,51,1006.5,15.7
2026-04-21T16:00,64.0,21.6,289.0,5.9,13.3,95.0,73,29.8,56,1006.0,15.4
2026-04-21T17:00,61.2,22.0,313.0,9.2,13.7,86.0,73,28.8,58,1005.6,14.0
2026-04-21T18:00,54.9,21.1,323.0,14.5,13.2,74.0,73,27.8,64,1005.6,12.7
2026-04-21T19:00,44.1,20.4,329.0,21.7,12.6,57.0,73,26.7,75,1006.0,11.2
2026-04-21T20:00,40.3,21.1,349.0,27.1,12.1,44.0,73,26.2,81,1006.4,11.1
2026-04-21T21:00,39.1,21.1,411.0,29.2,12.0,39.0,73,26.0,82,1006.8,9.1
2026-04-21T22:00,38.5,21.3,487.0,29.4,12.2,37.0,73,25.7,83,1007.3,8.2
2026-04-21T23:00,37.8,21.7,515.0,28.3,11.9,37.0,73,25.7,86,1007.4,7.9
2026-04-22T00:00,36.6,21.2,448.0,25.5,10.9,38.0,73,25.6,88,1007.5,6.0
2026-04-22T01:00,35.2,20.1,332.0,21.5,9.6,41.0,73,25.2,90,1007.1,6.5
2026-04-22T02:00,32.9,18.6,242.0,18.0,8.5,43.0,73,25.0,92,1006.8,8.4
2026-04-22T03:00,31.3,17.5,204.0,15.5,7.8,43.0,73,25.0,92,1006.2,8.8
2026-04-22T04:00,29.9,16.6,191.0,13.5,7.4,43.0,73,24.9,92,1006.0,9.9
2026-04-22T05:00,27.1,14.7,199.0,9.8,7.2,49.0,72,24.7,93,1006.2,8.9
2026-04-22T06:00,27.1,14.8,241.0,10.5,8.6,51.0,72,25.0,91,1006.4,9.4
2026-04-22T07:00,29.0,16.4,303.0,11.4,10.5,54.0,72,25.5,87,1006.9,11.0
2026-04-22T08:00,31.4,15.9,337.0,11.3,12.2,59.0,72,26.8,79,1007.9,12.3
2026-04-22T09:00,31.9,15.6,314.0,9.4,13.4,70.0,71,28.1,71,1008.3,13.7
2026-04-22T10:00,32.9,16.0,263.0,6.6,14.3,83.0,71,29.2,66,1008.5,14.3
2026-04-22T11:00,33.8,16.4,225.0,4.5,14.7,93.0,70,30.1,61,1008.1,15.8
2026-04-22T12:00,34.7,16.4,215.0,3.6,14.2,97.0,70,30.7,60,1007.7,16.7
2026-04-22T13:00,34.8,16.1,218.0,3.3,13.2,97.0,69,31.3,56,1006.7,15.8
2026-04-22T14:00,34.5,15.9,226.0,3.6,12.3,94.0,68,31.2,57,1005.9,16.1
2026-04-22T15:00,34.1,15.7,239.0,4.2,11.8,89.0,68,30.3,63,1005.4,17.1
2026-04-22T16:00,33.1,15.5,258.0,5.4,11.4,81.0,67,29.6,70,1005.0,16.7
2026-04-22T17:00,20.8,11.7,274.0,8.2,11.4,74.0,67,28.7,74,1004.7,14.5
2026-04-22T18:00,20.9,12.0,286.0,13.0,11.4,65.0,66,27.9,78,1004.9,14.6
2026-04-22T19:00,20.4,13.1,295.0,19.6,11.4,53.0,65,26.9,84,1005.0,12.6
2026-04-22T20:00,21.7,14.3,297.0,23.5,11.2,45.0,65,26.8,86,1005.4,11.6
2026-04-22T21:00,21.6,14.1,290.0,22.4,10.9,45.0,64,26.6,88,1005.8,10.3
2026-04-22T22:00,20.5,13.6,275.0,18.7,10.5,49.0,64,26.4,90,1006.2,7.9
2026-04-22T23:00,19.6,13.2,255.0,15.2,9.9,52.0,63,26.4,89,1006.4,8.9
2026-04-23T00:00,18.9,12.8,224.0,12.8,9.1,54.0,63,26.4,89,1006.4,8.9
2026-04-23T01:00,18.6,12.4,186.0,10.7,8.2,55.0,62,26.1,90,1006.2,10.0
2026-04-23T02:00,18.7,12.2,160.0,9.1,7.5,56.0,61,25.9,91,1005.5,10.6
2026-04-23T03:00,18.7,12.1,149.0,8.3,7.2,55.0,61,25.7,93,1005.5,10.5
2026-04-23T04:00,18.8,12.0,149.0,8.0,7.3,54.0,60,25.6,93,1005.4,9.8
2026-04-23T05:00,19.4,12.1,165.0,7.6,7.6,56.0,60,25.5,95,1005.5,11.2
2026-04-23T06:00,20.3,12.6,214.0,9.3,8.4,55.0,60,25.5,94,1005.9,12.6
2026-04-23T07:00,23.0,14.8,280.0,11.4,9.7,55.0,60,26.1,90,1006.4,14.6
2026-04-23T08:00,27.1,16.1,319.0,12.3,10.9,59.0,59,27.2,82,1007.3,14.6
2026-04-23T09:00,29.9,16.9,304.0,10.6,12.2,70.0,59,28.3,75,1007.6,14.1
2026-04-23T10:00,32.5,17.6,262.0,7.5,13.6,85.0,60,29.5,71,1007.5,13.4
2026-04-23T11:00,35.5,18.2,229.0,5.1,14.4,97.0,60,30.0,66,1008.0,14.5
2026-04-23T12:00,37.4,18.3,218.0,4.0,14.2,102.0,60,30.9,62,1007.7,15.8
2026-04-23T13:00,39.3,18.3,216.0,3.7,13.4,104.0,60,31.5,57,1007.0,16.1
2026-04-23T14:00,40.5,18.3,222.0,4.0,12.7,102.0,60,31.6,58,1006.3,16.4
2026-04-23T15:00,41.0,18.2,237.0,4.9,12.3,97.0,60,31.2,60,1005.7,15.9
2026-04-23T16:00,39.0,18.0,260.0,6.5,12.1,89.0,61,31.1,61,1005.4,14.0
2026-04-23T17:00,22.6,12.5,289.0,9.6,12.9,80.0,61,29.8,67,1004.9,12.1
2026-04-23T18:00,22.6,13.9,327.0,15.5,13.1,68.0,61,29.0,71,1005.6,7.3
2026-04-23T19:00,21.9,15.4,371.0,23.5,13.3,51.0,61,28.0,76,1006.2,8.7
2026-04-23T20:00,22.5,16.5,411.0,28.9,13.3,39.0,61,27.2,82,1006.1,10.7
2026-04-23T21:00,23.1,16.8,456.0,29.6,13.0,35.0,61,26.8,86,1006.2,10.8
2026-04-23T22:00,24.6,17.2,498.0,27.7,12.5,36.0,62,26.6,87,1007.2,6.8
2026-04-23T23:00,25.9,17.8,500.0,25.2,11.9,38.0,62,26.6,89,1006.9,6.5
2026-04-24T00:00,26.8,18.0,428.0,22.6,11.1,39.0,62,26.4,90,1006.8,6.0
2026-04-24T01:00,27.1,17.5,315.0,19.4,10.2,41.0,63,26.2,92,1006.3,6.9
2026-04-24T02:00,26.5,16.5,229.0,16.4,9.3,43.0,63,26.1,92,1006.1,8.0
2026-04-24T03:00,25.6,15.1,192.0,13.3,8.3,46.0,63,25.9,93,1006.1,7.1
2026-04-24T04:00,25.4,14.3,182.0,10.4,7.5,49.0,64,25.7,94,1006.1,6.4
2026-04-24T05:00,28.2,14.4,192.0,9.6,7.4,50.0,64,25.6,97,1005.9,7.1
2026-04-24T06:00,28.6,15.1,237.0,10.7,8.9,50.0,64,25.8,96,1006.4,7.7
2026-04-24T07:00,32.8,17.1,304.0,12.2,11.0,52.0,64,26.2,93,1007.0,8.5
2026-04-24T08:00,36.4,17.5,342.0,12.6,12.9,57.0,64,27.6,83,1007.7,11.7
2026-04-24T09:00,38.2,18.5,324.0,11.0,14.7,70.0,64,29.1,76,1007.9,10.9
2026-04-24T10:00,40.7,19.6,278.0,8.3,16.3,88.0,65,30.1,72,1008.0,11.7
2026-04-24T11:00,44.9,21.0,243.0,6.2,17.2,101.0,65,30.3,69,1008.1,14.0
2026-04-24T12:00,47.4,21.5,232.0,5.0,16.9,108.0,65,31.0,64,1007.8,14.4
2026-04-24T13:00,48.1,21.1,232.0,4.3,15.8,110.0,65,31.3,63,1007.3,14.5
2026-04-24T14:00,44.9,20.1,239.0,4.3,14.8,109.0,65,31.0,64,1006.7,15.5
2026-04-24T15:00,43.1,19.2,250.0,4.8,14.0,102.0,66,30.6,68,1006.0,16.5
2026-04-24T16:00,39.5,18.2,268.0,6.1,13.3,91.0,66,30.3,67,1005.9,14.7
2026-04-24T17:00,31.3,15.7,294.0,9.4,13.4,80.0,66,29.7,70,1005.4,13.1
2026-04-24T18:00,28.8,15.7,338.0,16.2,13.4,67.0,66,28.8,75,1005.4,11.3
2026-04-24T19:00,26.3,16.2,390.0,25.7,13.4,49.0,66,27.7,83,1006.0,8.7
2026-04-24T20:00,26.7,18.7,419.0,33.0,13.5,35.0,66,27.1,88,1006.7,7.9
2026-04-24T21:00,27.5,19.7,410.0,36.6,13.8,29.0,66,26.9,89,1007.2,6.8
2026-04-24T22:00,28.6,20.7,379.0,38.1,14.1,26.0,66,26.6,90,1007.5,5.8
2026-04-24T23:00,29.6,21.6,343.0,37.7,14.1,26.0,67,26.5,92,1007.7,7.6
2026-04-25T00:00,30.2,21.8,302.0,34.8,13.5,28.0,67,26.5,91,1007.2,6.9
2026-04-25T01:00,30.4,20.8,255.0,30.0,12.5,31.0,67,26.2,92,1007.0,5.4
2026-04-25T02:00,30.7,19.6,221.0,25.3,11.6,35.0,68,25.8,95,1006.9,8.0
2026-04-25T03:00,30.9,18.2,200.0,20.8,10.7,39.0,68,25.4,97,1007.0,7.5
2026-04-25T04:00,31.7,17.0,191.0,16.4,9.8,42.0,68,25.1,98,1006.9,6.8
2026-04-25T05:00,25.8,13.6,209.0,10.8,8.5,49.0,68,25.1,99,1006.6,6.9
2026-04-25T06:00,28.1,14.4,283.0,14.2,9.6,47.0,68,25.0,99,1006.9,6.5
2026-04-25T07:00,32.1,18.2,384.0,18.7,11.2,46.0,68,25.3,96,1007.4,6.5
2026-04-25T08:00,40.2,20.2,444.0,21.0,13.3,52.0,68,27.1,84,1008.1,6.0
2026-04-25T09:00,51.8,23.1,424.0,18.9,16.4,73.0,68,28.8,76,1008.7,6.4
2026-04-25T10:00,65.2,26.5,364.0,14.5,19.9,103.0,69,30.3,70,1008.9,8.8
2026-04-25T11:00,73.3,28.9,312.0,10.7,21.8,125.0,69,31.4,65,1008.7,10.5
2026-04-25T12:00,77.1,29.6,284.0,8.1,20.9,135.0,70,32.3,59,1008.4,12.2
2026-04-25T13:00,74.0,28.4,265.0,6.1,18.4,138.0,71,33.0,56,1007.6,12.6
2026-04-25T14:00,72.4,27.4,260.0,5.4,16.3,136.0,71,33.1,56,1007.0,13.3
2026-04-25T15:00,71.0,26.9,272.0,6.3,15.3,129.0,72,32.8,56,1006.3,13.9
2026-04-25T16:00,68.9,26.6,298.0,8.5,14.7,118.0,72,32.0,59,1006.1,13.5
2026-04-25T17:00,53.6,20.9,332.0,12.6,13.9,106.0,73,30.6,64,1005.8,11.7
2026-04-25T18:00,47.4,21.4,379.0,18.2,13.0,92.0,77,29.6,68,1005.8,10.7
2026-04-25T19:00,43.5,22.1,435.0,25.8,11.8,72.0,75,28.4,75,1006.3,9.7
2026-04-25T20:00,45.6,22.4,482.0,30.8,10.9,57.0,74,27.9,77,1006.9,8.9
2026-04-25T21:00,44.2,22.1,525.0,30.8,10.5,53.0,75,27.6,78,1007.4,8.0
2026-04-25T22:00,42.6,21.7,561.0,28.2,10.4,54.0,75,27.3,79,1007.7,7.6
2026-04-25T23:00,41.2,21.3,557.0,25.2,10.1,56.0,75,27.3,82,1007.7,8.0
2026-04-26T00:00,40.7,20.8,484.0,22.4,9.5,56.0,75,27.2,81,1007.4,7.7
2026-04-26T01:00,40.0,20.0,373.0,19.2,8.7,56.0,75,26.9,81,1006.9,6.2
2026-04-26T02:00,39.8,19.0,283.0,16.3,8.2,57.0,75,26.6,81,1006.4,6.4
2026-04-26T03:00,40.6,18.2,226.0,13.4,7.9,59.0,75,26.4,81,1006.1,6.9
2026-04-26T04:00,40.7,17.5,191.0,10.8,7.7,61.0,75,26.2,82,1006.0,7.6
2026-04-26T05:00,38.9,17.1,208.0,10.7,8.1,61.0,75,26.0,86,1005.9,8.6
2026-04-26T06:00,38.5,17.4,332.0,15.3,9.1,58.0,75,26.1,86,1006.1,9.4
2026-04-26T07:00,39.5,19.9,508.0,21.5,10.6,55.0,75,26.6,84,1006.5,8.3
2026-04-26T08:00,43.4,22.9,603.0,24.6,12.1,59.0,75,28.5,75,1007.0,8.1
2026-04-26T09:00,48.3,24.1,532.0,21.6,13.8,79.0,76,30.9,63,1007.4,11.0
2026-04-26T10:00,50.1,24.6,380.0,15.5,15.5,106.0,76,32.7,53,1007.4,13.0
2026-04-26T11:00,54.2,25.3,265.0,10.4,16.4,126.0,76,33.5,51,1007.4,13.7
2026-04-26T12:00,62.4,26.0,235.0,7.7,16.1,133.0,75,34.3,47,1006.8,14.8
2026-04-26T13:00,66.4,26.4,241.0,6.1,15.0,132.0,75,35.0,43,1006.2,15.3
2026-04-26T14:00,67.8,26.1,258.0,5.7,13.9,128.0,75,35.3,41,1005.3,15.5
2026-04-26T15:00,65.7,25.4,275.0,6.6,12.8,120.0,75,35.2,39,1004.4,15.5
2026-04-26T16:00,61.9,24.6,303.0,8.6,11.7,108.0,75,34.7,39,1003.9,14.6
2026-04-26T17:00,41.0,18.4,343.0,13.1,11.6,95.0,74,33.6,43,1003.6,12.8
2026-04-26T18:00,37.5,18.9,413.0,19.3,11.4,82.0,74,32.0,48,1003.9,11.9
2026-04-26T19:00,34.6,19.7,495.0,27.7,11.1,64.0,74,30.2,60,1004.2,11.1
2026-04-26T20:00,33.3,19.8,546.0,33.4,10.8,51.0,74,29.2,65,1004.8,9.9
2026-04-26T21:00,31.8,19.4,542.0,33.9,10.7,46.0,74,28.7,69,1005.2,8.8
2026-04-26T22:00,29.9,18.6,505.0,31.7,10.8,46.0,73,28.2,72,1005.4,7.8
2026-04-26T23:00,28.9,18.0,461.0,28.8,10.5,47.0,73,28.1,74,1005.5,8.0
2026-04-27T00:00,28.6,17.4,412.0,25.5,9.7,48.0,73,27.8,76,1005.1,7.7
2026-04-27T01:00,28.5,16.6,355.0,21.6,8.7,49.0,73,27.2,80,1004.5,6.6
2026-04-27T02:00,28.8,16.0,306.0,18.2,7.9,51.0,72,26.8,83,1004.2,7.3
2026-04-27T03:00,29.0,15.4,256.0,15.4,7.6,52.0,72,26.5,85,1003.8,7.6
2026-04-27T04:00,29.2,14.9,213.0,13.0,7.5,53.0,72,26.3,87,1003.5,8.2
2026-04-27T05:00,29.8,14.6,218.0,10.8,7.4,58.0,72,26.2,88,1003.2,8.5
2026-04-27T06:00,33.6,15.8,324.0,13.3,8.1,59.0,72,26.4,88,1003.4,9.6
2026-04-27T07:00,36.1,18.1,479.0,16.5,9.0,60.0,71,27.0,85,1003.8,8.9
2026-04-27T08:00,43.7,20.7,561.0,17.6,10.1,67.0,71,28.8,75,1004.4,9.9
2026-04-27T09:00,51.7,22.0,496.0,14.6,11.5,83.0,71,30.5,65,1004.6,12.4
2026-04-27T10:00,55.2,23.2,360.0,9.5,13.1,104.0,71,31.8,58,1004.8,13.8
2026-04-27T11:00,57.0,23.9,257.0,5.6,14.0,120.0,71,32.7,54,1004.5,14.0
2026-04-27T12:00,56.0,23.8,232.0,4.1,13.8,125.0,71,32.8,55,1004.2,15.7
2026-04-27T13:00,53.8,23.2,241.0,3.9,13.1,125.0,71,33.2,53,1003.7,15.1
2026-04-27T14:00,51.9,22.6,258.0,4.3,12.4,122.0,70,33.3,52,1002.7,15.4
2026-04-27T15:00,50.2,22.1,269.0,5.1,12.1,118.0,70,32.9,55,1001.8,15.2
2026-04-27T16:00,49.4,21.9,288.0,6.6,12.0,112.0,70,32.5,56,1001.1,14.5
2026-04-27T17:00,38.1,17.4,330.0,9.2,11.2,102.0,70,31.4,58,1001.2,13.5
2026-04-27T18:00,35.6,17.9,424.0,14.3,11.0,91.0,69,30.5,63,1001.4,13.0
2026-04-27T19:00,33.2,19.0,543.0,21.3,10.8,77.0,69,29.6,69,1001.4,10.4
2026-04-27T20:00,33.5,19.2,614.0,25.7,10.5,67.0,69,28.9,73,1001.5,9.3
2026-04-27T21:00,32.9,18.9,603.0,25.5,10.1,66.0,69,28.6,75,1002.2,9.2
2026-04-27T22:00,32.7,18.5,545.0,22.7,9.6,70.0,69,28.5,75,1002.8,8.9
2026-04-27T23:00,33.3,18.2,479.0,19.6,9.0,74.0,69,28.6,75,1002.5,11.4
2026-04-28T00:00,33.8,17.9,411.0,16.6,8.3,78.0,69,28.4,75,1002.3,11.6
2026-04-28T01:00,33.8,17.5,336.0,13.2,7.5,82.0,69,27.9,77,1002.0,10.8
2026-04-28T02:00,32.7,16.9,275.0,10.5,7.0,85.0,69,27.5,80,1001.4,11.2
2026-04-28T03:00,31.1,16.6,227.0,8.7,6.8,87.0,69,27.3,80,1001.5,11.1
2026-04-28T04:00,29.3,16.3,193.0,7.5,6.9,89.0,70,27.1,81,1001.4,10.9
2026-04-28T05:00,28.0,15.4,197.0,5.9,6.7,99.0,70,27.7,79,1000.4,13.4
2026-04-28T06:00,27.8,16.2,277.0,8.9,7.3,98.0,70,27.5,80,1000.5,12.5
2026-04-28T07:00,30.5,18.1,395.0,12.8,8.2,97.0,70,27.9,78,1001.6,10.6
2026-04-28T08:00,36.2,20.7,459.0,14.6,9.2,100.0,70,29.5,70,1002.3,12.3
2026-04-28T09:00,40.2,21.0,413.0,12.3,10.4,111.0,70,31.0,61,1003.1,14.7
2026-04-28T10:00,44.0,21.3,313.0,7.8,11.7,125.0,70,32.1,57,1003.4,15.7
2026-04-28T11:00,50.2,21.8,237.0,4.4,12.4,135.0,70,32.1,57,1004.4,15.5
2026-04-28T12:00,51.8,21.7,217.0,3.3,12.2,136.0,69,32.6,56,1004.1,15.4
2026-04-28T13:00,52.4,21.2,222.0,3.1,11.5,133.0,69,32.9,54,1003.5,15.8
2026-04-28T14:00,52.0,20.9,236.0,3.6,10.9,129.0,69,32.9,54,1002.7,16.6
2026-04-28T15:00,47.8,20.1,257.0,4.3,10.6,125.0,72,32.6,55,1001.8,16.7
2026-04-28T16:00,42.8,19.5,287.0,5.5,10.3,119.0,78,32.2,56,1001.0,15.7
2026-04-28T17:00,45.4,18.7,318.0,8.7,11.5,111.0,82,31.3,59,1001.2,12.5
2026-04-28T18:00,34.1,17.3,348.0,12.8,11.0,99.0,82,30.6,64,1001.3,11.5
2026-04-28T19:00,29.2,17.3,378.0,18.3,10.4,83.0,76,29.5,70,1001.7,11.5
2026-04-28T20:00,33.8,17.6,407.0,21.7,9.8,71.0,68,29.0,73,1001.8,13.7
2026-04-28T21:00,38.1,18.0,445.0,21.1,9.4,68.0,68,28.7,74,1002.5,11.1
2026-04-28T22:00,40.7,18.2,481.0,18.5,9.0,69.0,68,28.6,73,1003.6,11.2
2026-04-28T23:00,41.1,18.1,483.0,15.8,8.7,71.0,68,28.3,75,1003.1,9.9
2026-04-29T00:00,39.6,17.8,419.0,13.5,8.3,72.0,68,28.0,78,1002.9,9.2
2026-04-29T01:00,38.8,17.6,320.0,11.2,7.9,74.0,68,27.6,81,1002.4,8.8
2026-04-29T02:00,39.3,17.6,244.0,9.5,7.7,75.0,68,27.4,83,1002.1,7.9
2026-04-29T03:00,39.5,17.6,205.0,8.3,7.5,75.0,68,27.1,85,1001.9,7.9
2026-04-29T04:00,39.8,17.6,189.0,7.6,7.5,75.0,68,26.9,87,1001.7,7.8
2026-04-29T05:00,46.9,19.1,213.0,7.8,7.8,79.0,68,26.8,89,1001.7,7.2
2026-04-29T06:00,46.0,20.0,313.0,11.0,8.9,78.0,69,26.7,90,1002.0,7.8
2026-04-29T07:00,47.5,23.1,452.0,15.4,10.6,77.0,69,27.0,89,1002.7,5.3
2026-04-29T08:00,62.6,27.3,535.0,17.6,12.7,84.0,69,28.5,81,1003.3,6.5
2026-04-29T09:00,74.0,30.7,508.0,15.8,15.8,105.0,70,30.3,70,1003.7,7.3
2026-04-29T10:00,82.2,33.6,426.0,11.9,19.4,134.0,71,32.0,62,1003.8,8.1
2026-04-29T11:00,87.1,36.6,356.0,8.6,21.5,155.0,72,32.4,63,1004.1,11.3
2026-04-29T12:00,87.1,37.5,321.0,6.8,21.2,164.0,73,32.4,63,1003.7,13.2
2026-04-29T13:00,83.1,35.6,300.0,5.6,19.4,165.0,74,32.8,60,1003.3,13.7
2026-04-29T14:00,77.5,33.2,293.0,5.4,17.5,160.0,75,32.9,59,1002.5,13.8
2026-04-29T15:00,73.1,31.1,303.0,6.1,15.6,147.0,89,32.8,58,1001.6,13.2
2026-04-29T16:00,73.6,29.9,328.0,7.8,13.6,127.0,103,32.3,61,1001.5,12.7
2026-04-29T17:00,72.2,31.3,366.0,12.6,13.3,116.0,113,31.3,64,1001.4,12.5
2026-04-29T18:00,75.4,30.5,432.0,17.9,12.4,101.0,115,30.5,66,1001.3,10.1
2026-04-29T19:00,67.5,30.5,510.0,25.1,11.0,81.0,108,29.4,70,1001.5,8.0
2026-04-29T20:00,70.1,30.6,555.0,29.2,9.9,68.0,92,28.8,76,1001.8,8.6
2026-04-29T21:00,57.7,28.2,543.0,27.3,9.1,69.0,82,28.2,83,1002.0,10.6
2026-04-29T22:00,42.6,24.9,496.0,22.2,8.5,77.0,83,27.9,85,1002.5,8.2
2026-04-29T23:00,33.5,22.6,439.0,17.6,8.0,85.0,83,27.9,86,1002.7,6.0
2026-04-30T00:00,34.7,22.5,368.0,14.5,7.6,89.0,84,27.8,86,1002.7,4.3
2026-04-30T01:00,42.5,24.1,285.0,11.9,7.2,93.0,84,27.5,87,1002.2,5.2
2026-04-30T02:00,49.0,25.6,225.0,9.9,7.1,96.0,85,27.2,88,1001.8,6.4
2026-04-30T03:00,53.1,26.5,192.0,8.6,7.3,97.0,85,27.0,89,1001.7,6.5
2026-04-30T04:00,56.2,27.2,181.0,8.0,7.7,98.0,86,26.8,90,1001.5,7.4
2026-04-30T05:00,59.0,27.6,207.0,8.6,8.5,96.0,87,26.9,92,1001.4,8.9
2026-04-30T06:00,60.5,28.4,308.0,11.6,9.0,96.0,87,27.0,90,1001.9,9.7
2026-04-30T07:00,61.0,29.8,446.0,15.5,9.8,97.0,88,27.6,87,1002.4,8.0
2026-04-30T08:00,71.7,31.8,520.0,17.3,10.9,102.0,89,29.2,76,1003.2,8.9
2026-04-30T09:00,74.5,31.7,466.0,14.8,12.6,116.0,89,31.0,64,1003.8,10.5
2026-04-30T10:00,74.7,31.1,347.0,10.0,14.6,134.0,89,32.4,56,1004.1,12.4
2026-04-30T11:00,78.0,30.9,258.0,6.3,15.7,145.0,89,33.3,52,1004.2,12.4
2026-04-30T12:00,80.3,29.9,236.0,4.8,15.1,144.0,88,34.0,50,1003.8,13.5
2026-04-30T13:00,79.4,28.1,243.0,4.3,13.6,136.0,88,33.9,52,1003.5,14.2
2026-04-30T14:00,72.2,25.7,259.0,4.5,12.4,127.0,87,33.7,53,1002.8,13.9
2026-04-30T15:00,62.4,23.3,280.0,5.1,11.8,118.0,87,33.1,56,1002.2,14.0
2026-04-30T16:00,53.9,21.8,311.0,6.3,11.6,108.0,86,32.6,57,1001.7,12.9
2026-04-30T17:00,39.5,18.0,345.0,9.4,11.7,96.0,85,31.5,61,1001.7,13.5
2026-04-30T18:00,38.8,18.7,389.0,15.6,11.6,84.0,84,30.8,65,1001.5,11.7
2026-04-30T19:00,36.9,20.4,437.0,24.0,11.5,68.0,83,29.5,73,1001.5,10.2
2026-04-30T20:00,39.7,21.7,460.0,29.1,11.2,58.0,83,29.0,77,1002.2,9.4
2026-04-30T21:00,40.3,21.8,442.0,28.0,10.6,58.0,82,28.7,79,1002.9,8.8
2026-04-30T22:00,39.6,21.0,399.0,23.6,9.7,65.0,81,28.3,80,1003.1,9.7
2026-04-30T23:00,38.5,20.1,352.0,19.4,8.9,70.0,81,28.5,77,1002.9,12.3
2026-05-01T00:00,37.7,19.4,300.0,16.6,8.2,73.0,81,28.5,75,1002.8,10.6
2026-05-01T01:00,37.0,18.9,244.0,14.0,7.5,75.0,81,28.4,74,1002.4,12.4
2026-05-01T02:00,36.8,18.3,203.0,11.8,7.0,77.0,80,28.5,72,1001.8,14.4
2026-05-01T03:00,36.4,17.6,176.0,9.5,6.6,80.0,80,28.5,71,1001.6,14.5
2026-05-01T04:00,35.6,16.8,165.0,7.6,6.3,83.0,79,28.4,71,1001.4,13.8
2026-05-01T05:00,40.9,16.8,189.0,7.4,6.6,84.0,78,28.7,71,1001.5,13.2
2026-05-01T06:00,37.6,16.7,288.0,10.4,7.0,81.0,77,28.8,70,1001.8,13.4
2026-05-01T07:00,41.3,18.9,424.0,14.4,7.7,77.0,76,29.4,68,1002.5,14.1
2026-05-01T08:00,52.3,23.1,498.0,16.3,8.6,79.0,75,31.0,62,1003.1,13.5
2026-05-01T09:00,74.5,26.1,449.0,14.0,10.0,92.0,75,32.3,56,1003.7,15.7
2026-05-01T10:00,109.7,30.7,338.0,9.5,11.6,112.0,74,33.4,52,1003.9,14.9
2026-05-01T11:00,146.2,36.7,257.0,6.1,12.8,126.0,74,34.2,52,1003.9,14.7
2026-05-01T12:00,177.4,41.8,241.0,4.9,13.3,131.0,75,35.1,49,1003.7,14.2
2026-05-01T13:00,186.3,44.1,255.0,4.8,13.4,132.0,76,35.8,46,1002.9,13.5
2026-05-01T14:00,175.6,43.3,280.0,5.4,13.1,129.0,77,35.9,45,1002.1,14.3
2026-05-01T15:00,155.5,40.7,314.0,6.9,12.4,121.0,78,35.4,46,1001.1,14.3
2026-05-01T16:00,127.1,36.7,359.0,9.3,11.4,109.0,80,34.4,50,1000.4,13.9
2026-05-01T17:00,101.0,31.4,405.0,11.7,10.0,99.0,81,32.7,55,1000.3,13.0
2026-05-01T18:00,71.5,27.9,456.0,15.3,9.5,92.0,82,31.7,60,999.8,13.1
2026-05-01T19:00,56.3,25.9,508.0,20.1,8.9,81.0,83,31.2,60,1000.2,10.7
2026-05-01T20:00,49.1,23.6,531.0,22.5,8.3,76.0,83,31.1,58,1000.9,8.4
2026-05-01T21:00,45.6,21.7,512.0,20.5,7.8,79.0,83,31.0,56,1001.4,10.9
2026-05-01T22:00,45.5,20.4,465.0,16.2,7.3,87.0,83,30.7,56,1002.1,10.2
2026-05-01T23:00,46.8,19.6,406.0,12.3,6.9,94.0,83,30.2,58,1002.5,10.2
2026-05-02T00:00,44.5,18.8,328.0,9.6,6.4,98.0,83,30.0,60,1001.9,12.8
2026-05-02T01:00,39.3,17.6,238.0,7.3,5.9,100.0,83,29.7,61,1001.3,13.5
2026-05-02T02:00,38.0,16.6,175.0,5.6,5.6,101.0,83,29.7,59,1000.9,13.6
2026-05-02T03:00,38.9,16.2,144.0,4.4,5.3,100.0,83,29.6,59,1000.6,14.6
2026-05-02T04:00,40.3,16.1,139.0,4.0,5.2,96.0,83,29.5,61,1000.4,15.6
2026-05-02T05:00,46.0,16.9,182.0,4.5,5.2,94.0,83,29.2,65,1000.1,14.1
2026-05-02T06:00,65.7,20.5,327.0,8.6,6.1,87.0,83,29.1,63,1000.3,12.8
2026-05-02T07:00,92.2,27.5,520.0,14.2,7.3,79.0,83,29.7,60,1000.9,13.5
2026-05-02T08:00,126.2,36.9,622.0,17.1,8.5,77.0,84,31.4,57,1001.5,13.3
2026-05-02T09:00,182.5,47.7,541.0,14.9,9.6,88.0,85,33.0,51,1002.0,15.5
2026-05-02T10:00,215.6,55.1,368.0,10.1,10.7,105.0,86,34.2,46,1002.2,17.1
2026-05-02T11:00,224.4,57.0,238.0,6.3,11.2,117.0,88,34.9,43,1002.8,16.1
2026-05-02T12:00,211.4,54.0,207.0,4.8,10.8,120.0,90,35.6,40,1002.5,17.3
2026-05-02T13:00,185.3,48.4,220.0,4.4,10.0,118.0,91,35.6,41,1001.8,18.9
2026-05-02T14:00,147.6,40.6,240.0,4.6,9.2,116.0,91,35.5,41,1001.3,19.4
2026-05-02T15:00,112.7,33.4,262.0,5.7,8.8,116.0,91,35.1,42,1000.5,19.1
2026-05-02T16:00,85.9,28.8,291.0,7.4,8.6,116.0,90,34.2,45,999.8,18.3
2026-05-02T17:00,58.7,21.7,316.0,9.6,8.8,113.0,90,32.9,47,999.5,17.6
2026-05-02T18:00,48.7,21.3,333.0,11.9,8.5,109.0,89,31.8,51,999.3,17.1
2026-05-02T19:00,46.3,21.7,344.0,14.9,8.1,104.0,89,30.7,56,999.5,15.2
2026-05-02T20:00,41.9,21.0,344.0,16.5,7.8,101.0,88,30.3,58,1000.1,13.5
2026-05-02T21:00,37.0,19.6,329.0,15.4,7.6,103.0,88,30.1,57,1000.7,13.5
2026-05-02T22:00,33.1,18.0,303.0,12.9,7.4,107.0,88,30.0,57,1001.2,13.0
2026-05-02T23:00,30.4,16.9,273.0,10.4,7.1,111.0,88,30.1,56,1000.9,15.5
2026-05-03T00:00,28.1,15.8,235.0,8.3,6.5,114.0,87,30.0,56,1000.6,14.8
2026-05-03T01:00,25.1,14.4,194.0,6.3,5.9,117.0,87,29.7,56,999.8,13.1
2026-05-03T02:00,22.2,13.2,167.0,4.9,5.4,119.0,87,29.5,56,999.7,12.7
2026-05-03T03:00,20.1,12.1,150.0,4.0,5.2,118.0,87,29.2,60,999.2,13.0
2026-05-03T04:00,19.1,11.3,147.0,3.7,5.2,116.0,86,28.8,62,999.1,11.8
2026-05-03T05:00,27.8,11.8,193.0,5.0,5.5,115.0,86,28.7,66,999.2,13.9
2026-05-03T06:00,26.0,12.3,344.0,9.7,6.3,109.0,86,28.4,67,999.7,12.2
2026-05-03T07:00,29.3,14.8,543.0,16.1,7.6,101.0,85,28.7,68,1000.5,10.8
2026-05-03T08:00,39.0,18.4,659.0,19.6,9.3,101.0,84,30.4,64,1001.3,8.1
2026-05-03T09:00,62.2,22.5,611.0,17.7,12.1,118.0,82,32.9,52,1001.8,6.5
2026-05-03T10:00,94.3,28.2,478.0,12.9,15.3,143.0,81,35.4,41,1002.3,6.8
2026-05-03T11:00,124.8,33.6,369.0,9.0,17.5,161.0,78,35.7,44,1002.2,10.6
2026-05-03T12:00,135.5,35.9,318.0,7.0,18.0,167.0,77,36.2,43,1002.2,12.6
2026-05-03T13:00,128.1,35.2,291.0,5.8,17.4,166.0,82,36.7,42,1001.7,13.9
2026-05-03T14:00,120.1,33.4,287.0,5.8,16.3,160.0,93,36.5,41,1001.2,14.4
2026-05-03T15:00,122.5,33.1,306.0,7.4,14.6,148.0,104,36.1,41,1000.4,13.7
2026-05-03T16:00,124.3,33.1,348.0,10.2,12.4,131.0,114,35.2,46,1000.0,12.9
2026-05-03T17:00,121.1,31.4,420.0,13.8,10.9,115.0,120,33.0,55,999.5,12.8
2026-05-03T18:00,103.1,30.0,561.0,19.0,10.0,102.0,120,31.5,65,999.3,10.3
2026-05-03T19:00,75.4,28.6,731.0,26.0,8.7,85.0,111,30.2,71,999.5,7.0
2026-05-03T20:00,88.0,27.8,816.0,30.1,7.8,73.0,95,29.5,73,999.7,6.1
2026-05-03T21:00,84.5,27.5,746.0,28.7,7.8,73.0,76,29.2,71,1001.2,16.7
2026-05-03T22:00,81.3,27.2,592.0,24.3,8.2,78.0,77,29.1,70,1001.6,9.9
2026-05-03T23:00,85.0,27.8,451.0,20.0,8.3,82.0,78,29.9,56,1001.4,10.0
2026-05-04T00:00,94.1,28.6,350.0,16.5,7.8,83.0,79,30.6,47,1001.1,11.2
2026-05-04T01:00,98.0,28.3,262.0,13.1,7.1,84.0,80,31.1,40,1000.8,13.0
2026-05-04T02:00,94.3,27.3,202.0,10.7,6.7,83.0,81,29.9,49,1000.2,10.2
2026-05-04T03:00,88.0,26.3,161.0,9.1,6.8,79.0,82,30.3,40,999.7,10.6
2026-05-04T04:00,90.1,26.3,148.0,8.4,7.1,74.0,83,29.5,42,1000.4,14.3
2026-05-04T05:00,151.8,33.3,204.0,12.3,8.6,67.0,84,29.4,44,1000.3,11.2
2026-05-04T06:00,150.4,34.1,409.0,18.7,10.3,61.0,86,29.1,43,1000.8,11.7
2026-05-04T07:00,183.0,39.6,683.0,27.3,12.5,55.0,87,30.1,35,1001.6,13.1
2026-05-04T08:00,204.0,48.2,822.0,30.9,14.3,60.0,89,32.6,27,1002.3,11.0
2026-05-04T09:00,396.7,66.1,694.0,24.9,15.2,88.0,92,35.7,17,1002.8,11.3
2026-05-04T10:00,504.8,75.0,431.0,13.9,15.5,129.0,95,38.7,9,1003.2,14.7
2026-05-04T11:00,246.8,39.9,233.0,5.6,15.2,158.0,99,40.3,7,1003.2,15.3
2026-05-04T12:00,178.3,31.0,181.0,2.7,13.7,167.0,99,41.0,7,1002.7,16.5
2026-05-04T13:00,159.7,28.4,193.0,2.5,11.6,165.0,99,41.0,7,1002.1,15.5
2026-05-04T14:00,162.1,28.2,223.0,3.6,10.2,160.0,98,41.2,7,1001.3,15.4
2026-05-04T15:00,185.8,31.2,260.0,6.1,10.4,153.0,99,40.8,8,1000.4,16.7
2026-05-04T16:00,244.0,44.0,316.0,10.1,11.3,143.0,101,39.4,14,999.6,16.4
2026-05-04T17:00,233.8,46.4,378.0,13.8,13.4,141.0,114,38.0,16,999.6,11.0
2026-05-04T18:00,206.8,51.0,457.0,18.4,12.1,126.0,125,36.1,23,999.6,11.1
2026-05-04T19:00,200.7,51.5,543.0,24.7,10.2,106.0,125,32.7,42,1000.4,12.5
2026-05-04T20:00,204.0,52.3,591.0,28.2,8.8,91.0,113,31.9,45,1001.1,9.0
2026-05-04T21:00,210.5,54.0,576.0,26.5,8.2,86.0,113,31.5,44,1001.9,5.7
2026-05-04T22:00,221.2,55.1,524.0,22.0,8.1,86.0,115,31.0,46,1002.8,6.3
2026-05-04T23:00,229.1,54.8,466.0,18.1,8.0,86.0,118,30.4,49,1002.7,9.9
2026-05-05T00:00,229.1,53.1,408.0,15.8,7.7,85.0,121,30.1,49,1002.8,6.9
2026-05-05T01:00,223.5,50.8,346.0,14.1,7.5,84.0,124,29.5,50,1002.8,5.8
2026-05-05T02:00,211.4,48.0,294.0,12.7,7.4,83.0,127,28.8,53,1002.6,7.4
2026-05-05T03:00,197.4,44.7,233.0,11.0,7.4,82.0,129,28.5,57,1002.7,10.1
2026-05-05T04:00,179.7,41.3,184.0,9.7,7.5,82.0,131,28.4,59,1002.6,11.4
2026-05-05T05:00,147.1,35.2,223.0,7.9,6.9,91.0,133,28.7,59,1002.9,10.5
2026-05-05T06:00,134.6,33.9,440.0,14.1,8.1,85.0,133,28.6,60,1003.4,9.1
2026-05-05T07:00,123.4,35.5,745.0,22.5,9.9,78.0,133,29.0,59,1004.1,6.5
2026-05-05T08:00,125.7,37.7,953.0,27.1,12.3,83.0,132,30.9,53,1004.6,5.1
2026-05-05T09:00,149.5,39.5,981.0,24.3,16.3,112.0,130,33.0,45,1005.1,5.7
2026-05-05T10:00,161.1,42.1,910.0,17.7,20.9,152.0,125,34.6,41,1005.6,6.9
2026-05-05T11:00,156.0,44.8,799.0,12.0,23.4,180.0,118,34.0,48,1006.5,12.0
2026-05-05T12:00,137.8,44.0,632.0,8.6,22.1,183.0,119,33.5,50,1006.7,15.2
2026-05-05T13:00,116.4,38.5,424.0,6.1,18.7,174.0,120,33.2,52,1006.5,16.6
2026-05-05T14:00,104.5,33.3,282.0,5.0,15.9,160.0,121,32.5,60,1006.3,16.9
2026-05-05T15:00,98.7,29.9,261.0,5.2,14.5,143.0,122,31.8,65,1005.9,16.0
2026-05-05T16:00,100.6,29.0,306.0,6.7,13.6,121.0,122,31.8,67,1005.5,14.5
2026-05-05T17:00,72.9,24.7,356.0,10.6,13.6,102.0,127,31.2,65,1005.4,13.7
2026-05-05T18:00,66.8,23.9,391.0,19.3,13.8,84.0,125,30.2,76,1005.5,11.3
2026-05-05T19:00,60.5,24.0,430.0,31.4,14.2,58.0,115,29.1,81,1005.8,9.2
2026-05-05T20:00,55.8,27.0,471.0,41.5,14.8,37.0,112,28.4,88,1006.2,5.9
2026-05-05T21:00,58.4,28.6,535.0,48.6,16.2,25.0,110,28.0,89,1006.6,6.7
2026-05-05T22:00,60.1,30.5,602.0,53.7,17.8,17.0,107,27.6,90,1007.1,5.4
2026-05-05T23:00,60.8,33.6,607.0,54.7,18.3,14.0,104,27.3,95,1007.1,7.6
2026-05-06T00:00,60.8,34.1,486.0,49.1,16.4,17.0,102,27.4,93,1007.2,10.7
2026-05-06T01:00,56.2,31.1,303.0,39.3,13.3,25.0,100,27.1,94,1006.9,8.9
2026-05-06T02:00,56.2,29.0,186.0,30.7,11.0,31.0,99,26.9,94,1006.6,5.8
2026-05-06T03:00,56.8,26.5,185.0,24.4,10.3,34.0,97,26.7,94,1006.4,3.3
2026-05-06T04:00,60.5,25.6,250.0,19.4,10.4,36.0,96,26.4,95,1006.4,1.1
2026-05-06T05:00,75.4,34.1,363.0,26.4,12.7,28.0,94,25.6,98,1006.7,5.4
2026-05-06T06:00,83.6,39.1,569.0,27.6,14.5,30.0,94,25.4,96,1007.0,4.8
2026-05-06T07:00,88.5,41.1,823.0,29.0,17.2,35.0,95,25.5,93,1007.5,3.5
2026-05-06T08:00,95.9,36.9,967.0,28.5,20.1,49.0,95,27.4,79,1007.8,2.1
2026-05-06T09:00,110.4,37.3,911.0,24.4,24.1,81.0,95,30.6,60,1008.0,1.5
2026-05-06T10:00,119.0,39.2,745.0,18.4,28.4,122.0,95,33.4,49,1008.0,5.4
2026-05-06T11:00,117.1,39.5,584.0,13.1,30.0,150.0,95,32.5,63,1008.2,13.4
2026-05-06T12:00,109.2,36.6,455.0,9.4,26.8,154.0,94,32.5,61,1007.8,14.0
2026-05-06T13:00,95.9,32.1,331.0,6.4,20.9,145.0,94,32.6,60,1007.2,15.3
2026-05-06T14:00,85.0,28.3,250.0,4.8,16.3,132.0,93,32.2,61,1006.7,16.4
2026-05-06T15:00,78.7,26.1,241.0,4.5,14.4,118.0,93,31.8,61,1005.9,15.1
2026-05-06T16:00,74.3,24.9,275.0,5.6,13.8,102.0,93,31.5,60,1005.3,15.2
2026-05-06T17:00,86.6,27.3,307.0,9.2,14.1,90.0,92,30.5,62,1005.3,12.6
2026-05-06T18:00,78.5,26.5,319.0,14.8,13.9,75.0,92,29.8,67,1004.6,11.4
2026-05-06T19:00,71.0,26.2,330.0,22.5,13.5,55.0,93,27.9,82,1004.1,10.6
2026-05-06T20:00,62.6,27.1,343.0,28.2,13.2,40.0,93,27.5,84,1005.0,11.2
2026-05-06T21:00,61.7,27.4,370.0,30.1,12.9,35.0,93,27.6,85,1005.7,9.4
2026-05-06T22:00,58.3,27.0,401.0,30.1,12.7,34.0,93,27.3,87,1005.9,7.6
2026-05-06T23:00,55.8,26.8,409.0,29.0,12.3,35.0,92,27.5,88,1005.9,9.1
2026-05-07T00:00,53.3,26.7,375.0,27.1,11.7,36.0,92,27.3,89,1005.2,7.7
2026-05-07T01:00,51.0,25.4,317.0,24.1,10.9,38.0,91,27.1,90,1004.4,7.6
2026-05-07T02:00,48.9,23.5,267.0,21.0,10.1,41.0,91,26.9,92,1004.2,8.5
2026-05-07T03:00,45.1,21.2,229.0,17.5,9.0,45.0,91,26.5,95,1003.7,9.6
2026-05-07T04:00,41.1,19.2,197.0,13.8,7.9,49.0,90,26.3,96,1003.8,9.4
2026-05-07T05:00,32.2,16.1,187.0,8.6,7.2,56.0,90,26.5,94,1003.8,12.5
2026-05-07T06:00,31.1,15.9,216.0,9.2,8.3,58.0,88,26.7,93,1004.0,12.8
2026-05-07T07:00,33.4,16.7,265.0,9.9,9.9,62.0,86,27.4,89,1004.6,14.2
2026-05-07T08:00,40.4,17.3,296.0,9.9,11.4,68.0,84,28.8,78,1005.1,15.1
2026-05-07T09:00,45.6,18.6,286.0,8.5,13.0,80.0,83,30.2,70,1005.3,15.5
2026-05-07T10:00,54.0,20.3,256.0,6.3,14.5,96.0,81,31.2,64,1005.4,15.7
2026-05-07T11:00,60.3,21.8,234.0,4.6,15.3,107.0,80,31.9,63,1005.5,16.1
2026-05-07T12:00,64.0,22.3,228.0,3.8,14.9,111.0,79,32.3,61,1005.3,15.8
2026-05-07T13:00,60.3,21.5,229.0,3.4,13.8,110.0,77,32.5,59,1005.1,16.1
2026-05-07T14:00,51.3,20.0,237.0,3.6,12.8,107.0,77,32.1,61,1004.7,16.6
2026-05-07T15:00,44.5,18.7,256.0,4.1,12.2,102.0,76,31.6,65,1004.3,16.5
2026-05-07T16:00,40.6,18.1,282.0,5.2,11.8,95.0,75,31.0,68,1004.0,15.7
2026-05-07T17:00,39.0,15.8,299.0,7.1,12.2,85.0,75,30.2,74,1003.5,17.1
2026-05-07T18:00,37.0,16.1,298.0,10.4,11.8,76.0,74,29.6,78,1003.5,16.7
2026-05-07T19:00,35.6,16.4,288.0,14.8,11.3,63.0,73,28.8,83,1003.9,14.2
2026-05-07T20:00,33.4,16.8,282.0,17.9,10.8,54.0,72,28.6,85,1003.8,13.9
2026-05-07T21:00,32.6,16.6,290.0,18.3,10.4,51.0,72,28.4,87,1004.3,14.9
2026-05-07T22:00,32.1,16.7,303.0,17.2,9.9,52.0,71,28.2,88,1005.6,10.5
2026-05-07T23:00,32.6,17.3,305.0,16.0,9.6,52.0,70,28.2,89,1005.7,8.8
2026-05-08T00:00,32.6,17.6,285.0,14.8,9.4,52.0,69,28.1,88,1005.6,6.5
2026-05-08T01:00,32.0,17.2,254.0,13.4,9.3,51.0,68,27.8,90,1004.7,7.9
2026-05-08T02:00,30.5,16.7,232.0,12.3,9.2,51.0,68,27.5,91,1004.0,8.4
2026-05-08T03:00,29.3,16.1,222.0,11.5,8.9,50.0,67,27.3,92,1003.7,7.6
2026-05-08T04:00,28.5,15.8,221.0,10.9,8.6,48.0,67,27.1,93,1003.4,7.3
2026-05-08T05:00,27.6,15.4,235.0,9.9,8.7,50.0,67,26.9,95,1003.8,6.5
2026-05-08T06:00,29.4,16.2,280.0,11.1,10.9,52.0,66,27.0,95,1004.3,7.2
2026-05-08T07:00,31.8,17.5,341.0,12.6,14.1,57.0,67,27.6,90,1004.9,8.1
2026-05-08T08:00,34.9,17.9,378.0,13.1,17.0,66.0,67,28.7,83,1005.3,8.6
2026-05-08T09:00,38.3,19.4,370.0,11.6,19.7,85.0,67,30.1,74,1005.9,7.9
2026-05-08T10:00,42.8,21.7,339.0,9.0,22.2,110.0,67,31.3,67,1006.0,8.1
2026-05-08T11:00,47.3,24.0,310.0,6.8,23.3,127.0,67,31.6,67,1006.3,12.0
2026-05-08T12:00,48.3,24.8,290.0,5.4,22.1,133.0,67,32.1,65,1006.2,13.6
2026-05-08T13:00,46.1,23.3,274.0,4.5,19.5,132.0,67,32.1,65,1006.1,14.2
2026-05-08T14:00,43.2,21.1,268.0,4.2,17.2,127.0,67,31.9,65,1005.9,14.3
2026-05-08T15:00,41.4,19.2,282.0,4.4,15.6,116.0,67,31.7,66,1005.4,13.9
2026-05-08T16:00,40.7,18.0,306.0,5.3,14.3,100.0,67,31.4,68,1005.0,13.3
2026-05-08T17:00,47.4,18.6,325.0,7.8,13.0,83.0,67,30.8,69,1005.0,13.0
2026-05-08T18:00,44.1,18.1,332.0,13.0,13.0,72.0,68,30.0,76,1005.2,12.3
2026-05-08T19:00,39.9,17.7,332.0,20.1,12.9,56.0,68,29.2,82,1005.6,12.6
2026-05-08T20:00,35.9,18.7,329.0,24.9,12.6,45.0,68,28.9,85,1006.0,11.7
2026-05-08T21:00,34.2,18.7,325.0,25.2,11.7,42.0,68,28.6,87,1006.5,12.1
2026-05-08T22:00,32.2,18.0,316.0,23.2,10.6,44.0,68,28.4,88,1006.8,13.0
2026-05-08T23:00,30.7,17.0,299.0,21.3,9.6,45.0,68,28.5,88,1006.9,12.5
2026-05-09T00:00,30.0,16.5,262.0,20.1,9.0,45.0,68,28.4,88,1007.0,10.5
2026-05-09T01:00,28.9,16.2,216.0,18.9,8.6,45.0,68,28.3,87,1006.9,8.7
2026-05-09T02:00,28.1,15.8,185.0,18.0,8.5,44.0,68,27.8,92,1006.2,8.0
2026-05-09T03:00,28.1,15.5,173.0,17.5,8.3,41.0,68,27.4,95,1005.8,7.2
2026-05-09T04:00,28.1,15.4,177.0,17.3,8.3,38.0,68,27.2,97,1006.0,5.9
2026-05-09T05:00,33.3,20.1,206.0,17.5,10.0,37.0,68,27.0,97,1006.1,6.0
2026-05-09T06:00,34.0,20.9,290.0,18.4,12.9,40.0,68,27.1,96,1006.8,4.5
2026-05-09T07:00,37.4,21.8,399.0,19.6,17.1,44.0,69,27.5,92,1007.4,3.6
2026-05-09T08:00,39.1,20.4,461.0,19.1,20.6,54.0,69,28.8,82,1008.1,5.3
2026-05-09T09:00,45.1,19.8,428.0,15.6,23.4,74.0,69,30.1,74,1008.4,7.5
2026-05-09T10:00,48.2,21.7,347.0,10.5,25.6,98.0,69,31.1,68,1008.5,10.3
2026-05-09T11:00,49.7,23.2,283.0,6.5,26.0,116.0,69,31.5,65,1008.5,12.2
2026-05-09T12:00,49.0,22.7,260.0,4.7,23.4,121.0,69,32.0,63,1008.0,13.4
2026-05-09T13:00,48.3,21.1,255.0,3.9,19.1,119.0,69,32.1,64,1007.7,13.8
2026-05-09T14:00,46.9,19.4,256.0,3.9,15.6,114.0,69,32.0,64,1007.0,14.4
2026-05-09T15:00,45.6,18.3,265.0,4.2,14.1,107.0,69,31.8,66,1006.4,14.6
2026-05-09T16:00,43.4,17.3,281.0,5.2,13.4,98.0,69,31.4,67,1005.9,14.2
2026-05-09T17:00,47.8,19.0,295.0,8.1,13.2,87.0,69,30.6,71,1005.9,13.6
2026-05-09T18:00,47.1,18.6,307.0,13.1,13.3,76.0,69,29.8,75,1005.8,12.4
2026-05-09T19:00,44.2,18.7,317.0,20.1,13.5,60.0,69,28.9,81,1006.2,11.1
2026-05-09T20:00,42.3,20.3,320.0,25.4,13.7,48.0,69,28.4,86,1006.5,10.1
2026-05-09T21:00,43.0,21.1,316.0,27.8,13.9,43.0,69,28.2,87,1007.0,9.6
2026-05-09T22:00,43.4,21.8,305.0,28.6,14.0,42.0,69,28.0,89,1007.3,9.2
2026-05-09T23:00,42.8,22.3,285.0,28.0,13.8,42.0,69,28.0,90,1007.1,8.7
2026-05-10T00:00,40.9,21.9,248.0,25.3,12.9,44.0,70,27.9,90,1006.8,10.1
2026-05-10T01:00,37.6,20.4,201.0,21.2,11.5,47.0,70,27.6,90,1006.5,9.6
2026-05-10T02:00,35.0,18.9,169.0,17.6,10.4,49.0,71,27.5,90,1006.1,9.6
2026-05-10T03:00,32.6,17.6,157.0,15.3,9.4,49.0,71,27.2,92,1006.0,9.1
2026-05-10T04:00,30.4,16.9,160.0,13.5,8.5,48.0,71,27.0,93,1005.6,9.1
2026-05-10T05:00,27.9,15.8,179.0,11.2,8.1,52.0,71,26.9,94,1005.5,8.6
2026-05-10T06:00,29.0,17.1,233.0,11.6,10.3,56.0,71,27.1,93,1005.9,8.3
2026-05-10T07:00,36.2,18.3,303.0,12.1,13.2,61.0,70,27.7,89,1006.5,8.5
2026-05-10T08:00,54.5,22.5,344.0,11.8,15.7,70.0,70,29.0,80,1007.3,9.0
2026-05-10T09:00,47.3,19.8,325.0,9.9,17.2,85.0,70,30.2,73,1007.4,10.5
2026-05-10T10:00,51.8,21.4,275.0,7.2,18.2,102.0,70,31.0,69,1007.6,12.7
2026-05-10T11:00,55.8,22.9,237.0,5.1,18.4,115.0,70,31.5,67,1007.5,13.3
2026-05-10T12:00,59.5,23.6,226.0,4.0,17.2,119.0,70,32.3,61,1007.2,14.4
2026-05-10T13:00,61.7,23.7,225.0,3.6,15.2,117.0,70,32.5,61,1006.7,15.3
2026-05-10T14:00,60.8,23.1,233.0,3.8,13.6,113.0,71,32.4,61,1005.9,15.9
2026-05-10T15:00,57.9,21.8,250.0,4.4,12.8,106.0,71,32.0,64,1005.0,16.0
2026-05-10T16:00,53.3,20.0,274.0,5.6,12.4,96.0,71,31.7,66,1004.5,15.5
2026-05-10T17:00,48.8,18.4,297.0,8.4,12.3,85.0,71,30.9,68,1004.2,13.2
2026-05-10T18:00,45.1,17.6,312.0,14.3,12.4,71.0,71,30.2,72,1004.2,11.7
2026-05-10T19:00,41.0,17.9,326.0,21.7,12.8,56.0,71,29.5,78,1004.7,10.1
2026-05-10T20:00,39.3,19.6,346.0,26.8,13.1,46.0,71,29.0,82,1005.1,9.1
2026-05-10T21:00,39.9,20.4,390.0,27.9,13.2,43.0,71,28.6,84,1005.3,9.5
2026-05-10T22:00,39.6,20.7,440.0,26.8,13.2,45.0,71,28.2,87,1005.7,8.4
2026-05-10T23:00,38.3,20.4,450.0,24.8,12.9,47.0,71,28.2,89,1005.7,8.6
2026-05-11T00:00,36.2,19.4,383.0,21.8,12.0,50.0,71,28.1,89,1005.5,9.6
2026-05-11T01:00,33.8,18.2,277.0,17.9,10.8,53.0,71,27.8,91,1004.8,8.1
2026-05-11T02:00,31.9,17.2,197.0,14.6,9.7,56.0,70,27.5,93,1004.6,8.5
2026-05-11T03:00,31.3,16.6,169.0,12.5,8.8,57.0,70,27.3,94,1004.3,8.7
2026-05-11T04:00,31.4,16.4,169.0,11.0,8.0,57.0,70,27.1,94,1004.2,7.4
2026-05-11T05:00,31.8,17.1,187.0,11.4,8.0,55.0,70,26.9,95,1004.1,7.7
2026-05-11T06:00,33.3,17.2,239.0,12.1,9.7,59.0,70,27.1,95,1004.6,8.7
2026-05-11T07:00,37.0,18.3,309.0,13.0,12.0,64.0,70,27.9,89,1005.3,9.3
2026-05-11T08:00,45.3,19.6,350.0,12.9,14.0,73.0,70,29.0,81,1006.1,10.2
2026-05-11T09:00,50.6,21.2,330.0,10.7,15.4,88.0,70,30.2,73,1006.4,12.0
2026-05-11T10:00,54.1,23.0,279.0,7.5,16.5,106.0,70,31.0,70,1006.5,13.4
2026-05-11T11:00,55.9,23.7,240.0,5.0,16.9,119.0,70,31.8,67,1006.7,14.8
2026-05-11T12:00,55.2,23.2,229.0,3.8,16.2,122.0,70,32.6,63,1006.3,15.6
2026-05-11T13:00,54.7,22.7,229.0,3.4,14.8,121.0,70,32.8,63,1005.8,15.6
2026-05-11T14:00,53.8,22.4,239.0,3.7,13.9,117.0,70,32.9,62,1004.9,14.3
2026-05-11T15:00,53.4,22.3,261.0,4.2,14.1,114.0,70,32.8,63,1004.1,14.3
2026-05-11T16:00,52.4,22.1,292.0,5.5,14.8,109.0,70,32.3,66,1003.6,13.5
2026-05-11T17:00,51.1,21.9,318.0,9.1,16.4,102.0,70,31.4,70,1003.2,12.8
2026-05-11T18:00,46.2,21.0,334.0,16.7,16.7,85.0,71,30.4,75,1003.3,11.0
2026-05-11T19:00,41.1,20.5,346.0,27.2,17.0,63.0,71,29.5,79,1003.8,8.3
2026-05-11T20:00,37.6,22.2,356.0,35.0,17.1,45.0,71,29.1,83,1003.9,8.3
2026-05-11T21:00,36.0,22.4,372.0,37.9,16.7,38.0,71,28.7,86,1004.2,8.6
2026-05-11T22:00,34.5,22.5,387.0,38.0,16.0,36.0,72,28.6,86,1004.5,8.8
2026-05-11T23:00,33.8,21.8,383.0,36.3,15.0,36.0,72,28.5,88,1004.8,7.9
2026-05-12T00:00,32.1,20.3,346.0,32.2,13.3,39.0,72,28.4,88,1004.6,7.7
2026-05-12T01:00,30.4,18.7,291.0,26.2,11.3,43.0,72,28.2,90,1004.3,7.4
2026-05-12T02:00,29.3,17.6,246.0,21.3,9.8,47.0,72,28.0,92,1003.7,6.0
2026-05-12T03:00,30.6,17.5,215.0,18.5,8.9,47.0,72,27.8,93,1003.4,7.3
2026-05-12T04:00,31.8,17.4,195.0,16.7,8.6,47.0,72,27.7,93,1003.1,8.9
2026-05-12T05:00,27.8,17.0,200.0,16.9,9.6,45.0,72,28.0,92,1002.8,9.0
2026-05-12T06:00,29.6,16.2,256.0,16.3,12.0,50.0,72,28.0,92,1003.1,8.7
2026-05-12T07:00,36.1,16.6,338.0,15.4,15.3,58.0,72,28.6,88,1003.8,9.7
2026-05-12T08:00,44.8,17.9,387.0,14.0,18.1,70.0,72,29.7,80,1004.4,7.8
2026-05-12T09:00,53.2,20.1,370.0,11.5,20.1,89.0,72,31.1,72,1004.6,8.4
2026-05-12T10:00,62.2,22.8,320.0,8.5,21.6,112.0,72,32.3,67,1004.7,9.5
2026-05-12T11:00,68.9,25.3,281.0,6.2,22.3,129.0,72,33.8,57,1004.4,9.5
2026-05-12T12:00,73.6,26.3,266.0,5.0,21.9,138.0,72,34.4,54,1003.6,10.3
2026-05-12T13:00,77.5,27.0,261.0,4.5,20.8,141.0,72,34.9,51,1002.8,10.8
2026-05-12T14:00,88.7,28.7,271.0,4.8,19.7,141.0,72,34.8,52,1002.0,12.0
2026-05-12T15:00,102.9,31.1,302.0,5.7,19.1,137.0,73,34.2,53,1001.1,12.5
2026-05-12T16:00,114.8,32.9,348.0,7.4,18.6,129.0,73,33.3,56,1000.5,12.0
2026-05-12T17:00,119.0,33.8,387.0,11.2,18.0,117.0,83,33.5,57,1000.4,10.3
2026-05-12T18:00,110.4,32.7,415.0,18.9,17.0,97.0,89,32.0,62,1000.3,9.8
2026-05-12T19:00,88.7,30.4,436.0,28.6,15.9,72.0,85,30.7,71,1000.9,7.0
2026-05-12T20:00,66.8,28.9,449.0,35.6,15.0,54.0,77,30.0,79,1001.2,9.1
2026-05-12T21:00,56.6,27.6,444.0,38.0,14.6,46.0,78,29.6,82,1001.5,8.4
2026-05-12T22:00,49.1,27.0,430.0,37.7,14.3,45.0,78,29.4,82,1002.0,7.1
2026-05-12T23:00,42.6,24.7,432.0,35.7,13.8,46.0,78,29.4,81,1001.9,8.4
2026-05-13T00:00,36.2,22.1,467.0,31.4,12.4,49.0,78,29.1,81,1001.7,6.6
2026-05-13T01:00,33.6,20.4,519.0,25.5,10.7,55.0,79,28.8,82,1001.3,4.6
2026-05-13T02:00,35.7,20.8,559.0,21.0,9.7,59.0,79,28.4,84,1000.8,2.7
2026-05-13T03:00,40.5,22.5,575.0,19.4,9.8,59.0,79,28.1,85,1000.3,2.4
2026-05-13T04:00,42.8,23.2,580.0,19.3,10.6,56.0,79,27.7,88,1000.2,4.9
2026-05-13T05:00,75.9,39.7,589.0,34.5,11.1,29.0,80,27.6,93,1000.3,4.7
2026-05-13T06:00,61.9,34.5,626.0,33.5,11.6,38.0,82,27.3,93,1000.9,5.6
2026-05-13T07:00,51.3,31.7,667.0,31.7,12.3,51.0,83,28.6,86,1001.4,4.0
2026-05-13T08:00,54.5,30.9,659.0,28.3,12.4,69.0,84,30.8,70,1002.0,5.3
2026-05-13T09:00,79.9,34.1,554.0,21.6,11.4,97.0,85,32.7,58,1002.4,7.2
2026-05-13T10:00,137.4,45.8,399.0,13.2,9.7,129.0,86,34.2,53,1002.7,8.7
2026-05-13T11:00,194.2,59.8,282.0,6.9,8.1,149.0,88,35.7,45,1002.6,13.1
2026-05-13T12:00,200.2,63.8,241.0,4.4,6.7,148.0,91,36.3,39,1002.2,17.3
2026-05-13T13:00,153.2,53.9,239.0,4.1,5.4,136.0,94,36.3,38,1001.8,19.8
2026-05-13T14:00,83.8,34.8,246.0,4.6,4.5,123.0,96,36.6,35,1001.1,20.5
2026-05-13T15:00,38.5,20.1,254.0,5.7,4.2,112.0,96,36.3,36,1000.5,19.9
2026-05-13T16:00,26.8,16.4,273.0,7.7,4.3,101.0,96,35.4,39,1000.0,20.4
2026-05-13T17:00,27.8,15.5,299.0,9.5,4.1,91.0,94,34.6,42,999.5,22.4
2026-05-13T18:00,22.9,15.0,343.0,12.5,4.3,84.0,93,33.3,46,999.4,19.5
2026-05-13T19:00,22.5,15.2,395.0,16.6,4.6,73.0,91,32.3,50,999.5,16.8
2026-05-13T20:00,23.5,15.5,424.0,19.1,4.9,66.0,90,31.8,51,1000.2,14.1
2026-05-13T21:00,24.6,15.8,415.0,18.8,5.1,64.0,89,31.4,53,1000.6,15.2
2026-05-13T22:00,26.1,16.6,382.0,17.0,5.1,64.0,88,30.9,56,1001.0,15.3
2026-05-13T23:00,28.1,17.7,340.0,14.9,5.1,65.0,87,30.8,58,1000.7,13.9
2026-05-14T00:00,29.7,18.5,285.0,12.9,4.8,65.0,87,30.3,60,1000.6,13.2
2026-05-14T01:00,31.1,19.0,220.0,10.7,4.5,65.0,87,29.6,66,1000.4,11.9
2026-05-14T02:00,30.3,18.5,172.0,8.8,4.2,64.0,87,29.1,71,1000.3,11.7
2026-05-14T03:00,22.4,13.7,150.0,7.4,4.2,62.0,86,28.7,75,1000.5,13.2
2026-05-14T04:00,15.3,9.7,145.0,6.4,4.2,60.0,86,28.5,78,1000.7,14.1
2026-05-14T05:00,13.6,8.2,158.0,5.5,4.0,60.0,85,28.3,84,1001.0,14.0
2026-05-14T06:00,12.3,7.8,204.0,6.9,4.5,59.0,82,27.9,87,1001.5,15.0
2026-05-14T07:00,13.0,8.6,268.0,8.6,5.1,58.0,80,28.5,86,1002.5,15.7
2026-05-14T08:00,17.8,11.3,305.0,9.4,5.5,61.0,78,29.6,79,1003.0,17.4
2026-05-14T09:00,20.5,12.6,286.0,8.1,5.5,71.0,77,30.7,73,1003.6,18.4
2026-05-14T10:00,21.7,13.1,239.0,5.9,5.3,83.0,75,31.5,69,1004.0,18.9
2026-05-14T11:00,21.8,12.9,203.0,4.1,5.0,92.0,72,32.4,64,1004.3,20.1
2026-05-14T12:00,21.4,13.0,192.0,3.4,4.7,93.0,69,32.6,62,1003.7,20.6
2026-05-14T13:00,20.8,12.5,192.0,3.2,4.4,90.0,65,32.8,62,1003.1,19.8
2026-05-14T14:00,21.2,12.5,198.0,3.4,4.2,85.0,61,32.7,62,1002.5,19.2
2026-05-14T15:00,21.9,12.7,215.0,3.9,4.1,79.0,60,32.4,63,1001.7,18.6
2026-05-14T16:00,22.9,12.9,238.0,4.8,4.1,71.0,59,31.6,67,1001.1,18.2
2026-05-14T17:00,34.1,15.9,251.0,6.3,4.2,65.0,59,31.0,69,1000.7,18.0
2026-05-14T18:00,32.2,15.6,245.0,8.7,4.4,58.0,59,29.8,75,1000.5,18.1
2026-05-14T19:00,30.9,15.4,230.0,11.9,4.6,49.0,59,29.1,78,1000.7,17.3
2026-05-14T20:00,22.8,11.5,215.0,14.0,4.8,42.0,59,28.9,78,1001.0,16.9
2026-05-14T21:00,21.2,11.1,206.0,14.2,4.9,40.0,59,28.7,80,1001.6,16.3
2026-05-14T22:00,20.9,11.0,198.0,13.4,5.0,39.0,58,28.5,81,1002.2,15.9
2026-05-14T23:00,20.9,10.8,187.0,12.1,4.9,40.0,58,28.7,82,1001.8,14.2
2026-05-15T00:00,21.2,10.4,170.0,10.2,4.6,41.0,57,28.6,82,1001.9,13.6
2026-05-15T01:00,20.9,9.8,150.0,7.9,4.1,43.0,57,28.4,84,1001.6,14.8
2026-05-15T02:00,21.3,9.5,137.0,6.1,3.8,45.0,56,28.3,85,1001.2,14.5
2026-05-15T03:00,21.8,9.3,133.0,5.2,3.7,46.0,55,28.3,85,1001.2,14.7
2026-05-15T04:00,22.6,9.2,136.0,4.8,3.8,46.0,55,28.2,85,1001.2,16.0
2026-05-15T05:00,24.3,9.9,149.0,4.9,3.7,52.0,55,28.5,80,1001.5,15.4
2026-05-15T06:00,24.7,9.9,180.0,5.6,3.9,52.0,55,28.3,80,1002.0,14.2
2026-05-15T07:00,32.2,12.4,221.0,6.5,4.2,52.0,55,28.9,76,1003.0,17.5
2026-05-15T08:00,37.4,14.2,245.0,6.8,4.4,55.0,55,29.9,68,1003.6,16.2
2026-05-15T09:00,37.7,14.4,235.0,5.9,4.5,62.0,56,30.9,63,1004.1,18.7
2026-05-15T10:00,38.4,14.5,208.0,4.3,4.5,72.0,56,31.8,60,1004.7,17.7
2026-05-15T11:00,38.3,14.7,188.0,3.1,4.5,79.0,56,32.4,58,1005.1,17.4
2026-05-15T12:00,36.7,14.5,185.0,2.7,4.4,81.0,56,32.8,56,1004.4,17.3
2026-05-15T13:00,34.7,14.1,189.0,2.6,4.3,81.0,56,32.9,58,1003.8,17.3
2026-05-15T14:00,33.5,13.7,198.0,2.9,4.3,79.0,56,32.8,59,1003.1,16.9
2026-05-15T15:00,34.3,13.6,215.0,3.6,4.4,75.0,56,32.5,62,1002.2,16.4
2026-05-15T16:00,36.1,13.8,237.0,4.6,4.5,69.0,56,32.0,64,1001.5,16.1
2026-05-15T17:00,28.6,11.9,253.0,6.5,4.8,65.0,57,31.5,66,1001.3,15.3
2026-05-15T18:00,31.1,12.7,260.0,9.1,5.0,57.0,56,30.4,72,1001.2,14.5
2026-05-15T19:00,30.7,13.4,261.0,12.7,5.3,47.0,56,29.5,79,1001.6,13.4
2026-05-15T20:00,27.1,12.9,257.0,15.4,5.5,39.0,56,29.0,83,1002.1,12.1
2026-05-15T21:00,23.4,11.6,246.0,16.6,5.7,36.0,56,28.7,84,1002.7,11.3
2026-05-15T22:00,22.1,11.4,230.0,16.9,5.9,36.0,56,28.5,85,1003.2,11.7
2026-05-15T23:00,21.1,11.0,212.0,16.2,5.9,37.0,56,28.7,83,1003.3,12.8
2026-05-16T00:00,19.7,10.1,192.0,13.8,5.5,40.0,56,28.5,84,1003.3,13.7
2026-05-16T01:00,19.2,9.3,171.0,10.3,4.8,44.0,56,28.2,85,1002.8,12.6
2026-05-16T02:00,19.6,9.1,157.0,7.6,4.4,48.0,56,28.0,86,1002.4,10.9
2026-05-16T03:00,22.4,9.5,149.0,6.6,4.4,49.0,56,27.9,86,1002.7,10.6
2026-05-16T04:00,25.6,10.2,148.0,6.3,4.6,50.0,56,27.8,86,1003.2,9.1
2026-05-16T05:00,28.2,11.4,161.0,6.9,5.3,51.0,56,27.7,86,1003.5,9.6
2026-05-16T06:00,30.6,12.4,205.0,7.5,5.6,53.0,56,27.6,86,1003.8,9.0
2026-05-16T07:00,44.4,15.7,263.0,8.2,6.1,57.0,56,28.5,79,1004.3,8.8
2026-05-16T08:00,51.1,17.5,297.0,8.3,6.4,63.0,57,29.7,71,1004.8,9.8
2026-05-16T09:00,55.9,19.2,283.0,7.1,6.5,75.0,57,31.0,65,1005.3,10.8
2026-05-16T10:00,59.4,20.7,244.0,5.4,6.4,91.0,57,31.8,61,1005.2,11.8
2026-05-16T11:00,62.9,22.1,215.0,4.0,6.2,102.0,58,32.8,58,1005.1,12.8
2026-05-16T12:00,65.4,22.6,208.0,3.4,5.9,106.0,58,33.0,57,1004.7,14.2
2026-05-16T13:00,67.5,23.0,212.0,3.2,5.4,105.0,59,33.3,55,1004.3,13.4
2026-05-16T14:00,70.5,23.5,221.0,3.5,5.1,102.0,60,33.2,55,1004.0,13.9
2026-05-16T15:00,73.8,24.0,239.0,4.1,5.0,96.0,60,32.6,57,1003.6,14.3
2026-05-16T16:00,77.5,24.7,264.0,5.3,5.0,87.0,61,31.8,61,1003.2,14.4
2026-05-16T17:00,86.6,27.0,282.0,8.0,5.6,86.0,62,31.2,63,1003.2,13.1
2026-05-16T18:00,87.3,27.1,290.0,11.1,5.7,74.0,63,30.0,69,1003.4,12.6
2026-05-16T19:00,82.7,26.5,291.0,15.3,5.8,57.0,64,28.9,76,1003.5,11.5
2026-05-16T20:00,75.7,25.0,285.0,19.0,6.0,44.0,65,28.5,80,1004.2,10.4
2026-05-16T21:00,66.6,23.2,268.0,21.9,6.4,37.0,66,28.2,83,1004.8,9.3
2026-05-16T22:00,61.2,22.9,242.0,24.1,6.9,32.0,67,28.0,84,1005.4,9.9
2026-05-16T23:00,59.5,22.5,216.0,24.3,7.0,31.0,68,28.1,85,1005.2,11.2
2026-05-17T00:00,57.3,21.5,189.0,21.0,6.4,34.0,69,27.8,87,1005.2,11.9
2026-05-17T01:00,56.1,20.4,161.0,15.5,5.5,39.0,70,27.4,89,1004.8,11.5
2026-05-17T02:00,54.4,19.2,142.0,11.0,4.8,44.0,71,27.2,88,1004.6,11.9
2026-05-17T03:00,52.2,18.3,136.0,8.4,4.4,47.0,72,27.1,88,1004.5,11.7
2026-05-17T04:00,51.9,17.8,139.0,6.7,4.1,49.0,72,27.0,87,1004.6,12.0
2026-05-17T05:00,54.5,18.1,150.0,5.4,4.0,52.0,73,27.1,88,1004.8,12.7
2026-05-17T06:00,51.0,17.8,176.0,5.9,4.5,53.0,73,27.0,88,1005.2,11.7
2026-05-17T07:00,60.3,19.5,211.0,6.6,5.2,56.0,74,27.7,82,1005.7,12.4
2026-05-17T08:00,72.6,22.2,231.0,6.8,5.8,62.0,74,28.9,74,1006.2,12.3
2026-05-17T09:00,78.7,24.9,224.0,5.9,6.1,75.0,75,30.5,64,1006.7,12.5
2026-05-17T10:00,86.4,27.1,202.0,4.5,6.3,92.0,75,32.0,56,1007.0,13.1
2026-05-17T11:00,88.9,27.9,186.0,3.4,6.3,104.0,76,33.4,44,1007.2,13.5
2026-05-17T12:00,89.6,27.3,182.0,2.9,6.0,107.0,76,33.7,45,1006.9,14.5
2026-05-17T13:00,85.0,25.9,184.0,2.7,5.5,105.0,76,33.9,44,1006.4,14.7
2026-05-17T14:00,80.6,24.8,188.0,2.9,5.2,101.0,77,33.8,45,1005.8,15.2
2026-05-17T15:00,76.4,23.7,198.0,3.4,5.1,95.0,77,33.3,46,1005.1,15.4
2026-05-17T16:00,71.7,22.9,210.0,4.3,5.2,88.0,77,32.3,52,1004.6,15.3
2026-05-17T17:00,86.1,26.0,217.0,5.7,5.3,82.0,77,31.1,63,1004.4,15.1
2026-05-17T18:00,77.8,25.6,213.0,7.8,5.3,72.0,76,29.6,71,1004.4,14.6
2026-05-17T19:00,70.1,25.7,203.0,10.6,5.4,58.0,76,28.4,79,1004.5,13.6
2026-05-17T20:00,60.3,23.4,192.0,12.6,5.4,47.0,76,28.0,81,1004.7,13.4
2026-05-17T21:00,54.0,22.2,182.0,13.1,5.5,43.0,76,27.9,82,1005.2,14.1
2026-05-17T22:00,54.1,22.5,172.0,12.7,5.5,43.0,76,27.7,83,1005.7,14.3
2026-05-17T23:00,54.4,22.7,162.0,11.7,5.4,44.0,76,28.1,80,1005.3,14.6
2026-05-18T00:00,53.2,22.3,151.0,9.9,5.0,46.0,76,27.7,83,1005.1,13.7
2026-05-18T01:00,51.7,21.5,140.0,7.5,4.3,49.0,76,27.4,85,1004.4,13.9
2026-05-18T02:00,51.2,20.7,133.0,5.7,3.9,52.0,76,27.3,86,1004.0,13.9
2026-05-18T03:00,50.5,20.0,129.0,4.8,3.8,54.0,76,27.1,87,1003.8,13.3
2026-05-18T04:00,49.0,19.4,130.0,4.3,3.9,55.0,76,27.0,86,1004.0,13.3
2026-05-18T05:00,46.6,18.4,140.0,4.2,3.5,55.0,77,27.1,85,1003.9,14.1
2026-05-18T06:00,46.7,18.7,170.0,5.1,3.9,56.0,77,27.2,82,1004.0,14.6
2026-05-18T07:00,55.2,20.5,210.0,6.3,4.5,57.0,77,27.9,76,1004.5,17.0
2026-05-18T08:00,63.8,24.2,234.0,6.8,4.9,61.0,77,28.8,71,1005.0,18.0
2026-05-18T09:00,66.6,25.3,228.0,6.0,5.1,69.0,77,30.0,65,1005.3,18.4
2026-05-18T10:00,69.2,26.1,207.0,4.5,5.1,80.0,77,31.0,61,1005.4,17.5
2026-05-18T11:00,70.1,26.2,191.0,3.4,5.0,87.0,77,32.0,58,1005.3,18.4
2026-05-18T12:00,68.2,25.6,187.0,2.9,4.8,88.0,77,32.2,57,1005.1,19.1
2026-05-18T13:00,66.4,24.9,187.0,2.7,4.5,86.0,77,32.2,56,1004.6,19.6
2026-05-18T14:00,65.7,24.7,192.0,2.9,4.3,83.0,77,32.1,59,1004.2,19.6
2026-05-18T15:00,64.5,24.6,206.0,3.4,4.3,78.0,77,31.7,62,1003.7,19.7
2026-05-18T16:00,62.9,24.4,224.0,4.3,4.3,72.0,77,31.3,64,1003.1,19.8
2026-05-18T17:00,61.9,24.7,235.0,6.0,4.4,66.0,77,30.8,66,1002.4,18.9
2026-05-18T18:00,60.5,24.6,233.0,8.0,4.5,60.0,77,29.6,72,1002.5,18.4
2026-05-18T19:00,56.8,24.3,224.0,10.7,4.8,52.0,77,28.8,77,1002.5,17.6
2026-05-18T20:00,48.4,21.0,213.0,12.6,4.9,46.0,76,28.6,79,1002.7,16.9
2026-05-18T21:00,43.8,18.7,203.0,12.9,5.0,44.0,76,28.5,79,1003.1,17.9
2026-05-18T22:00,41.4,17.8,191.0,12.4,5.0,45.0,76,28.5,80,1003.4,17.0
2026-05-18T23:00,40.9,17.4,179.0,11.4,4.9,46.0,76,28.6,80,1003.1,16.4
2026-05-19T00:00,40.0,16.8,164.0,9.7,4.6,48.0,75,28.4,81,1003.1,17.3
2026-05-19T01:00,39.5,16.2,149.0,7.5,4.1,51.0,75,28.3,83,1002.4,15.1
2026-05-19T02:00,39.6,15.9,139.0,5.8,3.8,53.0,74,28.3,82,1002.1,15.6
2026-05-19T03:00,39.9,15.8,134.0,5.0,3.7,54.0,74,28.2,81,1001.8,15.9
2026-05-19T04:00,40.0,15.7,134.0,4.6,3.8,54.0,74,28.2,82,1001.8,16.6
2026-05-19T05:00,39.6,16.1,144.0,4.5,3.7,57.0,73,28.3,82,1001.9,16.8
2026-05-19T06:00,39.8,16.2,173.0,5.2,3.9,58.0,73,28.3,82,1002.3,17.2
2026-05-19T07:00,48.5,19.3,211.0,6.2,4.2,59.0,73,29.0,79,1003.0,19.7
2026-05-19T08:00,60.5,22.2,235.0,6.6,4.5,62.0,73,30.0,72,1003.4,21.3
2026-05-19T09:00,65.4,23.5,229.0,5.8,4.7,70.0,73,31.0,67,1003.9,21.2
2026-05-19T10:00,63.8,23.1,207.0,4.5,4.8,80.0,73,31.9,66,1004.1,20.2
2026-05-19T11:00,67.5,23.7,192.0,3.5,4.9,87.0,72,32.8,63,1004.2,19.6
2026-05-19T12:00,70.8,24.4,190.0,3.1,4.8,90.0,72,33.0,63,1003.8,19.5
2026-05-19T13:00,71.0,24.8,194.0,3.0,4.7,91.0,72,33.1,63,1003.1,19.6
2026-05-19T14:00,67.8,24.5,204.0,3.3,4.6,89.0,72,32.9,65,1002.5,19.2
2026-05-19T15:00,64.7,24.1,224.0,4.1,4.6,84.0,72,32.5,67,1002.0,18.6
2026-05-19T16:00,59.5,23.1,249.0,5.2,4.6,76.0,72,31.9,71,1001.4,17.7
2026-05-19T17:00,58.7,22.8,264.0,6.8,4.7,70.0,72,31.6,70,1001.3,17.1
2026-05-19T18:00,49.8,21.4,259.0,9.1,4.9,62.0,72,30.4,76,1001.4,16.1
2026-05-19T19:00,42.7,20.4,245.0,12.2,5.2,52.0,71,29.5,82,1001.5,14.7
2026-05-19T20:00,34.3,16.6,231.0,14.4,5.4,44.0,71,29.1,86,1002.0,12.6
2026-05-19T21:00,31.4,16.2,225.0,15.1,5.5,41.0,71,28.9,87,1002.5,10.1
2026-05-19T22:00,31.9,16.4,220.0,14.8,5.6,42.0,71,28.7,87,1003.2,9.9
2026-05-19T23:00,33.2,16.8,210.0,13.9,5.5,43.0,70,28.9,87,1003.2,10.7
2026-05-20T00:00,34.0,16.8,190.0,12.0,5.1,45.0,70,28.5,90,1003.0,11.2
2026-05-20T01:00,34.0,16.4,166.0,9.5,4.6,49.0,70,28.2,91,1002.5,11.8
2026-05-20T02:00,34.2,16.2,149.0,7.5,4.3,52.0,70,28.0,92,1002.3,12.1
2026-05-20T03:00,36.0,16.5,141.0,6.5,4.2,54.0,70,27.8,93,1002.1,11.3
2026-05-20T04:00,38.4,16.9,139.0,6.0,4.3,56.0,71,27.7,93,1002.2,12.1
2026-05-20T05:00,37.3,16.7,152.0,5.9,4.4,58.0,71,27.9,90,1002.4,13.0
2026-05-20T06:00,38.1,17.1,193.0,6.8,4.7,61.0,71,27.8,89,1002.9,14.0
2026-05-20T07:00,48.0,19.3,249.0,8.0,5.1,65.0,71,28.5,82,1003.7,16.0
2026-05-20T08:00,56.2,22.5,282.0,8.5,5.5,72.0,71,29.5,75,1004.1,15.4
2026-05-20T09:00,61.7,23.9,271.0,7.5,5.8,85.0,71,30.4,70,1004.5,15.8
2026-05-20T10:00,68.0,25.4,237.0,5.7,5.9,101.0,71,31.2,67,1004.7,16.4
2026-05-20T11:00,73.3,26.7,212.0,4.3,6.0,113.0,71,32.6,63,1004.5,17.0
2026-05-20T12:00,76.1,27.1,207.0,3.8,5.9,117.0,71,33.1,58,1004.2,17.1
2026-05-20T13:00,78.0,27.4,211.0,3.6,5.6,117.0,71,33.3,56,1003.6,17.4
2026-05-20T14:00,76.8,27.4,220.0,4.0,5.4,114.0,72,33.2,57,1003.0,17.0
2026-05-20T15:00,77.3,27.8,237.0,4.8,5.4,108.0,72,32.8,59,1002.4,16.7
2026-05-20T16:00,75.9,28.0,259.0,6.1,5.4,100.0,72,32.1,64,1001.8,16.9
2026-05-20T17:00,92.2,32.4,276.0,8.0,5.2,92.0,73,31.6,63,1001.7,15.8
2026-05-20T18:00,83.6,31.2,286.0,11.2,5.5,81.0,73,30.4,71,1001.5,14.6
2026-05-20T19:00,74.5,30.5,292.0,15.6,6.0,67.0,74,29.4,78,1001.8,12.5
2026-05-20T20:00,61.2,27.5,287.0,18.3,6.2,56.0,75,28.9,83,1002.2,11.8
2026-05-20T21:00,55.4,26.0,266.0,18.0,6.1,53.0,76,28.6,85,1002.7,12.0
2026-05-20T22:00,53.7,24.9,236.0,16.1,5.8,54.0,76,28.5,86,1003.3,13.2
2026-05-20T23:00,52.0,23.8,208.0,13.9,5.5,55.0,77,28.8,85,1003.3,16.3
2026-05-21T00:00,52.7,23.1,185.0,11.5,5.0,56.0,78,28.7,84,1003.1,15.3
2026-05-21T01:00,53.6,22.5,165.0,8.7,4.5,59.0,78,28.3,88,1002.7,14.0
2026-05-21T02:00,54.5,22.4,152.0,6.7,4.2,60.0,79,28.2,88,1002.4,14.2
2026-05-21T03:00,55.8,22.5,145.0,5.9,4.2,60.0,79,28.2,86,1002.3,14.1
2026-05-21T04:00,57.2,22.8,145.0,5.8,4.4,59.0,80,28.3,83,1002.4,13.7
2026-05-21T05:00,61.0,23.8,157.0,6.0,4.6,62.0,80,28.3,84,1002.4,12.5
2026-05-21T06:00,63.6,24.7,195.0,6.9,5.0,64.0,81,28.1,84,1003.0,12.1
2026-05-21T07:00,80.8,28.2,245.0,8.1,5.5,66.0,81,28.7,80,1003.6,13.6
2026-05-21T08:00,100.8,33.1,275.0,8.5,5.8,71.0,82,29.8,74,1004.2,14.9
2026-05-21T09:00,111.3,36.1,264.0,7.3,5.8,80.0,83,30.9,67,1004.4,15.5
2026-05-21T10:00,105.7,34.6,233.0,5.2,5.7,92.0,84,31.6,65,1004.6,15.9
2026-05-21T11:00,104.1,34.6,209.0,3.7,5.5,100.0,84,32.5,62,1004.6,15.9
2026-05-21T12:00,103.6,34.1,203.0,3.1,5.4,102.0,85,32.5,63,1004.4,15.9
2026-05-21T13:00,101.0,33.5,204.0,3.1,5.2,100.0,86,32.6,63,1003.9,16.6
2026-05-21T14:00,95.5,32.7,210.0,3.4,5.1,96.0,86,32.4,64,1003.3,16.7
2026-05-21T15:00,91.5,31.9,223.0,4.0,5.0,89.0,87,32.1,65,1002.9,17.1
2026-05-21T16:00,87.5,31.1,241.0,5.0,4.8,80.0,87,31.7,66,1002.5,16.1
2026-05-21T17:00,123.4,42.3,252.0,6.6,5.1,77.0,87,31.6,66,1002.5,15.3
2026-05-21T18:00,122.5,42.6,249.0,8.2,5.2,70.0,88,30.6,70,1002.7,15.4
2026-05-21T19:00,118.3,42.5,238.0,10.4,5.3,61.0,89,29.9,73,1003.2,15.0
2026-05-21T20:00,115.3,42.6,228.0,12.3,5.5,54.0,90,29.6,75,1003.7,14.4
2026-05-21T21:00,102.2,39.2,221.0,13.6,5.7,50.0,91,29.3,78,1004.3,13.2
2026-05-21T22:00,97.3,38.0,215.0,14.5,6.0,49.0,92,29.0,81,1004.8,12.7
2026-05-21T23:00,92.7,37.1,206.0,14.6,6.1,48.0,93,29.0,81,1004.9,13.3
2026-05-22T00:00,90.3,36.4,191.0,13.5,5.9,48.0,94,28.7,82,1004.9,13.0
2026-05-22T01:00,87.3,35.3,174.0,11.6,5.6,49.0,95,28.5,84,1004.7,12.2
2026-05-22T02:00,84.8,34.1,162.0,10.1,5.4,49.0,96,28.3,85,1004.4,11.3
2026-05-22T03:00,83.6,33.3,156.0,9.4,5.5,48.0,97,28.1,87,1004.7,10.6
2026-05-22T04:00,82.4,32.6,155.0,9.1,5.7,47.0,98,27.9,88,1004.9,9.7
2026-05-22T05:00,79.9,30.9,169.0,7.6,5.4,52.0,99,28.1,86,1004.9,9.6
2026-05-22T06:00,79.9,31.0,214.0,8.2,5.8,53.0,99,27.9,87,1005.4,9.7
2026-05-22T07:00,98.0,34.0,274.0,9.0,6.3,55.0,100,28.7,82,1006.3,10.2
2026-05-22T08:00,117.6,37.4,310.0,9.1,6.7,60.0,100,29.9,75,1006.9,10.5
2026-05-22T09:00,130.4,40.2,297.0,7.8,6.8,72.0,101,30.9,70,1007.4,10.8
2026-05-22T10:00,138.8,42.4,259.0,5.8,6.9,87.0,101,31.7,67,1007.7,11.8
2026-05-22T11:00,139.7,43.8,231.0,4.3,6.8,98.0,102,32.4,63,1007.7,11.7
2026-05-22T12:00,143.0,45.1,227.0,3.7,6.6,103.0,103,32.7,61,1007.4,12.4
2026-05-22T13:00,143.9,45.5,233.0,3.5,6.4,105.0,104,33.0,59,1006.8,13.2
2026-05-22T14:00,143.9,45.6,242.0,3.8,6.2,103.0,105,32.9,60,1006.1,14.1
2026-05-22T15:00,141.6,45.4,256.0,4.6,6.1,95.0,107,32.4,62,1005.6,15.2
2026-05-22T16:00,132.2,43.9,273.0,5.9,5.9,83.0,108,31.5,66,1005.4,15.6
2026-05-22T17:00,163.0,52.6,279.0,7.5,5.8,74.0,109,31.3,70,1005.3,13.7
2026-05-22T18:00,156.9,51.2,265.0,8.6,5.6,67.0,110,30.1,75,1005.6,13.7
2026-05-22T19:00,148.1,49.6,239.0,10.1,5.4,57.0,111,29.6,78,1006.0,13.1
2026-05-22T20:00,147.6,49.1,217.0,11.0,5.2,50.0,112,29.4,79,1006.5,14.8
2026-05-22T21:00,151.3,49.1,204.0,10.9,5.1,48.0,113,29.2,79,1006.8,15.7
2026-05-22T22:00,142.5,48.5,195.0,10.2,5.1,50.0,114,29.1,79,1007.4,14.5
2026-05-22T23:00,139.2,48.9,185.0,9.4,5.0,51.0,115,29.1,80,1007.5,14.3
2026-05-23T00:00,137.4,49.0,170.0,8.5,4.9,52.0,116,29.0,80,1007.5,13.7
2026-05-23T01:00,135.0,49.1,154.0,7.6,4.7,53.0,117,28.8,81,1007.3,12.8
2026-05-23T02:00,133.6,48.4,143.0,6.8,4.6,54.0,119,28.5,83,1007.2,11.8
2026-05-23T03:00,127.6,46.9,136.0,6.3,4.7,55.0,120,28.4,82,1007.1,10.7
2026-05-23T04:00,121.1,44.0,134.0,6.1,4.8,57.0,122,28.2,82,1007.2,10.0
2026-05-23T05:00,99.0,38.0,149.0,6.2,5.0,61.0,123,28.0,82,1007.0,10.3
2026-05-23T06:00,90.3,36.2,199.0,7.2,5.4,64.0,124,27.7,84,1007.4,10.0
2026-05-23T07:00,105.9,38.2,265.0,8.6,5.9,68.0,124,28.3,78,1007.8,10.3
2026-05-23T08:00,110.8,40.2,305.0,9.1,6.3,75.0,125,29.4,73,1008.3,9.9
2026-05-23T09:00,109.4,40.4,293.0,7.9,6.5,89.0,125,30.6,66,1008.8,10.7
2026-05-23T10:00,108.3,40.7,255.0,5.9,6.6,106.0,125,31.6,62,1009.0,12.0
2026-05-23T11:00,106.6,40.5,226.0,4.3,6.5,118.0,125,32.3,60,1008.7,12.8
2026-05-23T12:00,102.9,40.0,221.0,3.6,6.2,122.0,124,32.6,58,1008.4,13.4
2026-05-23T13:00,100.1,39.6,225.0,3.5,5.8,120.0,124,32.5,58,1007.9,14.4
2026-05-23T14:00,99.0,39.1,231.0,3.7,5.5,115.0,123,32.0,62,1007.4,15.5
2026-05-23T15:00,99.4,38.8,239.0,4.4,5.2,105.0,123,31.5,65,1007.0,16.4
2026-05-23T16:00,100.8,39.0,248.0,5.5,5.0,91.0,122,31.0,67,1006.5,16.7
2026-05-23T17:00,101.0,39.0,253.0,7.1,5.0,84.0,121,30.9,67,1006.3,15.8
2026-05-23T18:00,102.2,39.5,249.0,8.7,5.1,76.0,120,29.9,71,1006.1,14.9
2026-05-23T19:00,101.3,39.5,240.0,11.0,5.2,65.0,119,29.0,76,1006.1,14.0
2026-05-23T20:00,100.4,39.5,229.0,12.8,5.3,57.0,118,28.6,78,1006.4,13.4
2026-05-23T21:00,92.2,38.6,215.0,13.9,5.4,54.0,117,28.6,77,1007.0,13.9
2026-05-23T22:00,89.6,38.5,199.0,14.6,5.6,54.0,116,28.5,78,1007.6,14.3
2026-05-23T23:00,88.0,38.2,183.0,14.1,5.5,55.0,115,28.5,79,1007.5,14.0
2026-05-24T00:00,85.7,37.3,166.0,11.7,5.0,58.0,113,28.2,80,1007.2,13.6
2026-05-24T01:00,85.2,36.2,149.0,8.3,4.2,63.0,112,28.0,82,1006.7,14.3
2026-05-24T02:00,82.4,35.2,137.0,5.6,3.7,67.0,111,27.8,82,1006.3,14.6
2026-05-24T03:00,82.0,34.6,132.0,4.5,3.6,68.0,109,27.8,81,1006.0,14.6
2026-05-24T04:00,85.7,35.7,133.0,4.3,3.7,68.0,108,27.8,79,1006.4,14.2
2026-05-24T05:00,77.8,33.4,140.0,4.2,3.7,72.0,107,27.9,81,1006.7,14.8
2026-05-24T06:00,81.0,33.9,158.0,4.5,3.9,74.0,107,28.0,78,1007.2,14.5
2026-05-24T07:00,104.1,39.2,182.0,5.0,4.3,76.0,107,28.8,73,1007.9,15.6
2026-05-24T08:00,108.7,40.6,195.0,5.0,4.5,79.0,107,29.7,70,1008.4,17.7
2026-05-24T09:00,109.0,40.7,188.0,4.3,4.6,84.0,107,30.7,65,1008.7,18.3
2026-05-24T10:00,109.7,40.9,171.0,3.2,4.6,90.0,107,31.5,61,1008.8,18.8
2026-05-24T11:00,108.7,40.4,158.0,2.4,4.6,94.0,107,32.4,60,1008.7,19.8
2026-05-24T12:00,108.5,40.2,156.0,2.1,4.5,93.0,107,32.7,58,1008.3,20.0
2026-05-24T13:00,108.0,39.7,159.0,2.0,4.3,90.0,107,32.6,59,1007.6,19.2
2026-05-24T14:00,107.1,39.1,164.0,2.2,4.1,86.0,107,32.9,59,1006.8,18.8
2026-05-24T15:00,102.4,37.6,175.0,2.6,4.1,80.0,107,32.5,62,1005.9,18.7
2026-05-24T16:00,96.9,35.7,188.0,3.3,4.1,74.0,107,31.8,66,1005.6,18.6
2026-05-24T17:00,118.5,43.9,195.0,4.3,4.1,68.0,106,31.1,67,1005.5,18.3
2026-05-24T18:00,110.1,41.4,191.0,5.3,4.2,62.0,107,30.0,72,1005.4,17.2
2026-05-24T19:00,99.4,39.1,181.0,6.7,4.3,55.0,107,29.1,79,1005.7,16.4
2026-05-24T20:00,83.4,32.8,171.0,7.7,4.4,49.0,107,28.8,81,1006.0,17.6
2026-05-24T21:00,70.1,28.6,164.0,7.9,4.4,47.0,106,28.8,80,1006.4,18.2
2026-05-24T22:00,65.4,27.1,158.0,7.6,4.3,47.0,105,28.8,81,1007.1,16.9
2026-05-24T23:00,62.4,25.5,151.0,7.1,4.2,48.0,104,28.9,79,1007.1,17.4
2026-05-25T00:00,59.1,24.0,141.0,6.2,3.9,49.0,103,28.7,80,1006.7,17.6
2026-05-25T01:00,58.2,23.3,131.0,5.1,3.6,50.0,101,28.8,78,1006.1,17.4
2026-05-25T02:00,58.8,23.3,125.0,4.3,3.3,51.0,100,28.6,81,1005.8,17.6
2026-05-25T03:00,58.3,23.4,121.0,3.9,3.2,52.0,99,28.4,82,1005.4,17.7
2026-05-25T04:00,57.9,23.6,122.0,3.7,3.3,53.0,98,28.4,81,1005.2,17.1
2026-05-25T05:00,61.9,24.9,134.0,3.8,3.3,54.0,97,28.1,87,1005.4,16.2
2026-05-25T06:00,58.9,24.6,171.0,4.8,3.7,55.0,97,28.2,87,1005.4,15.8
2026-05-25T07:00,69.8,27.0,220.0,6.1,4.2,58.0,96,29.0,82,1006.0,17.6
2026-05-25T08:00,95.5,34.6,250.0,6.8,4.7,62.0,95,30.2,74,1006.4,18.0
2026-05-25T09:00,99.0,34.8,243.0,6.1,5.0,70.0,94,31.3,69,1006.8,18.4
2026-05-25T10:00,103.6,35.9,216.0,4.7,5.2,80.0,94,32.0,66,1007.0,17.3
2026-05-25T11:00,105.2,36.4,196.0,3.6,5.3,87.0,94,32.4,66,1006.8,18.0
2026-05-25T12:00,102.0,36.1,189.0,3.1,5.2,89.0,93,32.6,65,1006.5,19.0
2026-05-25T13:00,90.3,33.5,189.0,2.9,4.9,89.0,93,32.9,64,1005.7,20.3
2026-05-25T14:00,83.4,31.5,195.0,3.2,4.7,86.0,92,32.9,65,1004.9,20.2
2026-05-25T15:00,79.9,30.3,213.0,4.0,4.6,81.0,92,32.4,68,1004.1,19.8
2026-05-25T16:00,74.0,28.6,238.0,5.3,4.6,73.0,91,31.8,72,1003.5,18.6
2026-05-25T17:00,80.3,31.0,255.0,6.9,4.9,69.0,91,31.6,72,1003.2,16.9
2026-05-25T18:00,66.6,27.8,257.0,9.0,5.0,62.0,90,30.5,78,1003.2,13.9
2026-05-25T19:00,50.3,22.6,250.0,11.8,5.2,52.0,89,29.6,83,1003.6,13.0
2026-05-25T20:00,42.4,19.7,239.0,14.3,5.5,44.0,87,29.4,84,1004.0,12.7
2026-05-25T21:00,39.9,19.4,225.0,16.2,5.9,40.0,86,29.3,85,1004.3,11.3
2026-05-25T22:00,38.1,19.1,207.0,17.7,6.4,38.0,86,29.0,87,1004.7,10.2
2026-05-25T23:00,37.7,19.4,189.0,17.8,6.6,38.0,85,29.3,87,1004.9,10.3
2026-05-26T00:00,37.5,19.0,172.0,15.7,6.2,40.0,84,28.8,90,1004.6,10.5
2026-05-26T01:00,36.6,17.9,155.0,12.3,5.4,44.0,84,28.6,92,1004.4,10.6
2026-05-26T02:00,34.9,16.7,143.0,9.4,4.8,47.0,84,28.3,93,1003.9,12.7
2026-05-26T03:00,35.3,16.1,134.0,7.5,4.5,49.0,83,28.2,93,1003.6,13.3
2026-05-26T04:00,36.2,15.9,131.0,6.2,4.4,51.0,83,28.1,93,1003.6,13.5
2026-05-26T05:00,33.2,15.4,144.0,6.0,4.3,52.0,82,28.1,93,1003.8,13.2
2026-05-26T06:00,34.1,15.8,192.0,7.0,4.7,53.0,81,28.0,94,1004.1,12.7
2026-05-26T07:00,41.8,18.2,256.0,8.3,5.3,54.0,81,28.8,88,1004.8,13.3
2026-05-26T08:00,57.9,23.5,296.0,8.8,5.8,60.0,80,30.1,80,1005.3,12.0
2026-05-26T09:00,62.9,25.8,287.0,7.7,6.0,73.0,79,31.1,75,1005.5,11.4
2026-05-26T10:00,71.7,28.7,252.0,5.8,6.1,90.0,78,32.2,71,1005.8,11.3
2026-05-26T11:00,77.1,30.5,226.0,4.4,6.1,103.0,78,33.3,66,1005.7,13.5
2026-05-26T12:00,80.6,31.3,218.0,3.8,6.0,108.0,77,33.7,63,1005.4,14.5
2026-05-26T13:00,77.8,30.7,218.0,3.7,5.7,108.0,77,33.8,63,1004.9,15.7
2026-05-26T14:00,73.3,29.3,226.0,4.0,5.5,105.0,77,33.8,63,1004.2,16.2
2026-05-26T15:00,65.9,27.2,248.0,4.7,5.3,98.0,76,33.5,63,1003.4,15.9
2026-05-26T16:00,55.9,24.4,279.0,5.9,5.2,87.0,76,33.1,65,1003.2,15.1
2026-05-26T17:00,47.1,21.5,299.0,8.0,5.5,80.0,76,32.8,67,1003.2,13.4
2026-05-26T18:00,38.2,18.8,299.0,10.8,5.8,70.0,75,31.3,74,1003.1,12.2
2026-05-26T19:00,30.3,17.2,288.0,14.7,6.2,56.0,74,30.1,81,1003.6,12.0
2026-05-26T20:00,24.1,14.8,277.0,17.5,6.5,45.0,74,29.5,84,1004.0,10.8
2026-05-26T21:00,24.2,15.0,272.0,18.3,6.7,41.0,74,29.2,87,1004.5,10.2
2026-05-26T22:00,27.2,16.3,267.0,18.0,6.7,41.0,73,29.0,88,1005.2,9.4
2026-05-26T23:00,30.3,17.3,254.0,17.2,6.7,41.0,73,28.9,90,1005.6,8.0
2026-05-27T00:00,31.7,17.6,223.0,15.9,6.6,40.0,73,28.5,92,1005.5,6.6
2026-05-27T01:00,32.5,17.4,184.0,14.1,6.3,40.0,73,28.3,93,1005.3,6.9
2026-05-27T02:00,31.5,16.8,155.0,12.3,6.1,41.0,73,28.0,94,1005.0,9.2
2026-05-27T03:00,30.7,16.1,140.0,10.5,5.8,42.0,73,27.9,94,1004.8,10.6
2026-05-27T04:00,32.2,15.8,135.0,8.8,5.5,45.0,73,27.9,93,1004.9,12.4
2026-05-27T05:00,32.0,15.4,148.0,7.4,5.4,48.0,73,28.2,92,1005.0,13.8
2026-05-27T06:00,33.1,15.7,194.0,8.2,5.6,49.0,73,28.2,92,1005.3,13.9
2026-05-27T07:00,38.8,17.6,258.0,9.2,6.0,51.0,73,28.9,87,1006.1,13.6
2026-05-27T08:00,48.3,20.5,296.0,9.5,6.2,56.0,73,30.0,79,1006.7,14.0
2026-05-27T09:00,51.6,22.6,283.0,8.2,6.2,68.0,72,31.1,73,1007.1,14.3
2026-05-27T10:00,53.1,23.9,244.0,6.1,6.1,84.0,72,32.1,69,1007.1,13.9
2026-05-27T11:00,52.5,24.6,214.0,4.5,5.9,96.0,72,33.0,64,1007.0,14.8
2026-05-27T12:00,50.6,24.7,206.0,3.8,5.7,102.0,71,33.3,64,1006.5,15.8
2026-05-27T13:00,48.8,24.6,208.0,3.7,5.5,103.0,71,33.4,65,1005.9,16.2
2026-05-27T14:00,48.1,24.5,217.0,4.0,5.3,101.0,70,33.2,66,1005.2,16.7
2026-05-27T15:00,47.4,24.0,236.0,4.7,5.2,93.0,70,32.9,68,1004.7,16.7
2026-05-27T16:00,46.9,23.2,263.0,6.0,5.2,82.0,70,32.3,71,1004.4,16.2
2026-05-27T17:00,59.5,27.8,284.0,8.1,5.3,75.0,70,32.3,69,1004.0,15.3
2026-05-27T18:00,58.3,27.1,299.0,11.4,5.7,65.0,70,31.2,74,1004.1,13.5
2026-05-27T19:00,54.6,26.4,309.0,15.9,6.1,50.0,71,30.1,81,1004.4,11.8
2026-05-27T20:00,43.3,22.2,306.0,18.8,6.4,40.0,72,29.5,87,1004.6,11.6
2026-05-27T21:00,39.2,20.7,281.0,18.6,6.3,38.0,72,29.1,89,1004.8,12.3
2026-05-27T22:00,37.5,20.1,243.0,16.7,6.1,40.0,73,28.9,91,1005.4,14.0
2026-05-27T23:00,37.4,19.8,207.0,14.5,5.7,43.0,73,29.2,89,1005.9,12.9
2026-05-28T00:00,36.3,19.2,178.0,12.2,5.2,45.0,73,28.9,91,1005.8,13.4
2026-05-28T01:00,35.2,18.5,152.0,9.6,4.7,47.0,73,28.7,92,1005.3,14.3
2026-05-28T02:00,34.3,17.8,134.0,7.5,4.3,48.0,73,28.4,93,1005.1,14.0
2026-05-28T03:00,33.6,17.2,124.0,6.3,4.1,48.0,73,28.4,92,1004.7,14.7
2026-05-28T04:00,32.8,17.0,123.0,5.7,4.1,49.0,73,28.3,92,1004.3,15.0
2026-05-28T05:00,33.3,16.9,135.0,5.4,4.1,51.0,74,28.4,91,1004.4,15.5
2026-05-28T06:00,32.4,16.9,174.0,6.6,4.5,51.0,74,28.3,92,1004.9,14.7
2026-05-28T07:00,35.9,18.6,227.0,8.2,5.2,51.0,74,29.1,86,1005.5,15.9
2026-05-28T08:00,43.5,21.6,260.0,8.9,5.6,54.0,74,30.3,79,1005.7,17.1
2026-05-28T09:00,47.0,23.3,252.0,7.8,5.7,65.0,74,31.4,72,1006.0,17.1
2026-05-28T10:00,48.5,24.3,223.0,5.8,5.7,79.0,74,32.2,69,1006.1,16.9
2026-05-28T11:00,48.5,24.8,201.0,4.3,5.6,89.0,74,33.2,65,1006.1,16.7
2026-05-28T12:00,47.5,24.7,196.0,3.7,5.4,93.0,74,33.4,65,1005.7,16.4
2026-05-28T13:00,46.9,24.5,199.0,3.4,5.0,94.0,74,33.6,64,1005.1,16.1
2026-05-28T14:00,47.8,24.7,208.0,3.7,4.8,91.0,74,33.4,67,1004.3,17.5
2026-05-28T15:00,46.3,24.0,227.0,4.4,4.7,85.0,74,32.8,72,1003.6,17.8
2026-05-28T16:00,46.4,23.3,252.0,5.6,4.7,75.0,74,32.2,74,1003.0,18.0
2026-05-28T17:00,75.7,35.3,268.0,7.2,4.7,67.0,74,32.0,74,1002.8,16.8
2026-05-28T18:00,68.2,33.2,266.0,9.6,4.8,60.0,75,30.9,79,1002.7,15.7
2026-05-28T19:00,55.5,27.5,254.0,12.9,5.1,51.0,75,30.1,84,1003.0,15.1
2026-05-28T20:00,46.0,24.2,241.0,15.3,5.3,44.0,75,29.6,88,1003.5,13.8
2026-05-28T21:00,43.5,23.2,232.0,16.2,5.6,41.0,75,29.5,89,1004.2,12.6
2026-05-28T22:00,42.8,23.1,223.0,16.3,6.0,41.0,76,29.3,90,1004.6,11.9
2026-05-28T23:00,41.2,22.6,209.0,15.5,6.1,41.0,76,29.4,90,1004.4,13.3
2026-05-29T00:00,38.8,21.4,184.0,13.4,5.7,43.0,76,29.0,92,1003.9,14.4
2026-05-29T01:00,36.4,19.8,155.0,10.4,5.0,45.0,76,28.9,92,1003.5,13.2
2026-05-29T02:00,33.4,18.1,134.0,7.9,4.5,48.0,76,28.8,91,1003.4,13.1
2026-05-29T03:00,31.5,16.9,124.0,6.4,4.2,50.0,76,28.7,91,1003.5,12.4
2026-05-29T04:00,30.7,16.2,124.0,5.3,4.1,51.0,76,28.6,91,1003.1,15.1
2026-05-29T05:00,30.9,16.2,137.0,5.0,3.9,53.0,76,28.8,92,1003.1,15.5
2026-05-29T06:00,31.0,16.2,178.0,6.1,4.3,53.0,76,28.8,91,1003.6,13.8
2026-05-29T07:00,34.8,17.8,234.0,7.5,4.8,53.0,76,29.5,87,1004.0,13.8
2026-05-29T08:00,43.7,21.5,268.0,8.1,5.2,57.0,76,30.7,79,1004.3,16.2
2026-05-29T09:00,49.4,24.4,260.0,7.3,5.5,69.0,76,31.9,72,1004.5,15.9
2026-05-29T10:00,53.7,26.7,232.0,5.6,5.7,84.0,76,32.6,70,1004.3,16.0
2026-05-29T11:00,57.7,28.2,211.0,4.4,5.7,95.0,76,33.5,66,1004.2,16.4
2026-05-29T12:00,60.5,28.9,208.0,3.8,5.5,99.0,77,34.1,64,1003.6,17.3
2026-05-29T13:00,62.6,29.2,212.0,3.6,5.2,98.0,77,34.5,63,1002.9,17.5
2026-05-29T14:00,62.9,28.7,221.0,3.9,4.9,95.0,77,34.4,63,1002.1,17.2
2026-05-29T15:00,62.9,27.9,238.0,4.7,4.8,88.0,78,34.0,65,1001.4,17.1
2026-05-29T16:00,58.4,26.4,260.0,6.0,4.7,78.0,78,33.0,70,1000.7,17.3
2026-05-29T17:00,78.2,33.3,277.0,8.0,4.6,75.0,78,32.2,72,1000.4,17.3
2026-05-29T18:00,62.2,28.9,287.0,10.5,4.9,66.0,78,31.3,75,1000.5,16.4
2026-05-29T19:00,44.0,23.3,293.0,13.9,5.2,54.0,78,30.3,80,1000.8,15.9
2026-05-29T20:00,34.1,19.6,290.0,16.0,5.4,45.0,77,30.1,83,1001.2,13.6
2026-05-29T21:00,31.1,18.4,277.0,15.6,5.3,43.0,77,29.8,85,1001.4,12.1
2026-05-29T22:00,30.4,18.1,257.0,13.8,5.0,45.0,77,29.6,85,1001.9,12.2
2026-05-29T23:00,30.2,17.7,232.0,11.8,4.7,47.0,76,29.4,87,1001.6,11.8
2026-05-30T00:00,30.0,17.3,200.0,9.8,4.3,50.0,76,29.1,88,1001.4,12.5
2026-05-30T01:00,30.2,16.7,163.0,7.7,3.9,53.0,75,29.0,86,1001.0,14.4
2026-05-30T02:00,31.1,16.4,138.0,6.0,3.6,55.0,75,28.9,87,1000.7,14.1
2026-05-30T03:00,31.3,16.2,126.0,5.0,3.5,56.0,75,28.7,88,1000.4,14.8
2026-05-30T04:00,31.0,16.0,125.0,4.5,3.5,55.0,75,28.7,88,1000.3,13.5
2026-05-30T05:00,32.5,16.3,142.0,4.8,3.7,58.0,75,28.9,89,1000.1,13.2
2026-05-30T06:00,31.9,16.5,193.0,6.7,4.2,58.0,75,28.9,90,1000.4,14.5
2026-05-30T07:00,33.2,17.6,262.0,9.2,5.0,58.0,75,29.7,86,1001.0,14.4
2026-05-30T08:00,45.4,22.9,302.0,10.4,5.5,62.0,75,30.8,80,1001.4,14.8
2026-05-30T09:00,54.0,26.0,287.0,9.2,5.7,75.0,75,31.9,75,1001.7,14.4
2026-05-30T10:00,62.4,28.2,243.0,6.7,5.6,92.0,75,32.9,70,1001.7,15.7
2026-05-30T11:00,69.4,29.4,210.0,4.8,5.5,104.0,75,33.6,70,1001.8,18.5
2026-05-30T12:00,72.4,29.2,201.0,4.0,5.3,107.0,75,34.2,65,1001.4,17.9
2026-05-30T13:00,75.4,28.8,203.0,3.8,4.9,104.0,75,35.0,61,1001.1,15.9
2026-05-30T14:00,70.8,27.2,212.0,4.0,4.7,99.0,75,35.1,59,1000.5,15.8
2026-05-30T15:00,59.8,25.1,234.0,4.8,4.6,91.0,75,34.6,62,999.7,15.7
2026-05-30T16:00,54.4,24.0,263.0,6.0,4.6,81.0,75,33.7,65,999.4,15.4
2026-05-30T17:00,54.1,23.4,283.0,7.9,4.6,76.0,75,33.0,70,999.4,14.8
2026-05-30T18:00,41.0,21.8,286.0,10.3,4.9,67.0,74,31.4,78,999.3,15.6
2026-05-30T19:00,34.2,21.1,280.0,13.6,5.3,54.0,74,30.6,84,1000.0,14.9
2026-05-30T20:00,27.5,17.8,269.0,15.7,5.6,45.0,73,30.1,86,1000.7,12.5
2026-05-30T21:00,25.8,16.5,252.0,15.8,5.7,42.0,73,29.9,88,1001.6,11.8
2026-05-30T22:00,26.9,16.6,230.0,14.7,5.7,43.0,73,29.8,88,1002.2,11.9
2026-05-30T23:00,27.7,16.8,207.0,13.2,5.5,44.0,73,29.7,88,1002.6,13.1
2026-05-31T00:00,28.1,16.5,181.0,11.0,5.0,46.0,73,29.4,90,1002.5,13.4
2026-05-31T01:00,28.3,16.3,154.0,8.3,4.4,48.0,73,29.3,90,1002.5,14.7
2026-05-31T02:00,29.5,16.6,136.0,6.3,4.0,50.0,73,29.1,89,1002.1,14.6
2026-05-31T03:00,31.1,17.3,129.0,5.5,3.9,50.0,73,28.9,92,1001.9,13.4
2026-05-31T04:00,32.8,18.0,131.0,5.4,3.9,48.0,73,28.7,92,1002.0,12.5
2026-05-31T05:00,33.3,18.3,141.0,5.9,4.4,49.0,73,28.9,92,1001.9,14.1
2026-05-31T06:00,34.8,19.0,168.0,6.1,4.6,50.0,73,28.8,92,1002.8,11.8
2026-05-31T07:00,38.6,20.4,203.0,6.3,4.9,52.0,73,29.6,86,1003.6,11.7
2026-05-31T08:00,44.6,22.6,223.0,6.1,5.1,55.0,74,30.6,80,1004.3,13.4
2026-05-31T09:00,47.3,23.3,211.0,5.3,5.1,61.0,74,31.5,74,1004.8,15.2
2026-05-31T10:00,46.7,23.3,183.0,4.1,5.0,67.0,73,32.1,71,1004.9,16.6
2026-05-31T11:00,44.8,22.5,162.0,3.2,4.9,73.0,73,32.6,70,1005.4,16.2
2026-05-31T12:00,42.8,21.7,157.0,2.6,4.7,77.0,73,33.0,67,1005.4,15.9
2026-05-31T13:00,40.5,20.4,160.0,2.3,4.5,79.0,72,32.9,69,1005.1,16.0
2026-05-31T14:00,40.4,20.5,165.0,2.2,4.4,79.0,71,32.8,69,1004.5,16.1
2026-05-31T15:00,38.1,19.2,173.0,2.5,4.4,76.0,71,32.5,71,1003.7,17.0
2026-05-31T16:00,37.5,19.0,184.0,3.1,4.4,70.0,70,32.0,73,1003.4,16.9
2026-05-31T17:00,49.9,23.4,190.0,4.1,4.6,65.0,70,31.7,71,1003.2,16.8
2026-05-31T18:00,47.4,22.4,187.0,5.7,4.8,60.0,70,30.9,73,1003.2,16.0
2026-05-31T19:00,42.8,21.0,179.0,7.9,5.1,52.0,70,30.4,75,1003.7,15.9
2026-05-31T20:00,41.1,21.4,172.0,9.5,5.4,47.0,70,30.1,77,1004.3,14.3
2026-05-31T21:00,39.5,21.4,168.0,10.1,5.6,46.0,70,30.1,76,1005.1,13.5
2026-05-31T22:00,35.0,19.1,165.0,10.1,5.8,46.0,71,29.9,76,1005.8,12.5
2026-05-31T23:00,33.6,18.2,159.0,9.9,5.8,47.0,71,29.9,80,1005.7,12.5
2026-06-01T00:00,33.6,18.1,147.0,9.4,5.6,47.0,71,29.5,83,1005.5,10.2
2026-06-01T01:00,41.4,21.1,133.0,8.6,5.2,48.0,71,29.2,84,1005.2,10.1
2026-06-01T02:00,39.1,20.1,124.0,8.0,5.0,48.0,71,29.1,85,1004.5,10.8
2026-06-01T03:00,39.8,20.1,117.0,7.8,5.0,47.0,72,29.0,85,1004.3,11.2
2026-06-01T04:00,38.5,19.4,115.0,7.8,5.1,46.0,72,28.9,85,1004.2,9.9
2026-06-01T05:00,40.9,18.9,130.0,5.9,5.0,55.0,72,28.6,86,1004.1,6.6
2026-06-01T06:00,40.4,19.4,183.0,7.0,5.6,56.0,72,28.7,86,1004.8,7.0
2026-06-01T07:00,55.5,23.3,253.0,8.5,6.5,59.0,72,29.6,81,1005.4,8.0
2026-06-01T08:00,59.4,24.3,296.0,9.1,7.1,64.0,72,30.8,74,1005.8,9.0
2026-06-01T09:00,63.6,25.6,283.0,7.9,7.2,76.0,72,31.8,68,1006.1,10.8
2026-06-01T10:00,66.4,27.2,242.0,5.8,7.0,91.0,73,32.4,65,1006.3,12.5
2026-06-01T11:00,67.5,28.1,210.0,4.1,6.8,101.0,73,33.0,62,1006.7,11.8
2026-06-01T12:00,65.2,27.9,201.0,3.4,6.5,104.0,73,33.0,61,1006.5,12.4
2026-06-01T13:00,62.4,27.1,202.0,3.1,6.0,102.0,74,32.9,64,1005.9,14.1
2026-06-01T14:00,57.6,25.9,207.0,3.2,5.7,97.0,74,32.7,65,1005.3,14.8
2026-06-01T15:00,53.0,24.7,219.0,3.8,5.5,89.0,75,32.1,68,1004.4,14.7
2026-06-01T16:00,47.4,23.2,236.0,4.8,5.4,78.0,75,31.8,70,1004.1,14.4
2026-06-01T17:00,79.2,34.7,245.0,6.3,5.8,75.0,76,32.3,66,1003.6,13.8
2026-06-01T18:00,76.1,33.3,238.0,8.1,5.9,66.0,76,31.5,67,1003.6,13.2
2026-06-01T19:00,73.6,32.0,224.0,10.6,6.0,54.0,77,31.0,69,1003.7,14.3
2026-06-01T20:00,69.8,31.1,212.0,12.7,6.1,44.0,78,30.3,73,1003.8,14.0
2026-06-01T21:00,63.8,29.9,209.0,14.0,6.3,40.0,79,30.1,75,1004.9,12.1
2026-06-01T22:00,59.3,28.9,208.0,15.0,6.4,39.0,80,30.1,76,1006.2,7.7
2026-06-01T23:00,52.5,25.4,202.0,15.7,6.6,38.0,80,30.2,75,1005.6,5.8
2026-06-02T00:00,51.9,25.1,183.0,16.2,6.7,36.0,81,29.7,79,1005.0,9.0
2026-06-02T01:00,49.6,25.2,158.0,16.5,6.8,33.0,82,29.3,81,1003.5,16.1
2026-06-02T02:00,46.7,24.8,143.0,16.2,6.9,32.0,82,29.1,82,1005.6,6.3
2026-06-02T03:00,47.0,24.6,142.0,15.1,6.9,33.0,82,29.3,81,1004.8,6.0
2026-06-02T04:00,46.6,24.0,150.0,13.5,6.8,35.0,83,29.1,83,1005.0,6.7
2026-06-02T05:00,42.0,24.2,171.0,21.1,9.6,27.0,83,29.1,82,1005.4,10.9
2026-06-02T06:00,49.5,25.6,218.0,17.9,9.4,34.0,83,29.2,82,1005.9,9.9
2026-06-02T07:00,57.5,26.2,277.0,13.5,9.1,44.0,84,29.9,77,1006.2,11.1
2026-06-02T08:00,62.6,27.5,311.0,9.7,8.8,55.0,84,30.6,73,1006.3,13.5
2026-06-02T09:00,65.2,28.1,293.0,7.3,8.3,67.0,84,31.2,70,1006.4,13.8
2026-06-02T10:00,69.2,28.9,249.0,5.7,7.7,80.0,84,32.2,65,1006.4,12.6
2026-06-02T11:00,72.6,29.6,221.0,4.5,7.3,93.0,85,33.0,59,1007.0,9.1
2026-06-02T12:00,75.9,31.0,225.0,3.8,7.4,106.0,85,33.5,56,1006.4,8.6
2026-06-02T13:00,74.5,31.7,244.0,3.6,7.7,119.0,85,34.2,55,1005.5,9.3
2026-06-02T14:00,74.0,32.2,267.0,4.0,8.1,125.0,85,33.9,58,1004.6,12.2
2026-06-02T15:00,73.1,32.5,297.0,4.9,8.4,123.0,86,33.1,60,1003.6,12.8
2026-06-02T16:00,71.9,32.1,332.0,6.3,8.7,115.0,86,32.7,61,1003.2,11.2
2026-06-02T17:00,110.1,45.2,349.0,8.3,10.1,107.0,87,31.9,67,1002.7,14.0
2026-06-02T18:00,102.7,42.4,336.0,11.1,9.6,90.0,88,30.7,75,1002.7,15.1
2026-06-02T19:00,95.9,40.0,306.0,15.0,8.9,66.0,89,30.2,77,1003.7,10.5
2026-06-02T20:00,91.5,38.4,279.0,17.7,8.3,49.0,89,29.8,78,1003.9,12.4
2026-06-02T21:00,84.3,35.0,263.0,18.0,7.8,44.0,90,29.5,80,1004.2,12.2
2026-06-02T22:00,72.2,31.2,249.0,17.1,7.5,44.0,90,29.4,81,1004.3,11.4
2026-06-02T23:00,68.0,29.3,231.0,16.3,7.2,45.0,90,29.0,81,1003.6,11.6
2026-06-03T00:00,65.9,28.3,200.0,16.0,7.1,43.0,91,28.8,80,1004.3,8.8
2026-06-03T01:00,60.1,26.8,165.0,15.9,7.2,41.0,91,28.6,80,1004.5,6.9
2026-06-03T02:00,57.7,25.5,147.0,15.7,7.3,39.0,91,28.3,80,1004.3,4.5
2026-06-03T03:00,55.3,24.0,156.0,15.6,7.3,36.0,91,28.1,82,1004.0,2.3
2026-06-03T04:00,51.9,22.9,183.0,15.6,7.3,32.0,91,28.0,83,1003.5,4.1
2026-06-03T05:00,75.0,32.8,219.0,19.2,9.7,34.0,91,27.9,81,1002.9,2.8
2026-06-03T06:00,78.7,34.3,276.0,18.1,10.8,39.0,92,27.7,83,1003.2,4.0
2026-06-03T07:00,86.4,34.8,344.0,16.5,12.2,46.0,92,28.4,79,1004.2,8.2
2026-06-03T08:00,91.0,33.9,380.0,14.4,12.9,56.0,93,29.6,73,1004.1,3.6
2026-06-03T09:00,88.7,32.7,359.0,11.4,12.4,71.0,94,30.8,68,1004.2,6.8
2026-06-03T10:00,85.0,31.8,307.0,8.0,11.1,87.0,94,31.3,67,1004.2,11.7
2026-06-03T11:00,80.6,31.0,263.0,5.3,9.8,99.0,94,32.3,60,1004.4,10.1
2026-06-03T12:00,75.7,29.5,241.0,3.9,8.5,102.0,94,32.5,61,1004.1,11.2
2026-06-03T13:00,71.9,28.0,227.0,3.3,7.1,99.0,94,32.8,63,1003.7,11.8
2026-06-03T14:00,65.2,25.9,222.0,3.3,6.1,94.0,94,33.1,63,1002.9,13.1
2026-06-03T15:00,61.7,25.0,233.0,3.9,5.8,87.0,93,32.7,65,1002.1,14.4
2026-06-03T16:00,61.0,24.9,253.0,5.1,5.9,78.0,93,32.3,67,1001.5,14.5
2026-06-03T17:00,77.3,30.6,266.0,7.1,6.6,75.0,92,32.3,62,1001.5,13.3
2026-06-03T18:00,75.0,30.3,266.0,9.6,6.8,66.0,91,31.0,68,1001.1,15.0
2026-06-03T19:00,71.7,30.0,260.0,12.9,7.2,54.0,90,30.2,72,1000.9,16.1
2026-06-03T20:00,72.4,30.4,249.0,15.1,7.3,46.0,89,29.8,76,1001.0,14.0
2026-06-03T21:00,71.2,30.0,232.0,15.1,7.0,45.0,89,29.8,77,1001.3,10.9
2026-06-03T22:00,69.4,30.2,209.0,13.9,6.6,47.0,88,29.8,77,1002.1,9.7
2026-06-03T23:00,75.7,31.7,190.0,12.6,6.2,49.0,88,29.9,77,1002.3,11.3
2026-06-04T00:00,83.8,33.3,175.0,11.4,6.0,51.0,88,29.6,80,1001.9,11.5
2026-06-04T01:00,89.6,35.5,163.0,10.0,5.9,53.0,89,29.5,80,1001.8,11.1
2026-06-04T02:00,89.4,35.0,155.0,8.9,5.9,55.0,90,29.3,82,1001.0,10.5
2026-06-04T03:00,84.1,32.9,146.0,8.3,5.9,56.0,90,29.2,82,1000.7,9.1
2026-06-04T04:00,78.0,30.9,141.0,7.9,5.9,56.0,91,29.1,82,1000.4,9.6
2026-06-04T05:00,77.5,31.2,151.0,8.5,6.2,57.0,92,29.4,82,1000.6,11.1
2026-06-04T06:00,76.8,30.9,193.0,8.6,6.2,60.0,91,29.3,82,1001.1,11.4
2026-06-04T07:00,91.7,33.6,249.0,8.7,6.3,65.0,91,29.8,80,1001.6,12.3
2026-06-04T08:00,90.1,33.6,283.0,8.4,6.3,71.0,91,30.6,75,1002.0,13.6
2026-06-04T09:00,87.8,32.9,270.0,7.2,6.2,78.0,91,31.3,71,1002.3,13.8
2026-06-04T10:00,88.2,32.7,233.0,5.7,6.0,85.0,91,32.0,68,1002.6,15.3
2026-06-04T11:00,85.4,31.7,206.0,4.4,5.8,91.0,91,32.7,65,1002.8,15.2
2026-06-04T12:00,83.4,30.7,202.0,3.7,5.6,94.0,91,32.4,67,1002.5,15.4
2026-06-04T13:00,81.3,29.9,207.0,3.2,5.4,96.0,91,32.7,66,1002.0,14.9
2026-06-04T14:00,78.2,29.3,216.0,3.3,5.2,95.0,91,32.8,64,1001.0,15.8
2026-06-04T15:00,71.9,27.8,231.0,4.0,5.2,90.0,92,32.4,67,1000.3,16.6
2026-06-04T16:00,69.4,27.1,251.0,5.2,5.2,82.0,92,32.0,70,999.6,16.6
2026-06-04T17:00,114.8,43.0,261.0,7.3,5.6,77.0,92,31.6,71,998.9,16.8
2026-06-04T18:00,102.7,40.5,254.0,9.1,5.6,69.0,93,30.6,75,998.8,16.6
2026-06-04T19:00,91.7,38.4,237.0,11.7,5.7,58.0,94,30.3,76,999.5,14.6
2026-06-04T20:00,78.9,32.9,223.0,13.7,5.8,50.0,95,30.1,77,999.9,14.7
2026-06-04T21:00,70.8,30.9,218.0,15.0,6.1,46.0,95,30.0,78,1000.5,14.3
2026-06-04T22:00,69.6,30.6,215.0,15.8,6.5,44.0,95,29.8,80,1000.8,13.9
2026-06-04T23:00,68.7,30.7,208.0,15.7,6.6,44.0,95,29.7,82,1000.6,13.1
2026-06-05T00:00,66.1,29.7,189.0,14.1,6.3,45.0,95,29.4,84,1000.4,12.2
2026-06-05T01:00,63.8,28.7,165.0,11.6,5.7,48.0,95,29.2,85,1000.3,11.8
2026-06-05T02:00,60.1,27.0,149.0,9.5,5.3,51.0,94,29.0,86,999.9,10.8
2026-06-05T03:00,59.6,26.1,143.0,8.2,5.2,53.0,93,28.9,86,999.9,10.9
2026-06-05T04:00,60.1,25.7,144.0,7.2,5.3,54.0,93,28.7,87,999.7,11.8
2026-06-05T05:00,63.8,27.1,159.0,6.8,5.3,57.0,92,28.9,88,999.4,12.1
2026-06-05T06:00,72.9,28.9,201.0,7.5,5.6,59.0,92,28.8,89,1000.0,11.1
2026-06-05T07:00,90.6,31.4,257.0,8.5,6.0,62.0,92,29.6,84,1000.7,12.0
2026-06-05T08:00,114.1,35.7,290.0,8.7,6.3,68.0,92,30.7,77,1001.4,12.4
2026-06-05T09:00,128.1,38.5,278.0,7.5,6.6,80.0,92,31.8,71,1001.7,13.0
2026-06-05T10:00,132.7,39.9,244.0,5.7,6.8,95.0,92,32.8,66,1002.0,12.5
2026-06-05T11:00,134.6,40.6,219.0,4.2,6.9,106.0,93,33.3,64,1002.3,12.9
2026-06-05T12:00,125.7,39.3,213.0,3.5,6.7,111.0,94,33.2,65,1002.4,14.2
2026-06-05T13:00,112.0,37.0,216.0,3.2,6.3,112.0,94,33.2,65,1001.9,15.1
2026-06-05T14:00,100.4,34.2,225.0,3.5,6.0,110.0,95,33.1,66,1001.2,15.2
2026-06-05T15:00,92.9,32.5,245.0,4.3,5.9,104.0,95,32.9,66,1000.5,15.4
2026-06-05T16:00,88.0,31.2,271.0,5.6,5.9,96.0,96,32.4,68,1000.1,14.7
2026-06-05T17:00,106.6,36.8,288.0,7.6,6.4,89.0,96,32.2,67,1000.0,13.0
2026-06-05T18:00,90.8,33.1,287.0,9.8,6.5,79.0,95,31.1,74,999.9,13.4
2026-06-05T19:00,75.0,29.9,276.0,12.8,6.6,66.0,95,30.0,78,1000.2,12.7
2026-06-05T20:00,59.5,26.2,267.0,15.3,6.7,55.0,94,29.6,80,1000.3,12.7
2026-06-05T21:00,54.6,24.0,267.0,16.7,6.9,50.0,94,29.8,78,1001.1,10.2
2026-06-05T22:00,49.1,23.3,269.0,17.5,7.0,47.0,93,29.8,78,1002.1,8.9
2026-06-05T23:00,51.0,24.1,261.0,17.6,7.1,46.0,93,29.6,80,1002.4,8.4
2026-06-06T00:00,51.2,24.4,232.0,16.6,7.0,46.0,92,29.1,83,1002.2,8.7
2026-06-06T01:00,52.0,24.1,193.0,14.8,6.8,47.0,92,29.0,83,1002.0,8.6
2026-06-06T02:00,55.4,23.7,164.0,13.0,6.6,48.0,91,28.8,84,1001.3,9.9
2026-06-06T03:00,57.2,23.3,151.0,11.4,6.4,49.0,91,28.6,85,1001.1,10.4
2026-06-06T04:00,56.7,22.8,148.0,9.7,6.2,49.0,91,28.5,85,1001.3,10.6
2026-06-06T05:00,56.8,22.8,159.0,8.3,5.8,53.0,91,28.7,87,1001.3,11.1
2026-06-06T06:00,64.5,24.2,196.0,8.5,5.9,56.0,90,28.6,87,1001.8,11.7
2026-06-06T07:00,80.3,26.3,246.0,8.6,5.9,60.0,90,29.2,82,1002.4,12.4
2026-06-06T08:00,88.5,28.8,276.0,8.3,6.0,66.0,89,30.4,74,1003.0,11.9
2026-06-06T09:00,96.9,31.5,264.0,7.0,6.1,78.0,89,31.5,67,1003.3,11.6
2026-06-06T10:00,89.9,30.4,232.0,5.3,6.2,91.0,88,32.4,64,1003.4,13.2
2026-06-06T11:00,85.0,29.8,208.0,3.9,6.1,101.0,88,33.2,61,1003.8,14.8
2026-06-06T12:00,77.1,27.9,202.0,3.3,5.8,103.0,87,33.2,62,1003.6,15.7
2026-06-06T13:00,70.3,25.8,203.0,3.0,5.3,100.0,86,33.3,63,1003.0,16.3
2026-06-06T14:00,65.9,24.4,210.0,3.2,5.0,96.0,85,33.3,64,1002.4,16.9
2026-06-06T15:00,61.7,23.5,227.0,3.9,4.9,90.0,84,32.9,66,1002.0,16.7
2026-06-06T16:00,59.5,22.8,249.0,5.0,4.9,81.0,84,32.6,67,1001.7,16.2
2026-06-06T17:00,75.9,27.4,260.0,6.4,4.8,73.0,83,32.0,69,1001.5,15.2
2026-06-06T18:00,80.3,28.9,251.0,7.9,4.9,67.0,82,31.3,71,1001.6,15.7
2026-06-06T19:00,66.1,24.1,232.0,9.9,4.9,58.0,82,30.8,72,1001.8,16.9
2026-06-06T20:00,62.4,23.1,215.0,11.3,5.0,52.0,81,30.2,77,1001.9,18.2
2026-06-06T21:00,57.6,21.8,207.0,11.7,5.1,50.0,81,30.0,78,1003.0,14.4
2026-06-06T22:00,51.6,18.9,201.0,11.6,5.1,50.0,81,29.9,78,1003.9,13.6
2026-06-06T23:00,51.1,18.4,191.0,11.1,5.1,51.0,81,29.7,80,1004.0,13.1
2026-06-07T00:00,52.3,18.6,173.0,10.2,5.0,52.0,80,29.3,82,1003.7,12.1
2026-06-07T01:00,53.3,19.0,151.0,9.1,4.8,54.0,80,29.2,82,1003.4,12.4
2026-06-07T02:00,54.1,19.6,136.0,8.0,4.6,56.0,79,29.0,82,1002.8,12.8
2026-06-07T03:00,56.3,20.7,133.0,7.2,4.5,58.0,79,28.9,83,1002.8,13.1
2026-06-07T04:00,58.8,22.3,137.0,6.5,4.6,60.0,79,28.9,83,1002.8,14.1
2026-06-07T05:00,61.9,24.6,146.0,5.3,4.2,66.0,79,29.0,84,1002.7,13.5
2026-06-07T06:00,64.0,26.3,164.0,5.5,4.4,69.0,79,28.9,84,1003.1,13.3
2026-06-07T07:00,78.5,30.6,187.0,5.7,4.7,73.0,79,29.6,80,1003.5,15.1
2026-06-07T08:00,84.8,33.1,200.0,5.6,5.0,78.0,79,30.9,72,1003.8,15.9
2026-06-07T09:00,86.1,33.8,194.0,4.7,5.1,86.0,80,32.0,66,1004.2,15.9
2026-06-07T10:00,85.9,33.5,179.0,3.5,5.2,95.0,80,33.0,61,1004.2,15.5
2026-06-07T11:00,86.8,32.7,167.0,2.6,5.2,101.0,80,33.8,59,1004.5,15.5
2026-06-07T12:00,87.3,31.7,164.0,2.2,5.1,101.0,80,33.9,59,1004.1,16.3
2026-06-07T13:00,88.9,30.7,166.0,2.2,4.9,97.0,81,33.8,60,1003.7,16.5
2026-06-07T14:00,90.1,30.0,170.0,2.4,4.7,93.0,81,33.8,61,1003.1,16.1
2026-06-07T15:00,88.7,29.2,179.0,2.9,4.6,88.0,81,33.4,64,1002.4,16.8
2026-06-07T16:00,89.6,28.8,191.0,3.6,4.6,83.0,82,32.8,67,1002.0,16.8
2026-06-07T17:00,110.6,33.8,198.0,4.6,4.6,79.0,82,32.3,68,1001.8,16.5
2026-06-07T18:00,99.7,31.3,195.0,5.8,4.7,73.0,83,31.1,74,1002.0,16.5
2026-06-07T19:00,83.8,28.5,187.0,7.6,4.8,64.0,83,30.2,80,1002.2,16.4
2026-06-07T20:00,69.8,24.9,179.0,8.9,4.9,58.0,83,30.0,80,1002.5,18.1
2026-06-07T21:00,60.3,22.9,173.0,9.5,5.1,57.0,84,30.0,80,1003.3,16.6
2026-06-07T22:00,61.9,24.7,168.0,9.8,5.3,57.0,84,30.0,79,1003.7,14.7
2026-06-07T23:00,64.5,26.7,161.0,9.6,5.3,59.0,84,29.8,82,1003.4,14.4
2026-06-08T00:00,66.4,27.9,150.0,8.8,5.1,61.0,85,29.6,83,1003.3,12.5
2026-06-08T01:00,66.8,28.1,138.0,7.6,4.8,63.0,85,29.3,84,1002.8,13.0
2026-06-08T02:00,64.7,26.7,129.0,6.5,4.5,65.0,86,29.4,82,1002.2,13.9
2026-06-08T03:00,60.5,24.6,121.0,5.5,4.2,66.0,87,29.3,83,1001.6,15.1
2026-06-08T04:00,57.6,22.8,117.0,4.7,4.0,67.0,87,29.1,84,1001.5,15.0
2026-06-08T05:00,55.2,21.7,127.0,4.3,3.8,70.0,87,29.2,85,1001.2,14.8
2026-06-08T06:00,54.5,21.5,166.0,5.4,4.2,70.0,87,29.2,85,1001.7,14.1
2026-06-08T07:00,68.0,25.1,219.0,6.9,4.8,70.0,86,30.0,79,1002.2,13.7
2026-06-08T08:00,79.6,28.8,252.0,7.6,5.3,74.0,86,31.0,72,1002.8,15.3
2026-06-08T09:00,87.8,31.0,246.0,6.8,5.6,84.0,86,32.1,66,1002.9,14.2
2026-06-08T10:00,92.0,32.8,221.0,5.2,5.8,97.0,86,32.9,65,1002.7,15.2
2026-06-08T11:00,98.0,34.7,201.0,4.0,5.8,106.0,85,33.5,64,1002.8,16.9
2026-06-08T12:00,100.8,35.4,195.0,3.5,5.5,108.0,86,33.9,62,1002.5,17.5
2026-06-08T13:00,100.4,35.2,195.0,3.3,5.1,105.0,86,34.1,62,1001.8,18.0
2026-06-08T14:00,95.9,33.9,199.0,3.5,4.7,100.0,86,34.0,64,1001.0,18.1
2026-06-08T15:00,82.4,30.5,210.0,4.2,4.6,93.0,87,33.5,67,1000.8,17.7
2026-06-08T16:00,68.5,26.9,227.0,5.3,4.5,84.0,87,32.9,70,1000.5,18.2
2026-06-08T17:00,82.0,30.4,239.0,6.6,4.5,76.0,87,32.2,73,999.9,19.7
2026-06-08T18:00,70.1,27.9,245.0,8.2,4.7,70.0,86,31.0,78,999.6,19.5
2026-06-08T19:00,59.0,24.3,247.0,10.6,4.9,61.0,86,30.6,80,1000.5,15.4
2026-06-08T20:00,50.1,21.4,245.0,12.5,5.2,54.0,86,30.3,82,1000.7,13.6
2026-06-08T21:00,46.4,21.0,240.0,14.0,5.6,50.0,85,30.2,83,1001.3,13.9
2026-06-08T22:00,45.5,21.5,231.0,15.2,6.1,48.0,85,29.9,85,1001.8,12.5
2026-06-08T23:00,45.4,22.1,216.0,15.2,6.3,47.0,85,29.9,87,1001.8,13.1
2026-06-09T00:00,44.4,21.9,190.0,13.3,5.9,48.0,85,29.7,88,1001.4,13.6
2026-06-09T01:00,41.7,20.5,159.0,10.2,5.1,51.0,84,29.6,88,1000.8,14.0
2026-06-09T02:00,38.0,18.8,137.0,7.6,4.5,54.0,84,29.4,90,1000.3,14.7
2026-06-09T03:00,33.9,17.2,127.0,6.1,4.1,55.0,83,29.2,91,1000.2,14.8
2026-06-09T04:00,31.3,15.9,126.0,5.0,3.9,57.0,82,29.2,91,1000.0,14.2
2026-06-09T05:00,29.9,15.2,136.0,4.4,3.7,59.0,82,29.2,91,1000.3,16.0
2026-06-09T06:00,28.2,14.6,169.0,5.6,4.1,57.0,81,29.3,90,1000.6,16.4
2026-06-09T07:00,29.0,15.2,215.0,7.3,4.7,55.0,81,30.0,85,1000.9,19.1
2026-06-09T08:00,32.9,17.7,242.0,8.1,5.1,56.0,80,31.1,77,1001.2,20.4
2026-06-09T09:00,36.8,19.4,233.0,7.2,5.2,64.0,79,32.0,73,1001.2,19.8
2026-06-09T10:00,41.0,20.5,206.0,5.4,5.1,75.0,78,32.9,69,1001.3,19.2
2026-06-09T11:00,46.8,21.9,186.0,4.0,5.0,83.0,77,33.5,65,1001.7,20.3
2026-06-09T12:00,51.7,22.3,182.0,3.4,4.8,86.0,76,33.5,66,1001.2,21.8
2026-06-09T13:00,54.8,22.6,186.0,3.2,4.6,87.0,75,33.8,64,1000.6,20.9
2026-06-09T14:00,57.5,23.1,195.0,3.4,4.4,85.0,74,34.0,65,999.8,20.1
2026-06-09T15:00,57.9,23.3,216.0,4.1,4.4,80.0,73,33.6,66,999.3,19.0
2026-06-09T16:00,55.8,22.6,242.0,5.3,4.5,73.0,73,33.0,71,998.9,18.0
2026-06-09T17:00,74.5,27.2,259.0,6.4,4.4,66.0,72,32.5,72,999.1,17.3
2026-06-09T18:00,67.1,26.1,257.0,8.3,4.6,60.0,72,31.4,78,999.2,16.0
2026-06-09T19:00,57.4,23.4,245.0,10.9,5.0,53.0,72,30.6,83,999.5,16.1
2026-06-09T20:00,48.4,20.8,233.0,12.7,5.2,47.0,72,30.2,85,999.9,17.0
2026-06-09T21:00,42.1,19.6,228.0,13.3,5.3,45.0,72,29.9,87,1000.2,16.6
2026-06-09T22:00,39.7,19.2,224.0,13.1,5.4,45.0,72,29.7,87,1000.9,14.5
2026-06-09T23:00,38.1,18.6,213.0,12.3,5.3,46.0,72,29.7,88,1001.0,14.9
2026-06-10T00:00,36.7,17.9,189.0,10.7,5.0,47.0,71,29.4,90,1000.8,14.0
2026-06-10T01:00,34.8,17.1,159.0,8.6,4.5,49.0,71,29.2,90,1000.5,13.3
2026-06-10T02:00,33.5,16.5,136.0,6.8,4.1,51.0,71,29.1,90,999.8,14.1
2026-06-10T03:00,32.2,15.9,123.0,5.7,3.9,52.0,71,29.2,87,999.9,15.6
2026-06-10T04:00,31.5,15.4,117.0,5.0,3.9,52.0,70,29.1,88,999.9,16.9
2026-06-10T05:00,32.0,15.2,125.0,4.5,3.6,54.0,70,29.3,90,1000.0,19.2
2026-06-10T06:00,30.0,15.0,162.0,5.8,4.0,53.0,70,29.4,89,1000.4,20.6
2026-06-10T07:00,29.9,15.6,213.0,7.6,4.4,52.0,70,30.0,85,1001.0,21.3
2026-06-10T08:00,35.3,17.3,244.0,8.4,4.8,54.0,71,31.0,79,1001.4,21.9
2026-06-10T09:00,44.8,21.0,232.0,7.4,4.9,63.0,70,32.1,72,1001.5,22.7
2026-06-10T10:00,52.2,22.3,200.0,5.5,4.9,75.0,71,33.0,67,1001.7,22.9
2026-06-10T11:00,59.8,23.6,177.0,4.0,4.8,84.0,71,33.8,65,1001.7,21.0
2026-06-10T12:00,67.3,24.9,174.0,3.5,4.7,89.0,71,34.1,64,1001.2,21.1
2026-06-10T13:00,72.9,25.9,180.0,3.4,4.6,91.0,71,34.1,66,1000.6,20.7
2026-06-10T14:00,74.7,26.4,193.0,3.9,4.6,90.0,71,34.0,67,999.8,20.3
2026-06-10T15:00,76.6,27.0,218.0,4.9,4.6,86.0,72,33.8,67,999.2,18.8
2026-06-10T16:00,72.9,26.4,251.0,6.4,4.7,79.0,72,33.4,69,998.7,16.8
2026-06-10T17:00,92.0,32.5,277.0,8.9,5.1,73.0,72,32.9,71,998.6,15.8
2026-06-10T18:00,73.1,29.1,294.0,13.0,5.5,63.0,73,31.8,75,998.6,14.6
2026-06-10T19:00,54.4,24.2,305.0,18.6,6.0,49.0,73,31.0,79,998.6,11.6
2026-06-10T20:00,42.4,20.7,305.0,21.6,6.2,40.0,73,30.5,83,999.2,8.8
2026-06-10T21:00,40.5,19.2,292.0,19.7,5.9,40.0,73,30.3,84,999.8,7.3
2026-06-10T22:00,40.9,18.8,268.0,15.3,5.3,45.0,73,30.1,85,1000.2,10.1
2026-06-10T23:00,42.7,18.6,240.0,11.4,4.7,50.0,73,29.9,85,1000.5,11.1
2026-06-11T00:00,45.2,18.8,204.0,9.0,4.3,52.0,73,29.7,86,1000.2,12.4
2026-06-11T01:00,46.6,18.9,164.0,7.1,3.9,54.0,73,29.6,85,999.8,13.7
2026-06-11T02:00,47.7,19.1,134.0,5.7,3.7,56.0,73,29.5,86,999.3,13.8
2026-06-11T03:00,48.8,19.5,117.0,4.7,3.6,57.0,73,29.3,88,999.1,13.5
2026-06-11T04:00,49.5,20.0,111.0,4.3,3.6,58.0,74,29.2,90,999.2,14.4
2026-06-11T05:00,50.9,20.8,127.0,4.9,3.8,57.0,74,29.2,91,998.6,15.4
2026-06-11T06:00,51.8,21.9,187.0,7.3,4.4,57.0,74,29.3,90,999.3,15.7
2026-06-11T07:00,60.3,24.8,268.0,10.4,5.2,57.0,75,30.0,87,999.5,13.0
2026-06-11T08:00,69.2,30.3,318.0,12.2,6.0,63.0,76,31.6,78,1000.1,15.0
2026-06-11T09:00,94.3,36.6,304.0,11.3,6.7,80.0,77,33.1,71,1000.4,14.6
2026-06-11T10:00,148.1,47.1,258.0,9.0,7.3,104.0,78,34.7,63,1000.5,14.6
2026-06-11T11:00,200.7,58.1,224.0,7.1,7.6,121.0,80,35.4,57,1000.7,16.8
2026-06-11T12:00,237.5,66.4,219.0,6.2,7.2,129.0,83,36.3,53,1000.0,16.1
2026-06-11T13:00,238.4,68.7,226.0,5.8,6.5,131.0,86,36.9,50,999.5,17.8
2026-06-11T14:00,232.4,68.2,239.0,6.1,5.9,127.0,89,36.8,50,998.8,18.0
2026-06-11T15:00,221.2,65.7,263.0,7.2,5.5,116.0,92,36.3,51,998.4,17.4
2026-06-11T16:00,182.5,56.0,293.0,9.0,5.2,99.0,95,35.4,56,998.0,15.7
2026-06-11T17:00,146.7,45.2,314.0,11.7,5.1,84.0,98,34.2,63,997.6,16.1
2026-06-11T18:00,109.2,34.5,320.0,13.9,5.1,74.0,99,32.6,71,997.4,14.0
2026-06-11T19:00,72.4,26.7,316.0,16.8,5.1,60.0,99,31.8,72,998.2,6.9
2026-06-11T20:00,58.1,20.7,301.0,18.2,5.1,50.0,99,31.2,75,998.5,10.4
2026-06-11T21:00,49.7,18.6,271.0,16.6,5.0,48.0,99,31.0,74,998.9,13.6
2026-06-11T22:00,44.6,18.0,230.0,13.5,4.9,50.0,99,30.5,79,999.6,11.6
2026-06-11T23:00,40.4,16.9,193.0,10.6,4.7,52.0,99,30.3,81,999.5,12.1
2026-06-12T00:00,39.5,16.4,163.0,8.4,4.3,53.0,99,29.8,83,999.1,13.1
2026-06-12T01:00,40.0,16.1,137.0,6.5,3.9,55.0,99,29.5,86,998.9,15.8
2026-06-12T02:00,42.8,16.4,120.0,5.1,3.6,56.0,99,29.4,86,998.6,17.1
2026-06-12T03:00,44.9,16.8,112.0,4.4,3.5,56.0,99,29.2,87,998.8,18.3
2026-06-12T04:00,47.3,17.3,112.0,4.3,3.6,56.0,98,29.2,86,998.7,18.4
2026-06-12T05:00,48.5,17.2,127.0,4.4,3.6,56.0,98,29.3,86,998.9,17.8
2026-06-12T06:00,49.5,18.2,170.0,6.0,4.1,55.0,98,29.0,89,999.7,16.7
2026-06-12T07:00,53.7,20.0,228.0,8.2,4.8,54.0,98,29.8,85,1000.4,17.1
2026-06-12T08:00,61.9,22.5,263.0,9.3,5.3,57.0,97,30.8,79,1001.1,18.2
2026-06-12T09:00,77.5,28.1,253.0,8.3,5.4,67.0,97,31.8,74,1001.6,17.7
2026-06-12T10:00,94.1,31.5,221.0,6.1,5.3,82.0,96,32.5,71,1001.9,18.1
2026-06-12T11:00,107.8,34.2,197.0,4.5,5.2,92.0,95,33.5,66,1002.0,18.7
2026-06-12T12:00,114.6,35.4,190.0,3.9,5.1,96.0,93,33.9,64,1002.0,18.7
2026-06-12T13:00,114.1,35.2,192.0,3.8,4.9,96.0,90,34.2,62,1001.6,19.6
2026-06-12T14:00,102.2,33.2,201.0,4.1,4.8,93.0,88,33.8,66,1001.2,19.9
2026-06-12T15:00,91.7,31.0,225.0,5.0,4.7,87.0,85,33.7,66,1000.8,18.4
2026-06-12T16:00,80.1,28.5,256.0,6.3,4.7,78.0,82,33.0,70,1000.4,17.9
2026-06-12T17:00,73.1,27.0,278.0,7.8,4.8,70.0,80,31.9,76,999.7,19.2
2026-06-12T18:00,58.3,24.1,284.0,10.0,4.9,62.0,79,30.9,82,999.5,17.8
2026-06-12T19:00,43.9,19.6,280.0,12.9,5.0,52.0,78,30.2,86,1000.1,12.9
2026-06-12T20:00,36.6,17.1,267.0,14.5,5.0,44.0,77,30.0,84,1000.6,15.7
2026-06-12T21:00,39.3,16.9,240.0,13.8,4.9,43.0,77,30.1,83,1001.5,15.3
2026-06-12T22:00,39.6,17.0,203.0,11.9,4.7,44.0,77,30.0,83,1002.3,15.1
2026-06-12T23:00,41.3,17.2,171.0,9.9,4.5,46.0,77,30.0,79,1002.1,17.3
2026-06-13T00:00,43.3,17.2,148.0,8.2,4.2,47.0,77,29.9,80,1002.2,15.5
2026-06-13T01:00,43.3,17.0,130.0,6.5,3.9,48.0,77,29.7,81,1001.8,17.4
2026-06-13T02:00,42.8,16.7,118.0,5.1,3.6,49.0,77,29.4,81,1001.7,17.7
2026-06-13T03:00,43.5,16.5,112.0,4.2,3.4,49.0,77,29.4,81,1001.7,18.3
2026-06-13T04:00,43.2,16.2,112.0,3.7,3.4,49.0,77,29.1,83,1001.6,17.8
2026-06-13T05:00,47.4,17.1,124.0,3.8,3.3,51.0,77,29.3,80,1001.7,18.7
2026-06-13T06:00,48.1,17.3,158.0,4.8,3.6,50.0,77,29.4,79,1002.4,18.4
2026-06-13T07:00,59.0,20.4,204.0,6.2,4.0,50.0,77,30.0,76,1003.3,19.8
2026-06-13T08:00,69.4,23.5,231.0,6.8,4.3,52.0,77,30.8,72,1003.9,20.3
2026-06-13T09:00,78.2,25.5,221.0,6.0,4.3,59.0,77,31.7,66,1004.3,20.8
2026-06-13T10:00,86.8,27.0,192.0,4.6,4.2,68.0,77,32.5,61,1004.7,21.0
2026-06-13T11:00,92.4,28.0,171.0,3.4,4.1,75.0,76,32.8,58,1005.5,19.8
2026-06-13T12:00,94.5,28.2,167.0,2.9,4.1,78.0,76,33.1,57,1005.2,18.3
2026-06-13T13:00,87.3,27.0,171.0,2.7,4.0,79.0,75,33.2,58,1004.7,18.1
2026-06-13T14:00,79.2,25.3,179.0,2.9,4.0,77.0,75,33.4,59,1004.1,18.7
2026-06-13T15:00,70.8,23.9,193.0,3.5,4.0,73.0,74,33.0,61,1003.4,18.7
2026-06-13T16:00,64.5,22.1,210.0,4.4,4.0,66.0,73,32.5,64,1002.8,18.7
2026-06-13T17:00,65.7,23.3,221.0,5.8,4.2,63.0,73,32.4,65,1002.8,18.3
2026-06-13T18:00,63.6,23.1,219.0,7.5,4.3,58.0,73,31.1,70,1002.4,19.6
2026-06-13T19:00,61.7,22.8,210.0,9.9,4.5,51.0,73,30.2,74,1002.5,20.0
2026-06-13T20:00,57.3,22.8,199.0,11.5,4.6,46.0,73,30.1,74,1003.5,16.7
2026-06-13T21:00,52.9,21.9,186.0,11.6,4.7,45.0,73,30.0,75,1004.3,16.3
2026-06-13T22:00,50.9,20.8,169.0,11.0,4.7,45.0,74,29.8,76,1004.5,15.5
2026-06-13T23:00,52.4,21.4,154.0,10.1,4.6,46.0,74,29.8,78,1004.6,15.8
2026-06-14T00:00,44.6,19.1,139.0,9.0,4.4,47.0,74,29.5,78,1004.3,16.8
2026-06-14T01:00,41.3,18.2,124.0,7.6,4.2,47.0,74,29.4,77,1004.1,17.4
2026-06-14T02:00,30.5,13.1,114.0,6.4,4.0,48.0,75,29.3,77,1003.9,16.9
2026-06-14T03:00,26.3,11.4,111.0,5.6,3.9,48.0,74,29.1,78,1003.8,15.9
2026-06-14T04:00,24.0,10.6,113.0,5.0,3.9,48.0,74,28.9,80,1003.6,16.5
2026-06-14T05:00,22.4,10.4,120.0,4.6,3.8,52.0,73,29.3,78,1003.8,16.4
2026-06-14T06:00,22.4,10.3,139.0,4.9,4.1,52.0,73,29.3,77,1004.4,16.8
2026-06-14T07:00,25.2,11.2,163.0,5.2,4.4,53.0,72,29.9,72,1004.6,18.8
2026-06-14T08:00,30.9,13.5,177.0,5.2,4.6,55.0,72,30.3,69,1005.2,20.7
2026-06-14T09:00,34.1,14.1,171.0,4.4,4.5,60.0,71,31.0,65,1005.6,21.2
2026-06-14T10:00,36.1,14.5,155.0,3.2,4.3,67.0,70,31.8,62,1005.7,20.7
2026-06-14T11:00,36.7,14.4,143.0,2.3,4.1,72.0,69,32.7,58,1005.9,21.2
2026-06-14T12:00,36.4,13.9,141.0,2.0,4.0,72.0,68,32.7,56,1005.6,20.5
2026-06-14T13:00,35.3,13.3,143.0,2.0,3.9,71.0,67,32.9,58,1004.8,21.7
2026-06-14T14:00,35.2,13.1,147.0,2.2,3.8,68.0,66,32.2,61,1004.5,21.9
2026-06-14T15:00,35.5,13.2,155.0,2.5,3.8,65.0,65,32.2,61,1003.7,22.1
2026-06-14T16:00,36.3,13.6,164.0,3.1,3.8,61.0,64,32.1,61,1003.2,21.1
2026-06-14T17:00,57.9,18.9,169.0,3.7,3.4,58.0,63,31.6,64,1003.0,21.0
2026-06-14T18:00,54.7,19.3,165.0,5.0,3.7,54.0,63,31.1,65,1002.8,20.8
2026-06-14T19:00,52.9,19.9,157.0,6.7,4.0,49.0,63,30.1,71,1002.5,21.3
2026-06-14T20:00,51.2,21.2,150.0,7.8,4.3,46.0,62,29.5,74,1003.0,21.2
2026-06-14T21:00,48.9,21.0,147.0,7.7,4.3,46.0,62,29.5,75,1003.5,21.7
2026-06-14T22:00,44.9,19.6,145.0,6.9,4.2,47.0,62,29.2,77,1004.0,19.2
2026-06-14T23:00,42.3,18.2,141.0,6.1,4.1,48.0,62,29.1,77,1003.7,18.3
2026-06-15T00:00,35.2,14.1,131.0,5.3,3.9,49.0,62,28.9,78,1002.9,18.6
2026-06-15T01:00,34.8,14.0,118.0,4.4,3.6,50.0,61,28.8,78,1002.7,17.5
2026-06-15T02:00,30.9,12.7,110.0,3.8,3.4,51.0,61,28.8,77,1002.3,18.1
2026-06-15T03:00,31.3,12.7,105.0,3.4,3.3,51.0,61,28.8,77,1002.3,19.6
2026-06-15T04:00,31.7,13.0,104.0,3.3,3.4,51.0,61,28.7,77,1002.4,18.6
2026-06-15T05:00,31.2,12.6,115.0,3.5,3.4,53.0,61,28.9,80,1002.1,17.8
2026-06-15T06:00,29.6,12.5,150.0,4.7,3.9,53.0,62,28.8,81,1002.8,17.0
2026-06-15T07:00,33.9,14.6,196.0,6.3,4.5,52.0,62,29.4,77,1003.1,19.7
2026-06-15T08:00,36.3,15.9,224.0,7.1,4.9,54.0,62,30.2,72,1003.7,20.6
2026-06-15T09:00,35.0,15.2,216.0,6.2,4.9,60.0,62,30.9,68,1004.0,22.1
2026-06-15T10:00,38.0,15.9,191.0,4.4,4.6,67.0,62,31.6,65,1004.1,21.9
2026-06-15T11:00,43.4,17.5,172.0,3.1,4.4,73.0,62,32.3,60,1004.2,20.9
2026-06-15T12:00,31.3,13.6,168.0,2.6,4.2,75.0,63,31.9,63,1004.2,20.1
2026-06-15T13:00,30.3,13.2,171.0,2.6,4.1,74.0,63,32.5,61,1003.8,19.8
2026-06-15T14:00,30.3,13.3,177.0,2.9,4.0,72.0,63,32.4,60,1003.3,20.2
2026-06-15T15:00,30.5,13.5,189.0,3.7,4.0,68.0,63,32.0,65,1002.5,21.3
2026-06-15T16:00,29.3,13.2,206.0,5.0,4.1,61.0,63,31.5,69,1002.1,21.5
2026-06-15T17:00,36.3,16.6,215.0,7.0,4.0,53.0,63,31.7,65,1001.6,20.9
2026-06-15T18:00,40.4,18.6,211.0,8.4,4.3,50.0,62,31.0,69,1001.8,19.9
2026-06-15T19:00,37.7,18.1,201.0,10.3,4.7,46.0,62,30.4,72,1002.0,19.4
2026-06-15T20:00,34.2,16.3,192.0,11.4,5.0,43.0,62,30.1,74,1002.4,18.6
2026-06-15T21:00,30.6,14.6,189.0,11.1,5.1,43.0,62,30.1,74,1002.9,17.5
2026-06-15T22:00,32.1,14.6,187.0,10.0,5.0,43.0,61,29.9,76,1003.5,16.1
2026-06-15T23:00,32.9,14.4,180.0,9.0,4.9,44.0,61,29.7,78,1003.2,15.4
2026-06-16T00:00,31.3,13.8,160.0,8.3,4.8,44.0,61,29.4,80,1002.9,14.7
2026-06-16T01:00,31.2,13.8,136.0,7.8,4.6,43.0,61,29.0,82,1002.6,14.4
2026-06-16T02:00,37.0,15.7,119.0,7.3,4.6,43.0,61,28.8,84,1002.2,13.1
2026-06-16T03:00,31.7,14.1,113.0,6.9,4.7,43.0,61,28.7,84,1002.0,12.6
2026-06-16T04:00,30.7,13.5,116.0,6.5,4.9,44.0,61,28.5,85,1002.0,12.6
2026-06-16T05:00,27.9,12.1,134.0,6.0,5.0,47.0,61,28.6,86,1001.9,11.7
2026-06-16T06:00,28.9,12.7,186.0,6.6,5.2,48.0,61,28.6,86,1002.9,10.2
2026-06-16T07:00,36.9,14.8,254.0,7.5,5.5,50.0,61,29.2,83,1003.4,11.4
2026-06-16T08:00,44.8,17.5,293.0,7.8,5.7,53.0,61,30.3,76,1003.6,13.5
2026-06-16T09:00,49.8,18.9,275.0,7.1,5.6,57.0,61,31.1,71,1004.0,16.5
2026-06-16T10:00,51.7,19.8,227.0,5.9,5.3,62.0,61,31.3,72,1004.4,19.2
2026-06-16T11:00,54.2,20.3,191.0,4.8,5.0,67.0,62,31.2,71,1004.4,18.9
2026-06-16T12:00,56.0,20.5,181.0,4.0,4.8,71.0,62,31.7,69,1004.3,17.8
2026-06-16T13:00,58.2,21.0,183.0,3.4,4.7,75.0,62,32.5,64,1004.0,17.5
2026-06-16T14:00,57.3,21.1,191.0,3.3,4.6,77.0,63,32.5,64,1003.4,17.2
2026-06-16T15:00,54.9,21.0,208.0,3.7,4.6,75.0,64,32.8,61,1002.8,16.9
2026-06-16T16:00,54.0,20.8,230.0,4.6,4.7,71.0,64,32.6,61,1002.4,16.9
2026-06-16T17:00,79.4,28.8,244.0,5.7,4.7,70.0,65,32.1,63,1001.7,16.2
2026-06-16T18:00,74.3,28.1,241.0,8.1,5.0,63.0,66,31.0,68,1001.8,16.5
2026-06-16T19:00,69.4,27.1,229.0,11.5,5.4,53.0,67,30.6,69,1002.3,16.0
2026-06-16T20:00,62.6,26.7,217.0,14.0,5.8,46.0,67,30.4,71,1003.3,14.0
2026-06-16T21:00,58.9,26.0,208.0,15.1,6.2,42.0,68,30.3,72,1003.8,13.8
2026-06-16T22:00,58.2,25.4,198.0,15.3,6.5,41.0,69,30.0,74,1004.3,13.5
2026-06-16T23:00,57.6,24.7,186.0,14.6,6.5,41.0,70,29.9,75,1004.3,12.6
2026-06-17T00:00,55.1,23.5,167.0,12.2,5.9,43.0,71,29.6,77,1003.9,14.6
2026-06-17T01:00,52.6,21.7,146.0,8.9,5.1,46.0,71,29.4,79,1003.4,16.7
2026-06-17T02:00,56.2,22.2,131.0,6.5,4.5,48.0,72,29.3,80,1003.1,17.2
2026-06-17T03:00,50.6,20.4,121.0,5.9,4.5,47.0,73,29.1,81,1003.8,12.6
2026-06-17T04:00,55.8,22.3,117.0,6.1,4.9,46.0,73,29.1,80,1003.8,11.7
2026-06-17T05:00,55.6,21.6,129.0,6.7,5.4,47.0,74,29.4,80,1003.8,11.4
2026-06-17T06:00,58.0,22.7,174.0,7.4,5.4,47.0,74,29.2,80,1004.2,11.4
2026-06-17T07:00,55.6,21.2,235.0,8.2,5.5,48.0,75,29.5,78,1004.6,13.6
2026-06-17T08:00,54.6,20.7,271.0,8.4,5.5,51.0,76,30.3,73,1005.0,15.0
2026-06-17T09:00,54.7,20.8,256.0,7.3,5.5,57.0,76,31.1,68,1005.2,15.7
2026-06-17T10:00,61.0,22.9,216.0,5.6,5.4,65.0,76,31.7,66,1005.4,15.7
2026-06-17T11:00,53.6,20.9,186.0,4.3,5.3,71.0,76,32.7,58,1005.6,15.6
2026-06-17T12:00,51.9,20.4,179.0,3.7,5.1,74.0,76,32.9,57,1005.4,15.4
2026-06-17T13:00,51.5,20.1,183.0,3.5,4.9,75.0,76,32.6,60,1004.9,15.3
2026-06-17T14:00,48.3,19.6,192.0,3.7,4.8,74.0,76,32.1,63,1004.2,15.0
2026-06-17T15:00,45.3,19.0,210.0,4.1,4.7,71.0,76,32.3,64,1003.9,15.4
2026-06-17T16:00,44.4,18.7,235.0,4.9,4.7,65.0,76,31.9,65,1003.3,15.4
2026-06-17T17:00,63.1,25.3,248.0,6.0,4.7,63.0,76,31.8,64,1003.4,13.7
2026-06-17T18:00,58.4,24.3,241.0,8.7,5.1,57.0,76,31.0,67,1003.8,13.1
2026-06-17T19:00,51.8,23.4,224.0,12.5,5.7,48.0,75,30.5,68,1004.1,13.5
2026-06-17T20:00,51.5,25.0,209.0,15.3,6.1,42.0,75,30.2,70,1003.9,15.3
2026-06-17T21:00,51.6,26.3,203.0,16.5,6.4,40.0,75,30.1,70,1004.2,15.7
2026-06-17T22:00,47.3,24.7,199.0,16.6,6.6,40.0,75,30.1,70,1004.7,14.0
2026-06-17T23:00,45.5,23.6,190.0,15.8,6.5,41.0,75,30.0,71,1004.6,13.9
2026-06-18T00:00,45.1,22.6,170.0,13.3,6.0,44.0,75,29.7,72,1004.4,15.7
2026-06-18T01:00,46.3,22.2,144.0,9.9,5.2,48.0,75,29.6,73,1004.0,13.6
2026-06-18T02:00,49.6,22.7,128.0,7.3,4.7,50.0,75,29.5,73,1003.9,12.4
2026-06-18T03:00,53.3,23.5,124.0,6.6,4.8,49.0,75,29.2,75,1003.6,12.5
2026-06-18T04:00,57.6,25.0,128.0,6.8,5.3,46.0,75,29.2,76,1003.8,10.3
2026-06-18T05:00,51.7,22.2,144.0,6.7,5.3,48.0,75,29.7,75,1003.9,11.6
2026-06-18T06:00,43.4,18.7,184.0,7.6,5.6,48.0,75,29.5,77,1004.1,11.7
2026-06-18T07:00,47.1,19.3,236.0,8.8,5.9,48.0,75,29.7,77,1004.6,14.9
2026-06-18T08:00,45.6,18.5,265.0,9.1,6.1,50.0,75,30.5,74,1004.9,15.0
2026-06-18T09:00,45.4,18.3,249.0,7.9,6.0,57.0,75,31.4,69,1004.9,15.3
2026-06-18T10:00,46.8,18.9,210.0,5.8,5.8,67.0,74,32.1,65,1004.9,16.1
2026-06-18T11:00,47.5,19.3,181.0,4.2,5.5,74.0,74,32.5,61,1005.3,16.3
2026-06-18T12:00,47.0,19.2,175.0,3.5,5.2,76.0,74,32.6,60,1004.9,15.8
2026-06-18T13:00,47.1,19.0,180.0,3.3,5.0,75.0,74,32.9,59,1004.5,15.4
2026-06-18T14:00,44.5,18.3,189.0,3.5,4.8,73.0,74,32.5,63,1003.8,16.2
2026-06-18T15:00,43.2,18.1,204.0,4.2,4.8,68.0,74,31.8,67,1003.1,16.8
2026-06-18T16:00,41.3,17.5,223.0,5.4,4.8,62.0,74,31.5,69,1002.8,16.4
2026-06-18T17:00,78.9,27.5,237.0,7.1,4.7,55.0,74,31.3,67,1002.9,16.2
2026-06-18T18:00,75.2,27.4,242.0,9.0,5.1,51.0,74,30.3,72,1002.5,17.0
2026-06-18T19:00,75.0,28.5,241.0,11.6,5.7,45.0,74,29.8,75,1002.4,15.5
2026-06-18T20:00,66.1,28.0,235.0,13.9,6.2,41.0,74,29.6,76,1002.7,14.5
2026-06-18T21:00,61.5,28.2,222.0,15.7,6.6,38.0,75,29.7,75,1003.8,14.0
2026-06-18T22:00,56.7,27.8,205.0,17.2,7.0,37.0,75,29.6,76,1004.1,13.3
2026-06-18T23:00,48.3,23.4,187.0,17.2,7.0,37.0,75,29.4,77,1003.1,15.1
2026-06-19T00:00,43.9,20.5,169.0,14.7,6.4,40.0,75,29.0,80,1003.3,13.4
2026-06-19T01:00,43.2,19.7,151.0,10.7,5.5,45.0,75,28.9,81,1003.1,12.1
2026-06-19T02:00,44.1,19.7,138.0,7.7,4.9,48.0,75,28.8,82,1002.9,10.3
2026-06-19T03:00,45.2,19.9,130.0,6.6,4.8,48.0,74,28.6,83,1002.4,9.8
2026-06-19T04:00,46.4,20.2,127.0,6.4,5.1,47.0,74,28.5,84,1002.2,11.0
2026-06-19T05:00,45.3,19.3,137.0,8.3,6.1,47.0,74,28.8,83,1002.4,13.1
2026-06-19T06:00,45.5,19.4,174.0,8.8,6.2,48.0,74,28.7,83,1002.8,13.3
2026-06-19T07:00,51.9,21.0,224.0,9.4,6.2,49.0,74,29.4,78,1003.7,14.8
2026-06-19T08:00,59.6,23.6,254.0,9.4,6.2,52.0,74,30.2,73,1004.1,14.9
2026-06-19T09:00,66.6,24.9,243.0,8.0,6.0,58.0,74,31.0,69,1004.1,15.2
2026-06-19T10:00,73.8,26.3,212.0,6.0,5.8,66.0,75,31.7,66,1004.5,15.6
2026-06-19T11:00,66.8,24.2,189.0,4.4,5.5,72.0,75,32.4,62,1004.8,15.0
2026-06-19T12:00,66.4,23.7,185.0,3.6,5.2,75.0,76,32.7,61,1004.8,15.3
2026-06-19T13:00,63.3,22.6,189.0,3.2,4.9,75.0,76,32.8,62,1004.5,15.2
2026-06-19T14:00,60.5,21.1,197.0,3.3,4.7,74.0,76,32.7,62,1003.9,15.2
2026-06-19T15:00,55.6,19.7,213.0,4.0,4.7,69.0,76,32.5,63,1003.3,15.9
2026-06-19T16:00,53.3,19.2,233.0,5.1,4.7,62.0,77,31.9,65,1003.1,16.1
2026-06-19T17:00,106.4,34.9,243.0,6.0,4.9,62.0,77,32.0,62,1003.5,14.8
2026-06-19T18:00,102.0,34.1,234.0,7.6,5.0,56.0,77,31.1,66,1003.2,17.4
2026-06-19T19:00,87.1,31.5,215.0,9.7,5.1,49.0,78,30.3,70,1003.3,17.8
2026-06-19T20:00,75.0,29.6,199.0,11.1,5.2,43.0,78,29.9,72,1003.8,17.1
2026-06-19T21:00,68.9,28.5,191.0,11.3,5.3,42.0,78,30.0,72,1004.5,15.3
2026-06-19T22:00,63.6,26.7,186.0,10.7,5.3,43.0,78,30.1,72,1004.9,15.2
2026-06-19T23:00,61.5,26.0,177.0,10.0,5.3,44.0,78,30.0,72,1005.0,13.7
2026-06-20T00:00,61.5,25.7,160.0,9.1,5.2,45.0,78,29.6,75,1004.5,12.5
2026-06-20T01:00,66.8,27.1,140.0,8.1,5.0,45.0,79,29.3,78,1004.5,12.6
2026-06-20T02:00,73.1,26.1,126.0,7.2,4.9,46.0,79,29.1,80,1004.0,13.5
2026-06-20T03:00,48.7,18.9,120.0,6.5,4.8,46.0,80,28.9,81,1003.7,13.0
2026-06-20T04:00,43.3,16.6,120.0,5.9,4.8,46.0,80,28.8,82,1003.4,12.6
2026-06-20T05:00,48.0,18.6,132.0,5.9,4.8,49.0,79,28.9,82,1003.7,13.2
2026-06-20T06:00,44.9,17.0,168.0,6.7,5.0,49.0,79,28.8,82,1004.2,12.3
2026-06-20T07:00,51.1,18.5,216.0,7.8,5.2,50.0,79,29.4,78,1004.8,14.1
2026-06-20T08:00,57.0,20.0,245.0,8.2,5.3,53.0,79,30.4,73,1005.0,16.0
2026-06-20T09:00,62.2,21.0,236.0,7.3,5.3,59.0,79,31.3,67,1005.3,16.5
2026-06-20T10:00,68.9,22.1,208.0,5.8,5.1,67.0,78,32.2,63,1005.2,16.8
2026-06-20T11:00,71.7,22.7,187.0,4.5,5.0,73.0,78,32.4,61,1005.5,16.2
2026-06-20T12:00,73.3,22.8,184.0,3.8,4.8,74.0,78,32.1,62,1005.2,15.3
2026-06-20T13:00,75.4,22.9,188.0,3.4,4.6,73.0,78,32.4,61,1005.0,14.8
2026-06-20T14:00,76.1,22.9,195.0,3.5,4.5,70.0,78,32.2,62,1004.6,15.4
2026-06-20T15:00,76.1,23.0,207.0,4.0,4.4,66.0,78,32.1,63,1004.0,16.4
2026-06-20T16:00,68.0,21.4,223.0,5.0,4.4,61.0,78,31.8,65,1003.6,18.3
2026-06-20T17:00,105.7,28.5,231.0,5.9,4.4,62.0,79,31.8,65,1003.4,15.2
2026-06-20T18:00,88.7,25.1,226.0,7.4,4.6,57.0,78,30.9,68,1003.8,14.1
2026-06-20T19:00,70.8,22.3,214.0,9.3,4.8,50.0,77,30.2,72,1004.2,14.8
2026-06-20T20:00,60.3,21.2,204.0,10.7,5.0,45.0,77,29.9,73,1004.8,15.0
2026-06-20T21:00,48.9,19.8,200.0,11.0,5.0,43.0,76,29.7,75,1005.1,15.5
2026-06-20T22:00,44.1,18.1,198.0,10.6,5.0,43.0,75,29.6,76,1005.9,14.5
2026-06-20T23:00,43.8,17.4,191.0,9.9,4.9,44.0,75,29.6,76,1005.7,15.1
2026-06-21T00:00,44.9,17.1,173.0,8.7,4.7,45.0,74,29.4,76,1005.4,13.7
2026-06-21T01:00,39.2,14.8,150.0,7.1,4.4,46.0,73,29.1,77,1005.0,14.0
2026-06-21T02:00,38.3,14.5,132.0,5.9,4.2,47.0,72,28.9,79,1004.3,14.0
2026-06-21T03:00,36.6,14.2,122.0,5.3,4.1,47.0,71,28.6,81,1004.1,13.4
2026-06-21T04:00,35.9,14.1,118.0,5.0,4.2,47.0,71,28.4,83,1003.9,12.1
2026-06-21T05:00,38.1,14.6,122.0,4.3,3.9,50.0,71,29.0,79,1003.9,13.4
2026-06-21T06:00,36.9,14.8,142.0,4.8,4.3,51.0,70,29.0,79,1004.1,13.2
2026-06-21T07:00,44.5,16.3,171.0,5.4,4.8,53.0,70,29.5,76,1004.5,14.4
2026-06-21T08:00,53.9,18.9,188.0,5.5,5.2,57.0,70,30.3,72,1004.5,15.2
2026-06-21T09:00,58.9,19.9,180.0,4.7,5.2,64.0,70,31.2,68,1004.5,16.2
2026-06-21T10:00,62.6,20.7,160.0,3.5,5.0,72.0,70,31.8,64,1004.4,16.9
2026-06-21T11:00,60.3,20.6,145.0,2.6,4.8,78.0,70,32.5,59,1004.3,16.7
2026-06-21T12:00,59.6,20.4,142.0,2.2,4.5,78.0,70,32.3,59,1003.8,17.4
2026-06-21T13:00,54.9,19.4,145.0,2.0,4.2,76.0,69,32.2,59,1003.1,17.7
2026-06-21T14:00,51.8,18.9,150.0,2.1,4.0,72.0,69,32.0,61,1002.4,18.3
2026-06-21T15:00,49.8,18.7,159.0,2.5,3.9,67.0,69,31.8,62,1001.9,18.7
2026-06-21T16:00,47.7,18.7,170.0,3.2,3.9,62.0,69,31.6,61,1001.4,18.8
2026-06-21T17:00,53.9,20.7,178.0,3.7,4.0,60.0,68,31.1,65,1001.2,18.2
2026-06-21T18:00,54.1,21.0,180.0,4.8,4.2,56.0,68,30.6,67,1001.1,17.6
2026-06-21T19:00,51.6,21.5,180.0,6.3,4.5,52.0,67,30.1,70,1001.6,16.7
2026-06-21T20:00,52.9,22.8,175.0,7.4,4.7,48.0,67,30.0,70,1002.0,16.8
2026-06-21T21:00,58.6,25.1,165.0,7.7,4.8,47.0,67,30.1,70,1002.7,17.5
2026-06-21T22:00,57.6,25.3,152.0,7.7,4.9,47.0,68,30.0,71,1003.2,16.8
2026-06-21T23:00,55.4,24.7,140.0,7.3,4.9,47.0,68,29.4,75,1003.3,15.3
2026-06-22T00:00,56.3,24.7,129.0,6.5,4.7,48.0,69,29.2,77,1003.0,15.5
2026-06-22T01:00,57.4,24.4,119.0,5.3,4.3,49.0,70,28.9,80,1002.7,15.9
2026-06-22T02:00,58.1,24.7,113.0,4.5,4.1,50.0,70,28.7,81,1002.3,15.5
2026-06-22T03:00,63.8,27.6,108.0,4.2,4.0,50.0,71,28.7,81,1002.3,15.8
2026-06-22T04:00,57.5,25.3,107.0,4.2,4.0,49.0,72,28.6,81,1002.1,15.5
2026-06-22T05:00,43.3,18.7,119.0,4.1,3.8,51.0,73,28.8,81,1002.4,15.7
2026-06-22T06:00,41.7,18.4,158.0,5.2,4.1,51.0,73,28.7,82,1002.8,16.7
2026-06-22T07:00,44.6,19.2,210.0,6.6,4.6,50.0,74,29.1,79,1003.1,18.3
2026-06-22T08:00,48.0,19.8,241.0,7.2,4.9,52.0,74,29.9,74,1003.6,18.3
2026-06-22T09:00,52.0,21.0,230.0,6.4,5.0,58.0,74,30.6,70,1003.5,17.7
2026-06-22T10:00,60.5,23.3,199.0,4.8,5.0,65.0,74,31.5,66,1003.5,17.5
2026-06-22T11:00,56.8,22.2,175.0,3.5,4.9,71.0,74,32.1,62,1003.6,17.7
2026-06-22T12:00,58.4,22.3,170.0,2.9,4.7,73.0,74,32.3,61,1003.3,18.0
2026-06-22T13:00,57.9,22.2,172.0,2.7,4.5,73.0,75,32.3,61,1002.8,18.3
2026-06-22T14:00,56.9,21.9,179.0,2.8,4.3,71.0,75,32.1,62,1002.3,19.0
2026-06-22T15:00,60.1,23.2,193.0,3.3,4.2,67.0,75,31.9,63,1001.7,18.1
2026-06-22T16:00,52.9,20.7,212.0,4.2,4.2,61.0,75,31.6,63,1001.1,17.4
2026-06-22T17:00,76.1,28.9,223.0,5.4,4.3,56.0,76,31.6,62,1000.8,17.6
2026-06-22T18:00,72.9,28.6,222.0,7.0,4.5,52.0,76,31.0,63,1001.0,17.5
2026-06-22T19:00,72.4,29.0,213.0,9.1,4.8,48.0,77,30.3,67,1001.7,16.7
2026-06-22T20:00,70.1,29.0,204.0,10.7,5.1,44.0,77,30.0,69,1002.2,15.9
2026-06-22T21:00,66.6,29.3,197.0,11.4,5.4,43.0,78,29.8,71,1002.5,15.7
2026-06-22T22:00,66.8,28.9,188.0,11.5,5.7,42.0,78,29.8,72,1002.7,16.6
2026-06-22T23:00,65.4,28.2,178.0,11.1,5.8,43.0,78,29.6,70,1002.9,14.9
2026-06-23T00:00,62.2,27.1,163.0,9.7,5.4,44.0,79,29.5,73,1002.5,15.0
2026-06-23T01:00,57.4,25.3,146.0,7.7,4.8,46.0,79,29.4,73,1002.3,14.9
2026-06-23T02:00,56.8,24.9,133.0,6.2,4.4,48.0,79,29.2,75,1001.9,15.0
2026-06-23T03:00,54.8,24.4,123.0,5.5,4.4,48.0,79,29.2,75,1001.7,15.2
2026-06-23T04:00,49.4,21.4,117.0,5.3,4.5,48.0,79,29.1,77,1002.0,15.4
2026-06-23T05:00,39.9,17.2,126.0,5.1,4.4,49.0,78,29.1,76,1002.0,14.2
2026-06-23T06:00,39.0,17.0,166.0,6.5,4.7,48.0,78,28.9,79,1002.2,14.8
2026-06-23T07:00,42.1,17.8,221.0,8.3,5.2,47.0,78,29.0,80,1002.7,16.8
2026-06-23T08:00,46.1,19.7,254.0,9.1,5.5,49.0,78,29.8,75,1002.9,18.2
2026-06-23T09:00,47.6,19.6,242.0,7.9,5.5,56.0,78,30.6,71,1002.9,18.2
2026-06-23T10:00,52.4,20.5,207.0,5.6,5.2,65.0,78,31.4,66,1003.0,17.3
2026-06-23T11:00,53.7,21.0,181.0,3.8,5.0,72.0,78,32.4,60,1002.9,17.0
2026-06-23T12:00,54.5,21.0,176.0,3.0,4.8,75.0,78,32.6,58,1002.5,17.5
2026-06-23T13:00,55.2,21.5,179.0,2.8,4.5,76.0,78,32.6,59,1001.7,18.9
2026-06-23T14:00,57.7,22.4,186.0,2.9,4.3,74.0,78,32.0,62,1001.0,18.5
2026-06-23T15:00,58.0,22.5,199.0,3.5,4.2,70.0,78,32.3,59,1000.5,18.6
2026-06-23T16:00,55.6,21.9,216.0,4.5,4.2,63.0,78,31.9,60,1000.0,19.4
2026-06-23T17:00,73.8,27.4,225.0,5.5,3.9,58.0,78,31.3,62,1000.1,17.5
2026-06-23T18:00,68.9,26.7,218.0,6.8,4.1,54.0,77,30.7,65,1000.1,17.8
2026-06-23T19:00,65.4,26.4,203.0,8.5,4.3,48.0,77,30.0,69,1000.7,18.6
2026-06-23T20:00,67.3,27.8,189.0,9.7,4.5,43.0,77,29.7,72,1001.0,20.4
2026-06-23T21:00,66.1,27.9,181.0,10.0,4.7,41.0,77,29.5,73,1001.4,20.7
2026-06-23T22:00,65.7,28.6,175.0,9.9,4.8,41.0,77,29.5,73,1001.6,21.1
2026-06-23T23:00,65.4,28.3,166.0,9.2,4.8,42.0,77,29.6,73,1001.7,19.5
2026-06-24T00:00,64.0,27.2,150.0,7.7,4.5,43.0,77,29.4,75,1001.5,19.1
2026-06-24T01:00,61.5,26.0,130.0,5.7,3.9,45.0,77,29.2,76,1001.2,18.3
2026-06-24T02:00,60.3,25.4,116.0,4.2,3.6,47.0,77,29.0,77,1000.9,19.5
2026-06-24T03:00,56.2,24.2,106.0,3.7,3.6,47.0,77,28.9,78,1000.6,19.2
2026-06-24T04:00,51.9,22.6,101.0,3.8,3.7,47.0,77,28.6,81,1000.5,19.4
2026-06-24T05:00,43.8,16.7,113.0,4.3,3.9,47.0,77,28.9,78,1000.3,17.8
2026-06-24T06:00,37.8,15.6,160.0,5.5,4.2,47.0,77,28.9,77,1000.7,18.4
2026-06-24T07:00,44.1,18.2,224.0,7.1,4.6,46.0,77,29.1,77,1001.0,19.8
2026-06-24T08:00,45.6,18.9,263.0,7.8,4.8,48.0,77,29.5,74,1001.6,19.1
2026-06-24T09:00,47.6,19.7,250.0,6.8,4.7,54.0,77,30.2,71,1001.9,19.8
2026-06-24T10:00,49.9,20.3,211.0,5.0,4.5,63.0,77,30.5,70,1002.1,20.8
2026-06-24T11:00,48.9,20.1,182.0,3.6,4.3,69.0,77,31.6,64,1002.0,22.3
2026-06-24T12:00,48.5,20.0,176.0,3.2,4.1,70.0,77,31.8,64,1001.6,22.8
2026-06-24T13:00,47.4,19.7,180.0,3.2,4.0,68.0,77,31.6,66,1001.0,22.2
2026-06-24T14:00,46.6,19.4,187.0,3.5,3.9,65.0,77,31.6,67,1000.7,21.2
2026-06-24T15:00,47.1,19.7,200.0,4.1,3.9,61.0,76,31.5,66,1000.3,21.1
2026-06-24T16:00,47.5,20.0,216.0,4.9,3.9,56.0,76,31.2,68,1000.0,21.5
2026-06-24T17:00,46.4,20.3,226.0,6.0,4.0,52.0,76,31.5,64,999.3,19.1
2026-06-24T18:00,47.3,20.6,223.0,7.6,4.2,48.0,75,30.7,67,999.4,18.0
2026-06-24T19:00,46.6,20.8,213.0,9.3,4.3,44.0,75,30.1,70,999.9,18.4
2026-06-24T20:00,45.5,21.0,204.0,10.4,4.5,42.0,75,29.7,73,1000.1,18.5
2026-06-24T21:00,43.9,20.7,200.0,10.3,4.6,42.0,74,29.5,74,1000.9,19.0
2026-06-24T22:00,42.4,20.4,197.0,9.5,4.6,44.0,73,29.4,75,1001.6,17.9
2026-06-24T23:00,44.8,20.5,189.0,8.6,4.6,45.0,73,29.6,74,1001.7,17.2
2026-06-25T00:00,40.6,19.1,169.0,7.5,4.4,46.0,72,29.2,76,1001.6,15.9
2026-06-25T01:00,33.3,15.1,145.0,6.2,4.0,47.0,72,29.1,75,1001.2,14.6
2026-06-25T02:00,33.8,14.8,127.0,5.2,3.8,48.0,71,29.0,75,1000.9,14.7
2026-06-25T03:00,36.2,16.4,119.0,4.8,3.8,48.0,70,28.9,76,1000.8,15.2
2026-06-25T04:00,31.1,13.9,119.0,4.7,4.0,48.0,69,28.9,76,1000.8,16.1
2026-06-25T05:00,29.6,13.3,131.0,4.9,4.2,48.0,69,28.8,78,1001.0,15.5
2026-06-25T06:00,28.7,13.2,170.0,5.8,4.5,48.0,68,28.7,79,1001.5,14.3
2026-06-25T07:00,37.0,16.9,221.0,7.1,4.7,48.0,68,29.2,77,1001.9,17.4
2026-06-25T08:00,38.1,17.5,251.0,7.6,4.9,50.0,68,29.8,73,1002.2,19.0
2026-06-25T09:00,40.4,18.1,238.0,6.5,4.9,57.0,68,30.7,69,1002.6,19.7
2026-06-25T10:00,42.0,18.3,203.0,4.7,4.7,66.0,68,31.6,65,1002.6,19.1
2026-06-25T11:00,41.8,18.0,177.0,3.3,4.5,73.0,68,31.8,64,1002.6,19.2
2026-06-25T12:00,42.1,18.1,173.0,2.8,4.3,75.0,67,31.9,63,1002.5,19.3
2026-06-25T13:00,42.1,18.2,179.0,2.8,4.1,73.0,67,31.8,64,1002.3,18.8
2026-06-25T14:00,42.3,18.2,188.0,3.2,4.0,71.0,67,31.8,66,1001.8,19.2
2026-06-25T15:00,40.7,18.0,204.0,3.9,4.0,67.0,67,31.4,69,1001.3,19.7
2026-06-25T16:00,40.4,18.1,223.0,4.9,4.0,62.0,67,31.6,68,1000.8,18.5
2026-06-25T17:00,49.2,22.6,235.0,6.5,4.5,57.0,67,31.3,66,1000.8,16.7
2026-06-25T18:00,50.5,22.8,232.0,8.3,4.8,53.0,67,30.6,69,1001.1,16.3
2026-06-25T19:00,48.7,22.2,221.0,10.7,5.2,47.0,67,30.0,73,1001.6,16.6
2026-06-25T20:00,45.6,21.5,212.0,12.4,5.5,43.0,67,29.7,74,1001.9,15.5
2026-06-25T21:00,44.2,21.4,212.0,12.9,5.7,41.0,67,29.5,75,1002.4,15.1
2026-06-25T22:00,39.8,19.0,214.0,12.8,5.9,41.0,67,29.6,75,1003.0,14.6
2026-06-25T23:00,38.9,18.2,207.0,12.1,5.9,41.0,67,29.5,76,1003.2,13.5
2026-06-26T00:00,38.0,17.6,182.0,10.7,5.5,42.0,67,29.2,77,1003.1,12.9
2026-06-26T01:00,38.8,17.5,149.0,8.7,5.0,45.0,67,29.0,78,1002.7,12.6
2026-06-26T02:00,38.8,17.5,127.0,7.3,4.7,46.0,67,28.8,80,1002.5,11.7
2026-06-26T03:00,38.9,17.5,122.0,6.9,4.8,45.0,67,28.6,81,1002.2,10.8
2026-06-26T04:00,38.8,17.5,127.0,6.9,5.1,44.0,67,28.4,82,1002.1,10.4
2026-06-26T05:00,41.7,18.2,144.0,7.4,5.5,43.0,68,28.9,78,1002.3,9.7
2026-06-26T06:00,40.7,18.5,183.0,8.0,5.8,44.0,68,28.9,78,1003.0,10.2
2026-06-26T07:00,48.5,20.1,232.0,8.8,6.2,45.0,69,29.3,77,1003.5,11.6
2026-06-26T08:00,53.1,21.5,262.0,9.0,6.4,49.0,69,30.2,73,1003.9,13.2
2026-06-26T09:00,55.8,22.2,252.0,7.9,6.3,57.0,69,31.1,69,1004.1,13.1
2026-06-26T10:00,58.0,22.7,222.0,6.1,6.0,66.0,69,31.6,66,1004.3,13.9
2026-06-26T11:00,59.3,23.1,199.0,4.7,5.7,73.0,70,32.9,60,1004.1,13.1
2026-06-26T12:00,57.9,22.7,194.0,4.0,5.5,75.0,70,32.1,64,1003.9,14.0
2026-06-26T13:00,57.2,22.7,196.0,3.7,5.2,74.0,71,31.9,67,1003.7,14.8
2026-06-26T14:00,51.3,21.6,202.0,3.7,5.0,72.0,71,32.3,65,1003.2,15.0
2026-06-26T15:00,48.3,20.9,213.0,4.1,4.8,68.0,71,32.0,67,1002.8,15.9
2026-06-26T16:00,48.0,20.7,227.0,5.0,4.7,63.0,71,31.4,69,1002.3,15.5
2026-06-26T17:00,39.2,17.3,236.0,6.0,4.5,59.0,72,31.7,66,1002.3,15.0
2026-06-26T18:00,41.1,18.2,236.0,7.6,4.8,54.0,71,30.9,68,1002.4,14.3
2026-06-26T19:00,43.1,19.4,231.0,9.8,5.2,48.0,71,30.2,72,1002.9,14.6
2026-06-26T20:00,42.8,19.6,223.0,11.4,5.5,43.0,71,29.8,75,1003.4,14.7
2026-06-26T21:00,43.0,19.8,212.0,12.0,5.7,41.0,70,29.6,77,1003.8,13.2
2026-06-26T22:00,43.3,20.1,198.0,12.1,5.8,41.0,70,29.4,77,1004.2,12.1
2026-06-26T23:00,41.7,19.6,183.0,11.9,5.9,41.0,70,29.4,76,1004.2,12.0
2026-06-27T00:00,39.3,18.4,167.0,11.2,5.8,41.0,70,29.2,77,1004.0,11.2
2026-06-27T01:00,36.3,16.9,150.0,10.2,5.6,42.0,71,29.1,77,1003.8,9.9
2026-06-27T02:00,35.4,16.4,139.0,9.4,5.6,42.0,70,28.9,78,1003.2,9.4
2026-06-27T03:00,34.9,16.1,132.0,9.2,5.8,41.0,70,28.9,77,1003.1,8.8
2026-06-27T04:00,33.4,15.7,129.0,9.3,6.2,40.0,70,28.8,77,1003.1,8.6
2026-06-27T05:00,33.4,15.5,140.0,8.3,6.2,42.0,70,29.0,78,1003.2,9.3
2026-06-27T06:00,32.6,15.5,178.0,8.6,6.4,44.0,70,28.8,79,1003.7,9.0
2026-06-27T07:00,38.3,16.8,229.0,9.0,6.6,46.0,70,29.4,75,1004.0,10.6
2026-06-27T08:00,42.3,17.9,260.0,8.8,6.7,51.0,69,30.2,72,1004.4,12.1
2026-06-27T09:00,46.4,19.3,249.0,7.4,6.4,60.0,69,30.9,68,1004.6,12.8
2026-06-27T10:00,49.9,20.4,216.0,5.4,6.0,72.0,69,31.3,67,1004.7,13.5
2026-06-27T11:00,52.7,21.5,193.0,3.9,5.6,81.0,69,31.7,66,1004.5,13.8
2026-06-27T12:00,53.3,21.7,191.0,3.2,5.3,86.0,69,31.7,66,1004.0,13.0
2026-06-27T13:00,52.7,21.2,197.0,2.9,5.0,87.0,69,32.4,64,1003.6,13.4
2026-06-27T14:00,50.6,20.6,206.0,3.1,4.8,86.0,68,31.7,67,1003.0,14.6
2026-06-27T15:00,46.8,19.4,218.0,3.6,4.7,80.0,68,31.3,69,1002.3,14.8
2026-06-27T16:00,43.9,18.3,232.0,4.6,4.6,71.0,68,31.1,70,1001.5,15.1
2026-06-27T17:00,60.5,24.4,240.0,6.3,5.1,68.0,68,31.3,68,1001.5,15.2
2026-06-27T18:00,54.4,22.6,237.0,7.9,5.1,61.0,69,30.6,71,1001.4,14.8
2026-06-27T19:00,49.6,21.2,228.0,10.2,5.1,51.0,69,30.0,73,1001.9,14.5
2026-06-27T20:00,44.6,19.8,217.0,11.6,5.1,44.0,69,29.6,75,1002.2,13.8
2026-06-27T21:00,44.6,19.8,204.0,11.6,5.1,43.0,69,29.4,77,1002.6,13.7
2026-06-27T22:00,44.6,19.9,188.0,10.8,5.1,44.0,69,29.3,77,1003.0,12.9
2026-06-27T23:00,44.9,20.0,172.0,9.8,5.0,46.0,69,29.1,79,1003.5,13.4
2026-06-28T00:00,41.9,18.2,156.0,8.7,4.7,47.0,69,28.9,79,1003.1,12.9
2026-06-28T01:00,40.5,17.4,140.0,7.4,4.4,47.0,69,28.6,82,1002.6,12.8
2026-06-28T02:00,39.1,16.9,129.0,6.4,4.2,48.0,69,28.5,83,1002.1,13.0
2026-06-28T03:00,38.6,16.9,124.0,6.0,4.3,48.0,69,28.3,84,1002.0,11.7
2026-06-28T04:00,38.2,16.8,125.0,6.0,4.5,48.0,69,28.3,84,1001.5,11.3
2026-06-28T05:00,38.6,17.1,131.0,5.5,4.4,49.0,69,29.0,79,1001.6,11.7
2026-06-28T06:00,38.9,17.6,148.0,5.8,4.6,50.0,69,28.9,79,1001.5,12.8
2026-06-28T07:00,45.2,19.2,171.0,6.2,4.9,51.0,70,29.2,78,1001.8,15.7
2026-06-28T08:00,54.2,22.9,184.0,6.1,5.1,54.0,70,29.9,74,1002.3,16.9
2026-06-28T09:00,56.6,23.9,177.0,5.2,5.1,59.0,70,30.7,70,1002.6,16.6
2026-06-28T10:00,59.0,24.4,160.0,3.9,4.9,66.0,71,31.5,66,1002.5,16.1
2026-06-28T11:00,58.7,24.1,148.0,2.9,4.7,71.0,71,32.1,63,1002.4,16.6
2026-06-28T12:00,57.4,23.3,145.0,2.4,4.5,73.0,71,31.9,65,1002.0,16.3
2026-06-28T13:00,57.3,23.0,147.0,2.2,4.3,73.0,71,31.9,64,1001.6,16.8
2026-06-28T14:00,55.3,22.4,152.0,2.2,4.2,72.0,71,31.9,65,1001.2,18.3
2026-06-28T15:00,62.2,24.6,162.0,2.6,4.1,69.0,72,31.1,68,1000.6,19.6
2026-06-28T16:00,54.4,21.9,174.0,3.2,4.1,64.0,72,31.1,69,1000.1,19.0
2026-06-28T17:00,53.6,21.9,181.0,4.0,4.1,59.0,72,30.7,70,999.6,19.6
2026-06-28T18:00,51.9,21.7,177.0,5.0,4.2,55.0,72,30.2,72,999.8,18.7
2026-06-28T19:00,49.1,21.2,167.0,6.2,4.3,51.0,72,29.7,75,1000.0,18.2
2026-06-28T20:00,48.1,21.7,159.0,6.9,4.4,49.0,72,29.6,75,1000.5,17.7
2026-06-28T21:00,49.2,22.6,156.0,6.9,4.4,48.0,72,29.4,76,1001.0,19.0
2026-06-28T22:00,49.8,23.1,154.0,6.4,4.3,49.0,72,29.3,77,1001.6,17.8
2026-06-28T23:00,46.4,22.1,149.0,5.9,4.2,49.0,73,29.0,78,1002.1,17.0
2026-06-29T00:00,46.1,21.8,137.0,5.3,4.0,49.0,73,28.8,80,1001.5,16.2
2026-06-29T01:00,40.4,18.3,123.0,4.6,3.7,50.0,73,28.6,81,1001.2,14.9
2026-06-29T02:00,39.1,17.9,113.0,4.1,3.6,50.0,73,28.5,82,1000.7,14.0
2026-06-29T03:00,38.8,17.9,107.0,3.9,3.6,50.0,73,28.3,82,1000.5,13.9
2026-06-29T04:00,38.8,17.9,105.0,3.8,3.7,50.0,73,28.2,83,1000.3,13.6
2026-06-29T05:00,49.4,21.9,116.0,4.5,4.0,50.0,73,28.3,82,1000.1,14.9
2026-06-29T06:00,49.4,22.2,154.0,5.4,4.3,51.0,74,28.2,82,1000.3,14.8
2026-06-29T07:00,60.3,25.3,204.0,6.5,4.8,52.0,74,28.8,79,1000.7,16.9
2026-06-29T08:00,70.5,28.3,235.0,7.0,5.1,54.0,75,29.6,74,1001.0,17.7
2026-06-29T09:00,72.6,28.5,227.0,6.1,5.0,59.0,75,30.3,70,1001.3,18.1
2026-06-29T10:00,72.6,28.5,199.0,4.6,4.7,66.0,75,30.9,67,1001.6,18.6
2026-06-29T11:00,71.0,27.6,177.0,3.4,4.5,71.0,76,31.7,62,1001.7,18.8
2026-06-29T12:00,70.3,27.1,172.0,2.9,4.3,73.0,76,31.8,60,1001.3,19.0
2026-06-29T13:00,70.3,27.0,173.0,2.7,4.2,74.0,76,32.2,59,1000.6,19.3
2026-06-29T14:00,65.2,25.6,178.0,3.0,4.1,73.0,77,32.1,60,1000.0,19.9
2026-06-29T15:00,63.3,25.1,189.0,3.8,4.1,68.0,77,31.6,62,999.5,19.3
2026-06-29T16:00,61.7,24.4,203.0,5.1,4.2,62.0,77,31.3,64,999.0,19.2
2026-06-29T17:00,79.9,30.7,212.0,6.6,4.0,55.0,77,30.9,64,999.0,18.7
2026-06-29T18:00,77.3,31.2,210.0,7.9,4.3,53.0,78,30.2,66,999.0,18.0
2026-06-29T19:00,75.7,31.8,203.0,9.6,4.8,49.0,78,29.8,69,999.1,17.8
2026-06-29T20:00,70.3,30.9,195.0,10.7,5.1,47.0,79,29.5,71,999.4,17.2
2026-06-29T21:00,66.6,30.0,190.0,10.6,5.1,46.0,80,29.2,74,1000.3,18.4
2026-06-29T22:00,56.5,26.6,185.0,9.9,4.9,46.0,81,29.2,75,1000.8,18.4
2026-06-29T23:00,50.6,25.0,176.0,8.9,4.7,47.0,81,29.1,74,1000.7,18.2
2026-06-30T00:00,44.8,21.1,157.0,7.7,4.5,48.0,81,28.9,76,1000.7,17.1
2026-06-30T01:00,44.6,20.5,135.0,6.3,4.2,49.0,81,28.8,76,1000.3,17.3
2026-06-30T02:00,44.9,20.5,119.0,5.2,4.1,50.0,81,28.7,77,999.8,16.2
2026-06-30T03:00,46.2,20.7,113.0,4.7,4.1,50.0,81,28.6,77,999.8,16.5
2026-06-30T04:00,46.4,20.7,113.0,4.5,4.2,50.0,82,28.6,77,999.7,17.2
2026-06-30T05:00,49.6,21.2,126.0,4.5,4.1,50.0,82,28.7,78,999.5,16.5
2026-06-30T06:00,48.0,21.3,162.0,6.0,4.5,49.0,82,28.7,79,999.7,16.3
2026-06-30T07:00,51.8,22.5,210.0,7.9,5.0,48.0,82,29.2,76,1000.1,19.0
2026-06-30T08:00,60.1,25.7,240.0,8.8,5.3,49.0,82,29.8,73,1000.2,19.8
2026-06-30T09:00,58.9,25.0,235.0,7.7,5.2,55.0,81,30.4,70,1000.5,20.9
2026-06-30T10:00,59.6,24.9,213.0,5.5,5.0,64.0,81,30.9,67,1000.9,20.3
2026-06-30T11:00,61.0,25.4,196.0,3.9,4.7,70.0,81,30.7,69,1000.7,19.4
2026-06-30T12:00,58.8,24.7,191.0,3.4,4.5,71.0,81,31.3,66,1000.5,18.9
2026-06-30T13:00,55.6,23.5,191.0,3.4,4.4,70.0,80,32.3,61,1000.0,18.9
2026-06-30T14:00,57.3,23.6,195.0,3.8,4.3,68.0,80,31.8,63,999.5,19.3
2026-06-30T15:00,58.6,24.0,207.0,4.5,4.3,65.0,80,31.4,66,999.0,20.2
2026-06-30T16:00,55.4,22.9,223.0,5.6,4.3,60.0,80,31.1,68,998.4,19.0
2026-06-30T17:00,61.9,25.7,232.0,6.9,4.4,56.0,80,31.6,61,998.4,18.9
2026-06-30T18:00,56.8,23.9,227.0,8.5,4.6,52.0,79,30.8,65,998.4,18.6
2026-06-30T19:00,50.1,22.0,214.0,10.7,4.9,47.0,79,30.0,70,998.3,18.4
2026-06-30T20:00,45.8,21.3,203.0,12.0,5.1,44.0,78,29.7,73,998.7,18.2
2026-06-30T21:00,37.5,17.6,197.0,11.9,5.1,43.0,77,29.6,75,999.3,18.8
2026-06-30T22:00,38.4,17.3,192.0,10.9,5.1,44.0,76,29.4,76,1000.2,18.1
2026-06-30T23:00,40.6,18.0,183.0,9.8,5.0,45.0,76,29.3,77,1000.1,17.1
2026-07-01T00:00,44.7,19.6,164.0,8.6,4.8,46.0,75,29.1,78,999.8,16.0
2026-07-01T01:00,41.2,18.3,141.0,7.2,4.5,47.0,75,28.9,79,999.7,15.3
2026-07-01T02:00,39.7,17.6,125.0,6.1,4.3,48.0,75,28.7,80,999.2,15.5
2026-07-01T03:00,38.5,17.2,116.0,5.5,4.3,48.0,74,28.7,80,999.0,15.3
2026-07-01T04:00,38.0,17.1,114.0,5.3,4.4,49.0,74,28.5,82,998.7,15.3
2026-07-01T05:00,39.1,17.2,127.0,5.4,4.6,49.0,74,28.5,85,998.5,15.4
2026-07-01T06:00,38.9,17.6,171.0,6.7,4.9,49.0,74,28.5,84,998.6,14.9
2026-07-01T07:00,44.5,19.2,231.0,8.3,5.3,50.0,73,28.9,82,998.9,15.4
2026-07-01T08:00,51.6,21.9,267.0,9.1,5.5,52.0,73,29.8,77,999.1,17.0
2026-07-01T09:00,52.2,22.2,255.0,8.1,5.5,58.0,73,30.6,71,999.4,18.2
2026-07-01T10:00,51.1,21.6,218.0,6.3,5.3,66.0,73,31.2,69,999.3,18.8
2026-07-01T11:00,48.2,21.1,192.0,4.9,5.2,71.0,72,31.1,69,999.4,18.0
2026-07-01T12:00,45.8,20.1,189.0,4.4,5.1,72.0,72,31.3,68,999.2,18.0
2026-07-01T13:00,59.6,24.2,196.0,4.3,5.0,71.0,72,31.8,67,998.6,18.2
2026-07-01T14:00,48.3,21.4,207.0,4.6,4.9,69.0,72,31.3,69,998.0,18.0
2026-07-01T15:00,47.4,21.2,224.0,5.3,4.9,65.0,71,31.3,70,997.7,18.0
2026-07-01T16:00,49.1,22.0,246.0,6.3,4.8,60.0,71,31.2,70,997.2,17.4
2026-07-01T17:00,48.7,20.5,258.0,7.4,4.6,56.0,71,31.4,69,997.1,16.4
2026-07-01T18:00,49.5,21.1,253.0,9.4,4.9,51.0,71,30.4,74,997.1,16.4
2026-07-01T19:00,48.5,21.2,238.0,12.2,5.3,45.0,71,29.9,78,997.3,17.8
2026-07-01T20:00,44.1,19.6,224.0,14.2,5.6,40.0,70,29.6,80,997.9,17.2
2026-07-01T21:00,39.1,18.2,216.0,14.7,5.7,38.0,70,29.4,81,998.9,16.3
2026-07-01T22:00,38.6,18.3,210.0,14.4,5.7,37.0,70,29.2,83,999.8,14.8
2026-07-01T23:00,40.7,19.0,199.0,13.5,5.6,37.0,70,29.6,80,999.5,14.0
2026-07-02T00:00,42.4,19.5,180.0,11.7,5.3,38.0,71,29.3,81,999.5,13.3
2026-07-02T01:00,44.5,20.0,157.0,9.4,4.9,40.0,71,29.2,81,999.4,13.4
2026-07-02T02:00,45.2,20.2,140.0,7.6,4.7,41.0,71,28.8,84,999.0,13.2
2026-07-02T03:00,45.8,20.2,127.0,6.8,4.7,41.0,71,28.7,85,998.8,12.7
2026-07-02T04:00,45.2,19.9,120.0,6.7,4.9,40.0,71,28.6,86,998.5,12.6
2026-07-02T05:00,44.4,19.2,131.0,7.3,5.3,41.0,71,28.6,87,998.4,12.1
2026-07-02T06:00,43.4,19.0,181.0,8.5,5.9,41.0,71,28.5,87,998.8,11.6
2026-07-02T07:00,51.2,20.8,250.0,10.2,6.6,41.0,72,29.0,84,999.3,11.8
2026-07-02T08:00,59.4,22.7,292.0,10.9,7.1,43.0,72,29.9,78,999.6,12.3
2026-07-02T09:00,58.9,22.8,278.0,9.8,7.0,50.0,72,30.7,74,999.9,13.7
2026-07-02T10:00,61.2,23.2,236.0,7.8,6.6,59.0,72,31.2,72,1000.4,14.0
2026-07-02T11:00,64.7,24.4,204.0,6.2,6.3,66.0,72,32.0,68,1000.3,15.1
2026-07-02T12:00,65.9,24.3,195.0,5.3,6.1,68.0,72,32.1,67,1000.1,15.7
2026-07-02T13:00,66.4,24.4,195.0,4.8,5.9,68.0,73,32.3,67,999.8,15.4
2026-07-02T14:00,66.6,25.0,201.0,4.8,5.7,67.0,73,32.4,66,999.4,15.9
2026-07-02T15:00,65.4,24.7,215.0,5.4,5.6,65.0,73,32.2,67,998.9,16.1
2026-07-02T16:00,61.7,23.8,234.0,6.6,5.5,61.0,73,31.8,68,998.3,16.5
2026-07-02T17:00,75.9,28.3,246.0,7.7,5.4,57.0,73,31.3,70,998.5,15.9
2026-07-02T18:00,74.5,27.2,244.0,9.5,5.7,53.0,74,30.6,73,999.0,13.8
2026-07-02T19:00,74.0,27.6,234.0,12.2,6.2,48.0,74,30.1,75,999.8,12.9
2026-07-02T20:00,69.4,27.1,226.0,14.7,6.7,43.0,75,29.6,79,1000.0,13.6
2026-07-02T21:00,61.9,24.9,225.0,17.5,7.4,39.0,75,29.4,81,1000.9,12.5
2026-07-02T22:00,60.5,25.0,225.0,20.2,8.1,35.0,76,29.3,81,1001.7,12.0
2026-07-02T23:00,56.0,24.3,216.0,20.9,8.3,33.0,77,29.2,82,1001.9,14.0
2026-07-03T00:00,52.7,22.8,190.0,17.9,7.5,35.0,77,28.9,82,1001.3,12.6
2026-07-03T01:00,48.2,20.8,155.0,13.0,6.2,40.0,77,28.8,83,1000.9,12.9
2026-07-03T02:00,46.6,19.9,130.0,9.1,5.3,44.0,77,28.7,84,1000.6,13.4
2026-07-03T03:00,45.9,19.5,119.0,7.5,5.1,45.0,77,28.6,84,1000.3,13.1
2026-07-03T04:00,45.4,19.2,117.0,7.0,5.3,45.0,77,28.5,84,1000.3,12.7
2026-07-03T05:00,51.1,21.0,132.0,8.0,6.0,46.0,77,28.8,86,1000.2,12.0
2026-07-03T06:00,49.9,20.6,180.0,8.5,6.2,47.0,77,28.7,86,1000.6,10.7
2026-07-03T07:00,56.7,21.6,245.0,9.2,6.5,50.0,77,29.2,82,1001.5,11.0
2026-07-03T08:00,61.2,22.4,282.0,9.3,6.6,53.0,77,30.3,76,1001.7,12.5
2026-07-03T09:00,65.7,24.1,262.0,8.3,6.5,58.0,77,31.3,71,1001.8,14.7
2026-07-03T10:00,71.7,25.1,215.0,6.8,6.3,65.0,78,32.2,66,1002.1,15.6
2026-07-03T11:00,76.1,26.1,181.0,5.6,6.1,70.0,78,32.9,60,1002.3,15.5
2026-07-03T12:00,73.6,26.1,178.0,5.0,5.9,72.0,78,32.6,62,1001.9,15.2
2026-07-03T13:00,76.6,26.6,188.0,4.8,5.6,73.0,78,32.8,62,1001.3,15.7
2026-07-03T14:00,67.8,24.6,200.0,4.8,5.4,72.0,78,32.8,61,1000.8,15.8
2026-07-03T15:00,65.2,23.6,215.0,5.1,5.3,69.0,78,32.5,64,1000.3,15.8
2026-07-03T16:00,60.5,22.4,233.0,5.7,5.2,65.0,78,32.2,65,999.8,15.3
2026-07-03T17:00,78.2,28.1,242.0,7.0,5.7,65.0,78,31.7,66,999.4,14.7
2026-07-03T18:00,74.3,27.2,235.0,8.8,5.8,58.0,78,30.7,71,999.4,15.7
2026-07-03T19:00,67.8,26.1,219.0,11.2,5.9,49.0,78,30.1,74,999.9,14.5
2026-07-03T20:00,64.0,26.0,203.0,12.7,5.9,42.0,78,29.9,75,1000.2,15.8
2026-07-03T21:00,61.0,25.2,191.0,12.4,5.8,41.0,78,29.7,78,1001.0,15.2
2026-07-03T22:00,54.0,22.3,178.0,11.2,5.6,43.0,78,29.5,79,1001.6,17.0
2026-07-03T23:00,57.7,23.5,165.0,9.9,5.4,45.0,77,29.4,78,1001.6,17.2
2026-07-04T00:00,53.7,22.6,148.0,8.7,5.1,47.0,77,29.2,80,1001.6,15.5
2026-07-04T01:00,52.9,22.6,131.0,7.4,4.9,49.0,77,29.0,81,1001.2,15.7
2026-07-04T02:00,47.1,21.1,119.0,6.4,4.7,51.0,78,28.9,82,1000.2,13.5
2026-07-04T03:00,46.0,20.5,112.0,5.8,4.7,52.0,78,28.7,82,999.7,14.6
2026-07-04T04:00,48.0,20.7,109.0,5.5,4.9,52.0,78,28.6,83,999.4,14.6
2026-07-04T05:00,51.9,21.4,121.0,5.4,5.0,53.0,78,29.0,80,999.2,13.5
2026-07-04T06:00,55.2,22.6,161.0,6.5,5.2,53.0,78,29.0,81,999.8,14.9
2026-07-04T07:00,68.9,25.4,214.0,8.0,5.4,54.0,78,29.4,79,1000.4,15.3
2026-07-04T08:00,88.0,31.2,246.0,8.7,5.6,56.0,78,30.2,75,1000.6,16.2
2026-07-04T09:00,100.4,34.3,236.0,7.8,5.6,61.0,79,30.9,71,1000.4,17.2
2026-07-04T10:00,108.3,35.9,206.0,6.1,5.5,68.0,80,32.1,65,999.9,16.2
2026-07-04T11:00,116.9,37.0,183.0,4.7,5.3,74.0,81,32.0,66,1000.4,16.8
2026-07-04T12:00,119.2,37.5,178.0,3.9,5.1,78.0,82,32.0,66,999.8,16.7
2026-07-04T13:00,121.5,38.4,182.0,3.3,4.8,81.0,82,32.0,66,999.2,17.0
2026-07-04T14:00,108.5,34.8,190.0,3.3,4.7,82.0,83,32.1,67,998.3,17.5
2026-07-04T15:00,104.5,33.8,207.0,4.0,4.8,79.0,84,32.3,67,997.8,17.6
2026-07-04T16:00,105.2,33.6,230.0,5.2,5.1,73.0,85,31.9,69,997.2,16.8
2026-07-04T17:00,143.4,41.4,242.0,6.4,5.0,68.0,86,31.4,72,996.8,15.7
2026-07-04T18:00,132.7,39.8,236.0,8.8,5.3,61.0,87,30.7,75,996.8,14.7
2026-07-04T19:00,121.1,38.2,219.0,12.1,5.7,52.0,88,29.8,79,997.2,14.7
2026-07-04T20:00,106.9,36.8,203.0,14.3,5.9,46.0,89,29.5,81,997.9,13.5
2026-07-04T21:00,99.7,33.6,191.0,14.3,5.9,45.0,90,29.2,82,998.6,15.9
2026-07-04T22:00,104.1,35.4,180.0,13.2,5.8,46.0,90,29.2,83,998.9,15.4
2026-07-04T23:00,107.8,37.0,167.0,11.8,5.6,48.0,91,29.3,82,998.8,13.8
2026-07-05T00:00,96.4,34.6,148.0,10.3,5.3,49.0,92,29.0,84,998.7,13.4
2026-07-05T01:00,86.1,31.4,128.0,8.5,4.9,50.0,93,28.7,86,998.2,13.3
2026-07-05T02:00,82.0,29.8,113.0,7.1,4.6,51.0,94,28.6,86,998.0,12.6
2026-07-05T03:00,78.7,28.6,107.0,6.2,4.5,52.0,95,28.6,85,997.9,12.1
2026-07-05T04:00,77.1,27.8,107.0,5.6,4.5,52.0,95,28.6,84,997.7,12.8
2026-07-05T05:00,84.5,30.3,115.0,4.8,4.3,56.0,96,28.4,87,997.2,11.9
2026-07-05T06:00,87.1,30.6,140.0,5.4,4.7,56.0,97,28.5,86,997.8,12.5
2026-07-05T07:00,99.0,32.4,174.0,6.1,5.2,57.0,97,28.9,83,997.9,13.7
2026-07-05T08:00,114.1,36.7,194.0,6.3,5.6,60.0,98,29.9,77,997.9,15.5
2026-07-05T09:00,122.5,39.3,186.0,5.5,5.8,69.0,98,31.1,69,998.0,18.5
2026-07-05T10:00,122.0,39.7,165.0,4.3,6.0,80.0,99,32.1,64,997.7,15.9
2026-07-05T11:00,119.0,39.0,150.0,3.3,6.0,89.0,99,32.5,61,998.4,14.9
2026-07-05T12:00,114.3,37.8,149.0,2.8,5.9,93.0,99,32.9,60,998.2,14.7
2026-07-05T13:00,111.5,37.0,154.0,2.6,5.7,95.0,99,33.2,59,997.4,15.8
2026-07-05T14:00,110.4,36.7,161.0,2.7,5.5,93.0,99,33.2,60,996.7,16.1
2026-07-05T15:00,109.7,36.8,172.0,3.0,5.4,87.0,99,32.8,63,996.5,16.4
2026-07-05T16:00,105.9,36.3,186.0,3.6,5.3,78.0,99,32.0,67,995.8,16.8
2026-07-05T17:00,134.1,46.8,192.0,4.4,5.2,71.0,100,31.9,68,995.7,15.4
2026-07-05T18:00,131.3,46.4,185.0,5.6,5.3,65.0,100,31.0,72,996.1,15.7
2026-07-05T19:00,120.1,44.4,172.0,7.3,5.5,57.0,101,30.6,74,996.6,16.0
2026-07-05T20:00,110.6,42.7,160.0,8.8,5.7,50.0,101,30.2,76,997.4,16.0
2026-07-05T21:00,102.4,41.3,154.0,9.9,5.9,47.0,102,29.8,80,997.9,12.9
2026-07-05T22:00,88.7,35.9,149.0,10.7,6.2,46.0,103,29.6,82,998.5,11.5
2026-07-05T23:00,83.6,34.0,143.0,11.0,6.3,46.0,103,29.8,80,998.3,11.0
2026-07-06T00:00,82.4,33.3,133.0,10.4,6.1,46.0,103,29.4,83,997.9,10.6
2026-07-06T01:00,78.9,32.4,121.0,9.3,5.7,46.0,102,29.0,86,997.3,9.2
2026-07-06T02:00,77.8,31.8,114.0,8.3,5.5,46.0,103,29.0,87,997.0,9.0
2026-07-06T03:00,78.2,32.2,108.0,7.7,5.5,46.0,103,28.7,89,996.8,10.0
2026-07-06T04:00,103.6,40.7,105.0,7.3,5.7,46.0,103,28.6,90,996.8,9.6
2026-07-06T05:00,64.5,28.9,121.0,7.2,5.6,48.0,104,28.7,89,996.5,11.2
2026-07-06T06:00,70.3,29.9,175.0,8.2,6.2,49.0,104,28.8,88,997.0,11.0
2026-07-06T07:00,93.8,34.2,247.0,9.5,7.1,51.0,104,29.2,86,997.7,10.3
2026-07-06T08:00,111.5,38.5,292.0,10.0,7.7,56.0,104,30.3,80,998.0,10.5
2026-07-06T09:00,126.7,43.1,281.0,8.7,8.0,68.0,105,31.6,72,998.1,12.0
2026-07-06T10:00,134.1,45.9,242.0,6.6,8.1,84.0,105,32.6,67,997.9,12.6
2026-07-06T11:00,133.6,47.7,213.0,4.9,8.0,97.0,106,33.1,62,998.2,11.4
2026-07-06T12:00,125.7,46.9,210.0,4.1,7.6,104.0,107,33.3,63,997.6,12.1
2026-07-06T13:00,117.3,45.1,218.0,3.7,7.1,107.0,107,33.3,64,996.8,13.1
2026-07-06T14:00,106.9,42.0,228.0,3.8,6.7,106.0,108,33.2,66,996.2,14.4
2026-07-06T15:00,95.9,38.4,240.0,4.5,6.6,99.0,109,32.6,69,995.7,14.2
2026-07-06T16:00,85.7,35.0,254.0,5.6,6.6,89.0,109,32.1,70,995.5,13.0
2026-07-06T17:00,110.8,42.6,262.0,8.0,7.5,91.0,109,31.8,72,995.1,13.3
2026-07-06T18:00,97.6,39.0,259.0,10.9,7.5,78.0,108,30.9,76,995.4,13.4
2026-07-06T19:00,83.8,35.0,249.0,15.0,7.6,60.0,108,30.0,81,995.5,13.9
2026-07-06T20:00,69.6,30.4,239.0,18.6,7.8,46.0,107,29.8,81,995.9,12.8
2026-07-06T21:00,60.1,27.2,230.0,21.4,8.3,39.0,105,29.9,80,997.2,9.6
2026-07-06T22:00,57.5,26.8,221.0,23.8,8.9,36.0,104,29.8,81,997.7,7.5
2026-07-06T23:00,54.2,26.7,210.0,24.6,9.2,35.0,103,29.7,81,997.6,7.8
2026-07-07T00:00,54.4,27.3,195.0,23.0,8.9,36.0,102,29.3,83,997.4,6.2
2026-07-07T01:00,50.3,26.1,178.0,19.8,8.3,39.0,102,29.1,85,997.1,5.7
2026-07-07T02:00,47.0,24.7,165.0,17.0,7.8,42.0,101,28.8,87,996.9,2.9
2026-07-07T03:00,43.4,23.5,152.0,15.1,7.7,44.0,100,28.5,88,996.3,5.6
2026-07-07T04:00,41.7,22.8,143.0,13.6,7.7,46.0,99,28.4,89,995.8,7.3
2026-07-07T05:00,48.3,24.4,155.0,14.0,8.2,45.0,98,28.7,91,997.3,9.7
2026-07-07T06:00,49.5,25.0,211.0,13.5,8.2,51.0,98,28.6,92,997.5,8.4
2026-07-07T07:00,60.3,27.9,288.0,12.7,8.1,59.0,97,29.4,87,997.8,9.6
2026-07-07T08:00,63.3,28.1,336.0,11.6,8.1,69.0,97,30.2,83,997.6,11.2
2026-07-07T09:00,67.1,29.2,325.0,9.8,8.3,83.0,96,31.1,77,997.7,10.1
2026-07-07T10:00,69.8,31.1,285.0,7.5,8.5,100.0,95,32.2,71,997.5,10.4
2026-07-07T11:00,68.5,31.3,254.0,5.8,8.6,112.0,94,32.8,67,997.5,11.4
2026-07-07T12:00,67.5,31.2,247.0,4.9,8.4,118.0,92,33.5,65,996.8,10.3
2026-07-07T13:00,65.9,30.4,250.0,4.4,8.1,120.0,91,33.7,66,996.3,11.3
2026-07-07T14:00,65.0,29.9,259.0,4.5,7.8,118.0,90,32.9,70,995.9,14.5
2026-07-07T15:00,65.2,29.6,278.0,5.2,7.5,110.0,89,32.5,69,995.5,13.6
2026-07-07T16:00,64.5,29.3,303.0,6.5,7.1,97.0,88,32.2,70,995.0,11.8
2026-07-07T17:00,61.9,29.3,319.0,7.8,7.6,94.0,88,32.2,70,995.5,9.6
2026-07-07T18:00,65.2,29.4,318.0,9.5,7.5,83.0,87,31.1,77,995.1,12.1
2026-07-07T19:00,63.6,28.1,308.0,11.8,7.3,68.0,86,30.3,83,995.2,16.5
2026-07-07T20:00,58.6,25.2,292.0,13.4,7.1,57.0,86,30.1,83,996.5,13.9
2026-07-07T21:00,59.6,25.4,270.0,13.8,7.0,53.0,85,30.0,84,996.9,11.6
2026-07-07T22:00,51.1,24.2,242.0,13.5,6.9,52.0,85,29.7,85,997.6,9.8
2026-07-07T23:00,49.5,24.1,214.0,12.7,6.7,52.0,85,29.7,84,997.6,11.4
2026-07-08T00:00,46.9,23.7,185.0,11.4,6.3,52.0,85,29.4,86,997.1,11.4
2026-07-08T01:00,46.9,23.6,156.0,9.6,5.8,53.0,84,29.3,85,996.7,10.9
2026-07-08T02:00,45.3,23.1,137.0,8.1,5.4,54.0,84,29.2,87,996.6,9.2
2026-07-08T03:00,46.4,23.0,128.0,7.1,5.2,54.0,84,29.1,87,996.2,10.4
2026-07-08T04:00,47.5,22.9,128.0,6.3,5.1,54.0,84,28.9,89,995.8,10.5
2026-07-08T05:00,49.0,23.2,146.0,6.7,5.5,54.0,84,28.7,90,995.7,11.0
2026-07-08T06:00,52.0,23.7,198.0,8.7,6.0,53.0,84,28.5,89,995.7,10.6
2026-07-08T07:00,60.3,25.7,268.0,11.3,6.8,52.0,84,29.0,85,996.4,11.1
2026-07-08T08:00,74.0,28.4,310.0,12.6,7.3,55.0,84,30.0,78,996.9,11.9
2026-07-08T09:00,87.1,32.5,299.0,11.1,7.4,67.0,84,31.3,71,997.2,10.8
2026-07-08T10:00,91.7,34.1,260.0,8.3,7.3,85.0,84,32.0,68,997.4,11.8
2026-07-08T11:00,94.5,35.0,229.0,5.9,7.0,97.0,84,32.0,68,997.3,15.5
2026-07-08T12:00,93.4,34.9,217.0,4.7,6.5,101.0,85,32.1,68,997.3,16.6
2026-07-08T13:00,88.2,33.9,213.0,4.0,6.0,101.0,85,32.0,69,996.8,17.1
2026-07-08T14:00,82.2,32.8,217.0,3.9,5.5,98.0,85,32.1,69,996.3,18.0
2026-07-08T15:00,76.6,31.7,234.0,4.5,5.3,92.0,85,32.1,70,995.9,18.0
2026-07-08T16:00,72.6,30.6,259.0,5.7,5.1,82.0,85,31.7,72,995.2,18.4
2026-07-08T17:00,89.9,37.5,272.0,7.5,5.2,72.0,86,31.2,74,995.4,19.4
2026-07-08T18:00,81.0,35.5,263.0,9.0,5.3,66.0,86,30.3,77,995.5,19.3
2026-07-08T19:00,67.5,30.9,242.0,11.1,5.4,58.0,87,29.6,80,995.8,18.2
2026-07-08T20:00,59.0,27.6,224.0,12.7,5.5,52.0,87,29.4,80,996.4,17.2
2026-07-08T21:00,53.1,26.5,214.0,13.4,5.7,49.0,87,29.1,82,997.3,15.6
2026-07-08T22:00,51.9,25.6,207.0,13.5,5.9,48.0,87,29.0,82,998.2,15.0
2026-07-08T23:00,52.7,25.3,196.0,13.0,6.0,47.0,87,29.3,81,998.0,14.5
2026-07-09T00:00,53.1,24.8,177.0,11.6,5.7,47.0,87,28.9,83,997.7,15.1
2026-07-09T01:00,52.3,23.7,155.0,9.5,5.3,48.0,87,28.9,83,997.7,15.6
2026-07-09T02:00,51.7,22.6,138.0,7.7,4.9,48.0,87,28.5,88,997.2,13.9
2026-07-09T03:00,50.6,21.5,126.0,6.4,4.7,48.0,87,28.4,88,997.3,13.5
2026-07-09T04:00,47.8,20.0,119.0,5.3,4.5,48.0,87,28.2,88,997.3,14.6
2026-07-09T05:00,48.3,20.2,128.0,5.4,4.5,50.0,87,28.5,87,997.6,15.2
2026-07-09T06:00,46.2,19.4,169.0,6.5,4.7,49.0,87,28.4,87,998.0,15.4
2026-07-09T07:00,55.8,22.1,227.0,7.8,5.1,49.0,87,28.9,84,998.5,17.3
2026-07-09T08:00,61.7,24.1,261.0,8.4,5.3,51.0,86,29.7,78,998.9,18.2
2026-07-09T09:00,66.6,26.3,249.0,7.3,5.4,58.0,86,30.4,74,999.3,19.2
2026-07-09T10:00,66.6,26.3,213.0,5.4,5.4,67.0,85,31.0,71,999.4,19.5
2026-07-09T11:00,65.4,26.0,186.0,3.9,5.3,74.0,85,31.7,66,999.9,19.9
2026-07-09T12:00,64.3,25.5,179.0,3.3,5.2,77.0,84,31.8,64,999.8,19.9
2026-07-09T13:00,67.8,26.6,181.0,3.0,5.1,78.0,83,32.0,64,999.6,19.7
2026-07-09T14:00,67.3,26.7,187.0,3.2,5.0,77.0,83,31.8,64,999.4,20.2
2026-07-09T15:00,61.5,25.3,198.0,3.8,4.9,73.0,82,31.5,67,999.3,21.4
2026-07-09T16:00,57.0,24.7,214.0,4.7,4.9,68.0,82,31.0,68,999.0,20.7
2026-07-09T17:00,67.8,29.0,224.0,6.2,5.2,63.0,81,30.8,67,999.0,19.9
2026-07-09T18:00,65.2,29.2,225.0,7.9,5.3,58.0,81,29.9,72,999.3,19.1
2026-07-09T19:00,62.9,28.9,220.0,10.2,5.3,51.0,80,29.4,74,999.8,18.1
2026-07-09T20:00,55.6,26.1,212.0,11.7,5.4,46.0,80,29.3,73,1000.4,17.6
2026-07-09T21:00,49.9,23.8,203.0,11.8,5.4,44.0,80,29.1,76,1000.8,19.6
2026-07-09T22:00,49.5,23.3,191.0,11.0,5.4,44.0,80,28.9,77,1001.7,17.7
2026-07-09T23:00,48.2,22.4,176.0,9.9,5.3,44.0,80,29.2,78,1001.5,17.2
2026-07-10T00:00,46.1,21.1,156.0,8.2,4.9,44.0,79,28.7,82,1001.5,18.3
2026-07-10T01:00,42.4,19.6,134.0,6.2,4.4,45.0,79,28.4,84,1001.3,17.3
2026-07-10T02:00,39.1,18.3,118.0,4.7,4.0,45.0,79,28.3,83,1000.8,16.9
2026-07-10T03:00,36.1,17.1,109.0,4.1,3.9,45.0,78,28.3,83,1000.8,18.4
2026-07-10T04:00,34.0,16.2,106.0,4.0,4.0,44.0,78,28.1,84,1000.6,19.2
2026-07-10T05:00,31.9,15.7,117.0,4.2,3.9,45.0,78,28.5,83,1000.9,19.1
2026-07-10T06:00,31.7,15.4,156.0,5.4,4.1,45.0,77,28.3,83,1001.1,18.6
2026-07-10T07:00,34.8,16.5,209.0,6.9,4.5,44.0,77,28.6,81,1001.5,20.8
2026-07-10T08:00,45.6,21.0,241.0,7.6,4.7,46.0,77,29.4,76,1002.3,21.8
2026-07-10T09:00,53.9,23.4,232.0,6.7,4.8,51.0,76,30.0,73,1002.5,22.4
2026-07-10T10:00,55.1,23.4,202.0,5.0,4.8,58.0,76,30.4,71,1002.7,22.1
2026-07-10T11:00,57.4,24.0,179.0,3.7,4.7,64.0,76,30.9,68,1002.9,22.2
2026-07-10T12:00,60.8,24.9,172.0,3.1,4.6,68.0,76,30.9,67,1002.7,22.8
2026-07-10T13:00,60.5,25.1,171.0,2.8,4.5,70.0,76,31.0,69,1002.4,23.5
2026-07-10T14:00,60.3,24.9,175.0,2.9,4.4,70.0,76,30.5,71,1001.8,23.3
2026-07-10T15:00,60.1,25.1,187.0,3.5,4.3,67.0,75,31.0,68,1001.3,23.7
2026-07-10T16:00,59.0,25.1,204.0,4.4,4.3,63.0,75,30.2,74,1001.1,23.7
2026-07-10T17:00,80.1,33.1,215.0,5.3,4.2,61.0,75,30.6,70,1000.8,23.6
2026-07-10T18:00,76.8,32.9,213.0,6.2,4.3,58.0,76,29.9,74,1000.7,24.0
2026-07-10T19:00,74.3,32.6,204.0,7.5,4.3,54.0,76,29.3,77,1001.0,23.2
2026-07-10T20:00,68.9,31.2,195.0,8.4,4.4,51.0,76,29.0,80,1001.3,21.5
2026-07-10T21:00,63.6,29.6,191.0,8.9,4.5,49.0,77,28.6,83,1001.7,20.7
2026-07-10T22:00,52.3,23.6,187.0,9.0,4.6,47.0,77,28.4,84,1002.3,20.1
2026-07-10T23:00,44.8,20.0,178.0,8.6,4.5,46.0,77,28.5,84,1001.7,19.0
2026-07-11T00:00,41.2,18.2,158.0,7.3,4.2,47.0,77,28.3,85,1001.5,18.3
2026-07-11T01:00,38.5,16.8,132.0,5.5,3.7,48.0,77,28.1,85,1000.8,19.4
2026-07-11T02:00,35.6,15.7,113.0,4.1,3.4,49.0,77,28.1,86,1000.3,21.7
2026-07-11T03:00,33.4,14.8,102.0,3.5,3.3,49.0,76,28.1,86,1000.1,21.9
2026-07-11T04:00,32.0,14.3,99.0,3.3,3.3,48.0,76,28.1,86,1000.0,21.6
2026-07-11T05:00,30.4,14.4,109.0,3.4,3.3,50.0,76,27.9,87,1000.0,23.1
2026-07-11T06:00,31.9,14.8,148.0,4.5,3.5,49.0,76,27.9,87,1000.2,21.5
2026-07-11T07:00,37.0,16.5,202.0,6.1,3.7,47.0,76,28.3,84,1000.4,22.4
2026-07-11T08:00,47.8,21.2,234.0,6.8,3.9,48.0,76,29.1,79,1000.7,24.0
2026-07-11T09:00,54.9,24.3,224.0,6.0,4.0,53.0,76,30.1,73,1000.8,23.9
2026-07-11T10:00,59.6,25.3,193.0,4.5,4.1,60.0,76,30.6,70,1000.8,25.0
2026-07-11T11:00,63.6,26.0,169.0,3.3,4.2,66.0,76,30.7,70,1000.7,24.9
2026-07-11T12:00,66.4,26.5,164.0,2.8,4.2,70.0,76,31.0,69,1000.1,24.4
2026-07-11T13:00,68.0,26.7,166.0,2.7,4.1,72.0,76,31.1,68,999.5,23.2
2026-07-11T14:00,67.5,26.3,173.0,2.9,4.1,72.0,77,30.8,70,999.0,23.3
2026-07-11T15:00,66.4,25.8,187.0,3.6,4.1,69.0,77,30.6,72,998.6,24.1
2026-07-11T16:00,62.9,25.1,206.0,4.7,4.0,64.0,77,30.4,73,998.1,24.0
2026-07-11T17:00,74.5,27.6,220.0,5.5,3.8,59.0,77,30.2,73,997.8,24.1
2026-07-11T18:00,64.3,26.1,226.0,6.9,3.9,56.0,76,29.7,76,997.9,22.4
2026-07-11T19:00,58.8,25.7,228.0,8.8,4.1,52.0,76,28.9,82,997.7,19.5
2026-07-11T20:00,43.5,19.7,228.0,10.1,4.3,49.0,75,28.5,85,998.0,17.2
2026-07-11T21:00,40.0,18.2,228.0,10.1,4.4,48.0,74,28.5,85,998.8,16.1
2026-07-11T22:00,41.1,17.9,225.0,9.5,4.5,48.0,73,28.4,85,999.3,14.2
2026-07-11T23:00,38.4,17.2,214.0,8.6,4.4,49.0,73,28.8,83,998.7,15.9
2026-07-12T00:00,39.6,17.5,186.0,7.3,4.1,50.0,73,28.5,85,998.2,16.7
2026-07-12T01:00,41.8,17.6,149.0,5.7,3.6,51.0,73,28.4,85,997.6,17.4
2026-07-12T02:00,41.9,17.3,122.0,4.5,3.3,52.0,73,28.3,85,996.9,17.2
2026-07-12T03:00,41.7,17.1,109.0,3.9,3.2,52.0,73,28.1,86,996.4,16.4
2026-07-12T04:00,42.7,17.2,106.0,3.7,3.2,51.0,73,28.1,85,995.8,16.3
2026-07-12T05:00,45.6,18.3,114.0,3.8,3.2,52.0,73,28.4,85,995.1,18.8
2026-07-12T06:00,47.3,18.6,143.0,4.8,3.6,51.0,74,28.4,85,995.4,18.3
2026-07-12T07:00,48.3,19.0,183.0,6.1,4.1,50.0,74,28.9,83,995.6,15.9
2026-07-12T08:00,61.5,23.1,206.0,6.6,4.5,51.0,74,29.9,78,995.7,19.0
2026-07-12T09:00,72.4,26.0,196.0,5.6,4.6,57.0,74,30.8,74,995.8,19.7
2026-07-12T10:00,76.1,26.9,170.0,3.8,4.5,65.0,74,31.6,71,995.4,19.7
2026-07-12T11:00,75.2,26.9,151.0,2.5,4.4,71.0,74,31.5,71,995.6,22.6
2026-07-12T12:00,74.3,26.8,147.0,2.1,4.4,75.0,75,32.2,67,995.2,20.3
2026-07-12T13:00,74.3,27.2,150.0,2.2,4.3,77.0,75,32.8,66,994.8,20.1
2026-07-12T14:00,74.7,27.9,156.0,2.5,4.3,77.0,75,32.8,66,994.3,20.4
2026-07-12T15:00,76.8,29.0,167.0,3.0,4.2,76.0,75,32.6,65,993.8,21.1
2026-07-12T16:00,76.1,29.4,182.0,3.8,4.2,73.0,75,32.2,67,993.4,19.7
2026-07-12T17:00,82.4,30.6,194.0,4.9,4.3,69.0,75,31.3,71,993.9,17.8
2026-07-12T18:00,86.6,31.5,202.0,6.9,4.5,64.0,76,30.4,74,994.2,16.6
2026-07-12T19:00,93.6,33.5,207.0,9.6,4.8,56.0,76,29.7,77,994.8,13.8
2026-07-12T20:00,87.8,32.2,208.0,11.2,5.0,51.0,77,29.4,79,995.5,13.4
2026-07-12T21:00,91.7,31.0,203.0,10.8,4.9,49.0,78,29.1,80,996.2,15.7
2026-07-12T22:00,89.9,29.6,194.0,9.3,4.6,49.0,79,29.0,80,996.6,15.1
2026-07-12T23:00,79.4,26.3,181.0,7.7,4.3,50.0,80,29.4,78,996.9,15.8
2026-07-13T00:00,63.8,21.4,160.0,6.3,3.9,51.0,80,29.1,80,996.8,14.9
2026-07-13T01:00,47.6,16.7,135.0,4.8,3.4,52.0,81,29.0,80,996.9,14.2
2026-07-13T02:00,38.0,14.0,116.0,3.7,3.1,52.0,80,28.9,79,996.2,16.3
2026-07-13T03:00,34.0,13.2,103.0,3.1,3.0,52.0,80,28.8,79,995.9,16.7
2026-07-13T04:00,32.8,13.2,97.0,2.9,3.0,51.0,80,28.8,79,995.8,17.6
2026-07-13T05:00,50.8,19.4,109.0,3.2,2.9,52.0,80,28.8,80,996.3,15.5
2026-07-13T06:00,45.2,17.6,159.0,5.5,3.5,49.0,80,28.7,81,996.6,15.5
2026-07-13T07:00,49.4,19.7,228.0,8.5,4.4,46.0,80,29.1,79,997.3,14.2
2026-07-13T08:00,55.3,22.4,268.0,10.0,5.0,46.0,80,30.0,73,997.8,17.3
2026-07-13T09:00,62.2,23.6,252.0,8.6,5.1,52.0,80,30.7,70,998.2,18.7
2026-07-13T10:00,62.9,23.9,208.0,5.6,4.9,61.0,79,31.3,67,998.4,19.4
2026-07-13T11:00,64.3,24.0,174.0,3.4,4.7,68.0,79,31.9,66,999.1,19.5
2026-07-13T12:00,59.6,23.4,164.0,2.7,4.6,70.0,79,31.9,66,999.2,20.4
2026-07-13T13:00,54.9,22.9,165.0,2.6,4.4,69.0,79,31.7,67,999.1,22.4
2026-07-13T14:00,52.0,22.4,171.0,3.0,4.3,67.0,78,31.4,68,998.8,22.4
2026-07-13T15:00,49.5,21.8,186.0,3.8,4.2,63.0,78,31.1,69,998.5,22.7
2026-07-13T16:00,45.4,21.0,207.0,4.9,4.1,58.0,77,30.6,71,998.1,22.1
2026-07-13T17:00,77.1,32.0,221.0,6.2,4.0,52.0,77,30.2,73,998.2,21.6
2026-07-13T18:00,73.3,31.5,221.0,7.3,4.1,49.0,77,29.5,76,998.5,21.0
2026-07-13T19:00,68.5,30.7,214.0,8.7,4.3,45.0,77,28.9,78,999.2,21.8
2026-07-13T20:00,60.1,28.7,205.0,9.6,4.4,42.0,77,28.4,81,999.9,21.1
2026-07-13T21:00,46.8,22.2,195.0,9.5,4.5,41.0,76,28.3,81,1000.6,20.6
2026-07-13T22:00,43.9,20.1,184.0,8.7,4.5,41.0,76,28.0,83,1001.2,19.3
2026-07-13T23:00,45.2,19.8,170.0,7.9,4.5,41.0,75,28.3,84,1000.9,16.8
2026-07-14T00:00,44.2,19.4,151.0,7.0,4.3,41.0,74,28.0,86,1000.9,15.6
2026-07-14T01:00,46.2,19.2,130.0,5.9,4.1,42.0,74,27.9,87,1000.4,16.9
2026-07-14T02:00,46.8,19.0,115.0,5.1,3.9,42.0,74,27.7,88,1000.0,17.1
2026-07-14T03:00,44.1,18.2,106.0,4.6,3.8,42.0,75,27.7,87,999.5,18.1
2026-07-14T04:00,45.1,17.8,104.0,4.3,3.9,42.0,75,27.5,88,999.5,17.5
2026-07-14T05:00,44.8,17.9,118.0,4.7,4.0,43.0,76,27.8,88,999.6,16.7
2026-07-14T06:00,43.7,17.2,164.0,6.4,4.4,41.0,75,27.8,87,999.9,17.2
2026-07-14T07:00,48.1,18.4,226.0,8.7,4.9,39.0,75,28.1,84,1000.3,18.6
2026-07-14T08:00,54.7,20.7,264.0,9.8,5.3,40.0,75,28.7,81,1000.7,19.7
2026-07-14T09:00,59.6,22.2,254.0,8.6,5.4,46.0,75,29.4,77,1001.0,19.2
2026-07-14T10:00,65.0,23.2,221.0,6.3,5.4,56.0,75,29.6,77,1001.5,19.9
2026-07-14T11:00,78.9,26.1,195.0,4.6,5.3,62.0,75,30.3,72,1001.6,19.7
2026-07-14T12:00,98.7,30.6,187.0,4.2,5.2,63.0,75,30.7,71,1001.5,19.6
2026-07-14T13:00,64.5,22.9,187.0,4.5,5.1,61.0,76,30.8,71,1001.3,19.2
2026-07-14T14:00,61.9,22.2,194.0,5.0,5.0,59.0,76,30.5,73,1000.9,19.4
2026-07-14T15:00,60.8,21.9,213.0,5.5,4.9,56.0,76,30.2,73,1000.6,19.7
2026-07-14T16:00,57.4,21.5,238.0,6.3,4.8,53.0,76,29.7,74,1000.5,20.4
2026-07-14T17:00,65.9,24.4,255.0,8.2,5.0,48.0,76,30.0,72,1000.2,19.0
2026-07-14T18:00,68.2,25.8,256.0,10.4,5.3,44.0,75,29.1,77,1000.4,17.0
2026-07-14T19:00,55.8,23.8,247.0,13.3,5.8,39.0,75,28.7,79,1000.7,16.4
2026-07-14T20:00,48.2,20.8,236.0,15.1,6.1,36.0,74,28.3,84,1000.8,18.5
2026-07-14T21:00,39.9,19.0,223.0,14.9,6.1,35.0,74,28.1,84,1001.7,16.3
2026-07-14T22:00,41.1,18.6,208.0,13.5,6.0,36.0,73,28.2,81,1002.4,15.3
2026-07-14T23:00,43.0,18.7,190.0,11.9,5.8,37.0,73,28.4,80,1002.0,14.8
2026-07-15T00:00,42.4,18.2,167.0,10.0,5.4,38.0,73,28.2,80,1002.1,14.8
2026-07-15T01:00,41.3,17.4,142.0,7.8,4.9,40.0,73,27.9,81,1001.9,15.0
2026-07-15T02:00,39.9,16.7,125.0,6.2,4.5,41.0,73,27.6,85,1001.3,16.1
2026-07-15T03:00,38.2,16.2,116.0,5.4,4.4,41.0,73,27.6,86,1001.1,15.7
2026-07-15T04:00,37.1,15.9,115.0,5.1,4.5,41.0,73,27.4,87,1000.8,14.0
2026-07-15T05:00,32.6,15.2,129.0,5.9,4.8,40.0,72,28.0,84,1001.1,13.0
2026-07-15T06:00,34.0,15.7,176.0,7.6,5.3,39.0,72,28.0,81,1000.9,13.2
2026-07-15T07:00,38.9,17.3,238.0,9.8,6.0,38.0,72,28.3,79,1001.5,13.8
2026-07-15T08:00,43.9,18.2,276.0,10.8,6.5,39.0,72,29.0,74,1001.7,15.9
2026-07-15T09:00,51.6,21.1,264.0,9.6,6.5,46.0,72,29.7,71,1002.1,15.9
2026-07-15T10:00,54.0,21.8,227.0,7.2,6.2,55.0,72,30.4,68,1002.3,15.7
2026-07-15T11:00,57.4,23.0,199.0,5.3,5.9,62.0,72,30.9,66,1002.5,16.4
2026-07-15T12:00,79.6,28.9,192.0,4.5,5.8,65.0,71,30.7,68,1002.3,16.5
2026-07-15T13:00,58.4,23.9,195.0,4.3,5.7,66.0,71,30.9,68,1002.0,17.1
2026-07-15T14:00,56.9,23.9,203.0,4.5,5.6,65.0,71,31.0,67,1001.5,16.2
2026-07-15T15:00,57.3,24.2,221.0,5.3,5.5,61.0,71,30.7,67,1001.5,15.9
2026-07-15T16:00,59.8,25.1,245.0,6.7,5.5,55.0,72,30.2,69,1001.2,15.5
2026-07-15T17:00,83.8,32.6,261.0,7.0,5.5,54.0,72,30.5,68,1001.4,15.5
2026-07-15T18:00,78.5,31.4,263.0,9.0,5.8,50.0,72,29.7,72,1001.4,13.8
2026-07-15T19:00,77.3,31.3,257.0,11.7,6.3,43.0,73,29.1,76,1001.5,13.7
2026-07-15T20:00,67.8,28.4,248.0,14.1,6.7,38.0,74,28.6,79,1001.9,13.6
2026-07-15T21:00,62.2,27.1,239.0,16.1,7.2,35.0,74,28.2,82,1002.4,12.5
2026-07-15T22:00,56.0,25.2,226.0,17.7,7.6,32.0,75,28.0,83,1002.9,13.1
2026-07-15T23:00,51.3,24.0,210.0,18.1,7.8,31.0,75,28.1,83,1003.2,11.2
2026-07-16T00:00,48.3,22.8,185.0,16.4,7.4,32.0,76,27.9,84,1003.1,9.9
2026-07-16T01:00,45.9,21.5,156.0,13.6,6.6,34.0,76,27.7,85,1003.0,9.2
2026-07-16T02:00,43.4,20.3,136.0,11.4,6.2,35.0,76,27.5,85,1002.6,9.2
2026-07-16T03:00,41.7,19.4,125.0,10.8,6.3,34.0,77,27.2,87,1002.4,9.5
2026-07-16T04:00,39.8,18.7,122.0,10.8,6.7,32.0,77,27.3,87,1002.1,10.0
2026-07-16T05:00,35.6,17.9,139.0,9.7,6.7,34.0,77,27.5,89,1002.3,9.6
2026-07-16T06:00,36.0,17.5,195.0,10.1,7.0,35.0,77,27.3,90,1002.8,9.2
2026-07-16T07:00,42.4,18.6,270.0,10.7,7.4,37.0,77,27.3,90,1003.3,11.3
2026-07-16T08:00,44.0,18.0,314.0,10.5,7.6,41.0,78,28.6,82,1003.6,12.9
2026-07-16T09:00,47.4,18.3,296.0,9.0,7.3,48.0,78,29.6,75,1003.8,13.2
2026-07-16T10:00,52.5,19.2,247.0,6.7,6.8,58.0,77,30.2,71,1003.9,14.4
2026-07-16T11:00,59.3,20.7,210.0,5.0,6.4,65.0,77,31.1,66,1004.0,13.3
2026-07-16T12:00,61.7,21.6,200.0,4.3,6.3,69.0,77,31.2,66,1003.6,12.9
2026-07-16T13:00,61.2,21.7,202.0,4.1,6.4,71.0,76,31.6,65,1003.0,13.4
2026-07-16T14:00,61.5,21.8,210.0,4.2,6.4,71.0,76,31.1,67,1002.7,13.7
2026-07-16T15:00,60.8,21.8,227.0,4.6,6.3,68.0,76,31.0,68,1002.2,14.0
2026-07-16T16:00,56.3,20.4,250.0,5.4,6.2,64.0,76,30.6,69,1002.1,13.6
2026-07-16T17:00,85.9,28.3,264.0,7.1,6.4,56.0,75,30.2,70,1002.4,12.9
2026-07-16T18:00,74.5,25.8,262.0,9.0,6.5,51.0,75,29.6,72,1002.3,11.2
2026-07-16T19:00,63.3,23.7,251.0,11.6,6.7,43.0,75,29.2,74,1002.5,10.4
2026-07-16T20:00,57.5,22.5,239.0,13.9,7.0,37.0,74,28.7,77,1002.6,11.2
2026-07-16T21:00,55.2,22.0,228.0,15.7,7.5,33.0,74,28.5,79,1002.9,12.0
2026-07-16T22:00,51.8,21.9,217.0,17.1,8.1,31.0,73,28.3,80,1003.4,11.8
2026-07-16T23:00,43.8,19.6,202.0,17.5,8.3,30.0,73,28.4,81,1003.4,11.0
2026-07-17T00:00,40.3,18.5,182.0,16.1,7.8,31.0,73,28.0,82,1003.0,11.5
2026-07-17T01:00,36.2,17.1,158.0,13.6,6.9,33.0,72,27.7,84,1002.8,11.7
2026-07-17T02:00,36.1,16.6,141.0,11.3,6.2,35.0,72,27.8,83,1002.4,11.2
2026-07-17T03:00,32.9,15.6,128.0,9.6,5.9,36.0,72,27.4,85,1002.0,12.1
2026-07-17T04:00,32.1,15.0,121.0,8.2,5.8,37.0,71,27.3,86,1001.8,12.7
2026-07-17T05:00,31.8,14.5,132.0,8.3,6.1,37.0,71,27.7,86,1001.9,12.4
2026-07-17T06:00,32.7,14.8,181.0,8.9,6.4,38.0,71,27.5,87,1002.5,11.4
2026-07-17T07:00,39.1,16.6,248.0,9.6,6.8,39.0,71,27.9,85,1002.9,13.6
2026-07-17T08:00,40.4,16.7,287.0,9.7,7.0,42.0,70,28.7,79,1003.2,14.6
2026-07-17T09:00,46.9,19.5,270.0,8.7,6.7,47.0,70,29.7,73,1003.5,14.2
2026-07-17T10:00,51.5,21.0,225.0,7.1,6.2,53.0,70,30.5,69,1003.5,15.0
2026-07-17T11:00,53.2,21.4,192.0,5.7,5.8,59.0,71,31.2,64,1003.6,15.1
2026-07-17T12:00,56.2,22.6,186.0,4.6,5.6,64.0,71,31.0,65,1003.5,14.7
2026-07-17T13:00,53.7,22.5,191.0,3.7,5.4,69.0,71,31.0,66,1002.8,15.1
2026-07-17T14:00,56.6,23.5,201.0,3.3,5.3,71.0,71,30.6,69,1002.2,16.9
2026-07-17T15:00,53.3,23.0,217.0,3.7,5.2,67.0,71,30.4,72,1001.5,18.8
2026-07-17T16:00,52.7,23.1,237.0,4.7,5.1,60.0,71,30.3,71,1001.5,17.4
2026-07-17T17:00,57.9,23.9,249.0,6.2,5.0,53.0,71,30.3,68,1001.4,16.8
2026-07-17T18:00,53.9,23.2,244.0,8.2,5.2,49.0,71,29.5,71,1001.3,16.6
2026-07-17T19:00,51.5,22.8,231.0,10.8,5.6,44.0,71,28.9,74,1001.7,16.5
2026-07-17T20:00,47.6,22.0,218.0,12.7,5.8,40.0,71,28.7,75,1002.2,16.7
2026-07-17T21:00,41.1,19.1,209.0,13.1,5.9,39.0,71,28.5,77,1002.7,16.8
2026-07-17T22:00,31.3,15.9,201.0,12.7,5.9,39.0,70,28.3,78,1003.3,16.6
2026-07-17T23:00,28.9,14.7,188.0,11.8,5.8,40.0,70,28.2,78,1003.1,16.1
2026-07-18T00:00,26.9,13.6,166.0,10.3,5.4,41.0,69,28.1,79,1002.8,15.5
2026-07-18T01:00,24.7,12.5,140.0,8.3,4.9,43.0,69,27.8,81,1002.4,14.9
2026-07-18T02:00,22.9,11.6,123.0,6.7,4.5,44.0,69,27.7,82,1001.7,15.7
2026-07-18T03:00,22.2,11.1,116.0,5.8,4.4,45.0,68,27.5,83,1001.4,16.3
2026-07-18T04:00,21.7,10.9,118.0,5.3,4.5,45.0,68,27.5,83,1001.4,14.8
2026-07-18T05:00,23.5,11.5,132.0,5.3,4.7,46.0,68,27.6,85,1001.6,15.4
2026-07-18T06:00,24.6,11.9,172.0,6.0,4.8,46.0,67,27.6,83,1002.0,15.0
2026-07-18T07:00,28.9,13.3,225.0,7.0,4.9,46.0,67,27.9,80,1002.2,16.9
2026-07-18T08:00,36.2,16.3,256.0,7.3,5.0,48.0,67,28.6,76,1002.4,17.6
2026-07-18T09:00,41.4,18.1,242.0,6.3,4.9,54.0,67,29.6,70,1002.5,17.4
2026-07-18T10:00,44.9,19.1,205.0,4.7,4.7,62.0,67,30.4,64,1002.4,18.1
2026-07-18T11:00,47.1,19.4,178.0,3.5,4.5,68.0,67,30.6,65,1002.2,20.5
2026-07-18T12:00,45.2,18.7,172.0,3.0,4.4,69.0,66,30.8,65,1001.8,20.6
2026-07-18T13:00,43.7,17.8,176.0,2.9,4.3,69.0,66,31.0,64,1001.3,20.0
2026-07-18T14:00,41.3,17.4,183.0,3.2,4.3,66.0,66,31.1,63,1000.9,20.0
2026-07-18T15:00,39.6,17.1,196.0,3.9,4.3,61.0,65,30.0,70,1000.6,20.6
2026-07-18T16:00,36.9,16.4,213.0,5.0,4.3,55.0,65,30.1,70,1000.4,20.4
2026-07-18T17:00,45.9,19.6,224.0,6.7,4.1,49.0,64,29.8,70,1000.3,19.8
2026-07-18T18:00,44.1,19.7,224.0,8.7,4.4,46.0,64,29.2,72,1000.2,18.9
2026-07-18T19:00,47.0,21.7,218.0,11.4,4.7,43.0,64,28.7,73,1000.3,19.8
2026-07-18T20:00,40.3,20.5,211.0,13.1,5.0,40.0,64,28.6,75,1000.9,18.2
2026-07-18T21:00,39.1,20.3,206.0,13.1,5.1,40.0,64,28.5,77,1001.8,18.0
2026-07-18T22:00,33.1,17.7,200.0,12.1,5.1,41.0,64,28.4,79,1002.0,16.1
2026-07-18T23:00,30.0,16.8,189.0,10.8,5.0,42.0,64,28.5,78,1001.8,17.2
2026-07-19T00:00,29.0,16.5,167.0,9.4,4.7,43.0,64,28.2,80,1001.3,16.5
2026-07-19T01:00,29.9,16.5,140.0,7.7,4.3,45.0,64,28.0,81,1000.8,15.5
2026-07-19T02:00,30.5,16.2,121.0,6.3,4.0,46.0,64,27.7,82,1000.4,14.5
2026-07-19T03:00,31.2,15.8,114.0,5.4,3.9,47.0,65,27.7,82,1000.1,13.4
2026-07-19T04:00,31.2,15.3,116.0,4.8,3.9,47.0,65,27.6,82,1000.1,14.1
2026-07-19T05:00,32.9,15.5,126.0,4.8,4.1,49.0,66,27.5,88,1000.2,13.9
2026-07-19T06:00,33.8,15.7,152.0,5.3,4.4,49.0,66,27.6,88,1000.3,13.5
2026-07-19T07:00,40.2,17.4,186.0,6.0,4.9,50.0,66,27.9,85,1000.6,14.5
2026-07-19T08:00,43.5,18.7,207.0,6.2,5.2,52.0,66,28.7,80,1000.7,15.2
2026-07-19T09:00,77.3,28.8,203.0,5.5,5.2,57.0,67,29.4,75,1000.9,17.2
2026-07-19T10:00,53.4,21.4,186.0,4.4,5.0,64.0,68,28.9,77,1001.3,16.7
2026-07-19T11:00,56.5,22.2,172.0,3.6,4.9,69.0,68,29.4,75,1001.1,16.4
2026-07-19T12:00,56.1,21.9,166.0,3.3,4.9,70.0,68,29.8,73,1000.9,15.7
2026-07-19T13:00,58.1,22.2,162.0,3.3,4.9,69.0,68,29.9,73,1000.3,16.6
2026-07-19T14:00,57.3,21.9,163.0,3.5,4.9,67.0,68,29.9,74,1000.0,17.3
2026-07-19T15:00,59.0,22.2,172.0,3.9,4.9,64.0,69,29.6,75,999.7,17.1
2026-07-19T16:00,57.4,22.0,185.0,4.5,4.9,61.0,69,29.5,77,999.4,16.5
2026-07-19T17:00,65.2,22.8,194.0,5.8,5.1,55.0,70,29.9,73,999.1,14.8
2026-07-19T18:00,66.1,23.8,195.0,7.3,5.4,52.0,70,29.2,75,999.2,13.0
2026-07-19T19:00,59.8,22.7,192.0,9.4,5.9,47.0,70,28.8,76,999.6,14.0
2026-07-19T20:00,63.6,23.9,188.0,10.8,6.2,44.0,70,28.4,81,1000.2,12.7
2026-07-19T21:00,44.5,19.2,184.0,11.2,6.3,42.0,71,28.2,83,1000.9,11.3
2026-07-19T22:00,43.5,18.2,179.0,10.9,6.4,42.0,71,27.9,85,1001.5,11.6
2026-07-19T23:00,43.2,17.8,172.0,10.3,6.2,42.0,71,28.2,83,1001.2,12.2
2026-07-20T00:00,40.4,16.9,161.0,9.2,5.8,43.0,71,28.3,82,1000.8,11.5
2026-07-20T01:00,39.3,16.4,149.0,7.7,5.1,45.0,71,27.9,84,1000.3,10.1
2026-07-20T02:00,38.8,15.9,139.0,6.5,4.7,46.0,71,27.6,87,999.7,10.7
2026-07-20T03:00,36.7,15.3,127.0,5.7,4.5,47.0,71,27.4,88,999.5,10.6
2026-07-20T04:00,36.1,15.0,117.0,5.2,4.6,47.0,71,27.5,87,999.6,8.8
2026-07-20T05:00,39.0,16.0,128.0,5.8,4.9,47.0,71,27.7,89,999.4,8.9
2026-07-20T06:00,39.0,16.3,182.0,6.9,5.6,48.0,71,27.5,90,999.5,10.5
2026-07-20T07:00,46.3,18.2,256.0,8.3,6.5,50.0,71,28.0,87,1000.1,11.6
2026-07-20T08:00,52.9,19.4,302.0,9.2,7.2,52.0,71,28.6,82,1000.3,12.9
2026-07-20T09:00,56.9,21.1,291.0,9.0,7.3,56.0,71,28.9,80,1000.7,13.9
2026-07-20T10:00,56.8,21.9,251.0,8.3,7.1,61.0,70,29.4,77,1000.7,14.0
2026-07-20T11:00,55.2,21.8,219.0,7.6,6.8,65.0,70,29.9,74,1000.6,14.8
2026-07-20T12:00,52.6,21.3,207.0,6.9,6.4,66.0,70,30.5,71,1000.4,14.4
2026-07-20T13:00,49.6,20.7,204.0,6.2,6.0,65.0,70,31.2,68,999.8,14.4
2026-07-20T14:00,54.5,22.6,207.0,5.9,5.7,64.0,70,31.1,68,999.3,14.8
2026-07-20T15:00,47.5,21.1,222.0,6.2,5.6,62.0,70,30.7,70,999.0,15.2
2026-07-20T16:00,47.1,21.0,244.0,6.9,5.6,59.0,70,30.4,70,998.5,15.7
2026-07-20T17:00,63.8,26.1,258.0,8.2,5.5,55.0,70,30.3,72,998.5,13.0
2026-07-20T18:00,65.7,26.5,258.0,10.1,5.8,51.0,70,29.4,76,998.7,13.3
2026-07-20T19:00,64.0,26.3,251.0,12.7,6.2,46.0,70,29.0,78,999.1,12.9
2026-07-20T20:00,67.5,27.7,240.0,14.6,6.5,42.0,71,28.5,81,999.7,13.6
2026-07-20T21:00,54.8,24.3,227.0,15.3,6.8,40.0,71,28.3,83,1000.3,14.2
2026-07-20T22:00,49.7,23.2,212.0,15.3,7.1,40.0,71,28.2,84,1000.9,13.8
2026-07-20T23:00,47.6,22.7,195.0,14.5,7.1,40.0,72,28.3,82,1001.1,12.1
2026-07-21T00:00,42.8,21.0,175.0,12.4,6.6,42.0,72,28.2,83,1000.6,12.0
2026-07-21T01:00,41.9,20.1,153.0,9.5,5.8,44.0,72,28.1,84,1000.3,12.1
2026-07-21T02:00,40.6,19.3,138.0,7.3,5.2,46.0,73,27.9,85,999.6,9.8
2026-07-21T03:00,39.6,18.6,125.0,6.2,5.1,47.0,73,27.8,87,999.3,9.2
2026-07-21T04:00,40.0,18.3,119.0,5.9,5.2,47.0,73,27.6,88,999.0,10.6
2026-07-21T05:00,42.8,18.4,138.0,7.0,6.2,46.0,74,28.0,86,998.8,9.8
2026-07-21T06:00,40.3,18.0,210.0,9.8,7.2,44.0,74,27.8,87,999.1,9.4
2026-07-21T07:00,45.8,19.3,308.0,13.6,8.5,41.0,74,28.1,86,999.7,7.9
2026-07-21T08:00,50.6,20.8,368.0,15.7,9.2,40.0,74,28.7,81,999.8,9.4
2026-07-21T09:00,52.2,21.4,352.0,14.6,8.9,44.0,74,29.1,79,1000.0,10.7
2026-07-21T10:00,51.7,21.9,299.0,11.9,8.1,50.0,74,29.2,79,1000.2,10.6
2026-07-21T11:00,52.3,22.1,258.0,9.4,7.3,55.0,74,30.3,72,1000.5,11.0
2026-07-21T12:00,53.2,22.8,249.0,7.7,6.8,59.0,74,30.1,72,1000.4,11.1
2026-07-21T13:00,48.3,21.2,252.0,6.2,6.3,62.0,74,30.1,73,999.9,9.8
2026-07-21T14:00,68.5,27.3,258.0,5.5,6.0,63.0,74,30.4,73,999.1,11.5
2026-07-21T15:00,52.3,22.0,268.0,5.9,5.8,61.0,75,30.3,74,998.5,13.3
2026-07-21T16:00,57.2,23.5,281.0,7.0,5.8,57.0,75,29.7,78,998.1,13.6
2026-07-21T17:00,63.6,25.1,289.0,9.0,6.2,52.0,75,30.1,75,998.2,13.0
2026-07-21T18:00,62.4,25.3,289.0,11.4,6.5,47.0,75,29.5,77,998.5,13.5
2026-07-21T19:00,49.1,21.2,284.0,14.7,6.9,40.0,75,28.7,83,998.7,13.8
2026-07-21T20:00,47.3,21.0,279.0,17.0,7.3,35.0,74,28.5,84,999.3,11.8
2026-07-21T21:00,45.4,20.6,277.0,17.6,7.7,33.0,74,28.4,84,999.8,12.4
2026-07-21T22:00,38.0,18.2,274.0,17.2,8.0,33.0,74,28.1,85,1000.2,10.6
2026-07-21T23:00,34.1,17.4,261.0,16.3,8.1,34.0,73,28.6,83,1000.4,9.9
2026-07-22T00:00,32.7,17.3,227.0,14.8,7.6,35.0,73,28.5,82,999.9,10.6
2026-07-22T01:00,36.7,17.9,182.0,12.9,6.9,37.0,72,28.1,84,999.7,10.6
2026-07-22T02:00,37.1,17.8,149.0,11.2,6.4,38.0,72,28.0,85,999.0,9.8
2026-07-22T03:00,38.8,17.5,129.0,9.9,6.3,39.0,72,27.8,86,998.7,8.8
2026-07-22T04:00,41.4,18.0,122.0,8.8,6.4,40.0,72,27.6,87,998.5,8.5
2026-07-22T05:00,37.4,16.8,147.0,8.5,6.9,43.0,72,28.1,86,998.4,4.4
2026-07-22T06:00,37.6,17.0,239.0,9.7,7.8,43.0,72,28.0,87,998.7,4.1
2026-07-22T07:00,45.8,19.1,364.0,11.4,8.9,43.0,72,28.4,85,999.3,4.8
2026-07-22T08:00,54.5,20.9,437.0,12.2,9.7,46.0,72,29.2,80,999.4,4.9
2026-07-22T09:00,68.7,24.6,406.0,11.4,9.6,53.0,72,30.3,74,999.5,8.0
2026-07-22T10:00,77.5,27.5,322.0,9.7,9.2,62.0,72,31.2,70,999.5,9.8
2026-07-22T11:00,82.2,29.6,256.0,8.3,8.7,69.0,72,31.4,69,999.3,11.5
2026-07-22T12:00,112.2,39.2,234.0,7.5,8.4,72.0,73,31.2,70,999.1,11.8
2026-07-22T13:00,79.2,30.0,230.0,7.0,8.1,72.0,74,31.3,70,998.4,12.1
2026-07-22T14:00,74.0,28.7,234.0,6.9,7.9,70.0,75,31.1,72,997.9,13.4
2026-07-22T15:00,70.3,27.6,248.0,7.3,7.7,67.0,75,30.5,75,997.4,12.9
2026-07-22T16:00,66.6,26.5,271.0,8.1,7.6,62.0,76,30.5,74,996.9,12.1
2026-07-22T17:00,61.9,24.7,290.0,12.2,9.0,56.0,76,31.1,72,996.6,11.6
2026-07-22T18:00,60.5,24.6,302.0,15.0,9.0,49.0,76,30.2,77,997.5,11.6
2026-07-22T19:00,60.3,25.1,310.0,18.8,9.0,40.0,76,29.2,82,997.8,12.2
2026-07-22T20:00,54.2,23.1,305.0,20.9,8.9,34.0,76,28.5,84,998.1,11.4
2026-07-22T21:00,50.3,21.5,280.0,19.7,8.6,34.0,76,28.9,81,998.5,14.2
2026-07-22T22:00,47.3,20.4,243.0,16.7,8.1,36.0,76,28.8,81,999.2,12.2
2026-07-22T23:00,43.3,18.9,207.0,13.8,7.6,39.0,76,29.0,79,999.3,11.8
2026-07-23T00:00,44.0,18.6,175.0,11.4,6.9,41.0,77,28.7,80,998.9,12.2
2026-07-23T01:00,44.7,18.3,144.0,9.0,6.2,44.0,77,28.6,81,998.6,11.3
2026-07-23T02:00,52.9,19.2,127.0,7.4,5.8,46.0,77,28.3,83,997.9,10.1
2026-07-23T03:00,58.4,20.0,115.0,6.7,5.8,46.0,77,28.1,84,997.7,8.6
2026-07-23T04:00,66.6,21.2,115.0,6.7,6.0,46.0,77,28.1,84,997.5,5.6
2026-07-23T05:00,67.1,22.2,162.0,6.9,7.0,46.0,77,28.5,82,997.8,2.8
2026-07-23T06:00,68.5,24.3,306.0,9.3,9.0,43.0,78,28.2,84,997.8,2.8
2026-07-23T07:00,68.9,24.6,496.0,12.5,11.8,40.0,78,28.7,81,998.5,2.6
2026-07-23T08:00,71.9,25.4,612.0,14.2,13.8,43.0,79,29.5,77,998.0,5.7
2026-07-23T09:00,77.8,26.2,585.0,13.1,14.4,55.0,79,30.4,73,998.6,4.7
2026-07-23T10:00,80.1,27.0,485.0,10.4,14.1,73.0,79,30.7,72,998.5,7.7
2026-07-23T11:00,82.7,29.7,399.0,8.1,13.7,91.0,79,31.9,65,998.4,5.3
2026-07-23T12:00,84.8,32.8,361.0,6.6,13.2,110.0,79,32.8,61,997.9,8.6
2026-07-23T13:00,84.3,34.2,337.0,5.3,12.4,127.0,79,32.0,64,997.5,15.5
2026-07-23T14:00,80.3,33.5,321.0,4.9,11.5,134.0,79,32.1,63,996.7,14.8
2026-07-23T15:00,75.7,31.0,314.0,5.4,10.4,121.0,79,32.1,66,996.2,13.2
2026-07-23T16:00,71.9,28.1,315.0,6.6,9.1,96.0,80,31.9,66,995.8,11.4
2026-07-23T17:00,99.9,38.2,310.0,9.5,10.6,93.0,80,31.2,71,995.6,12.1
2026-07-23T18:00,95.7,35.3,293.0,13.2,9.9,74.0,81,30.5,75,995.8,12.1
2026-07-23T19:00,87.1,32.0,272.0,18.2,9.0,48.0,82,29.7,78,996.7,8.0
2026-07-23T20:00,85.0,31.0,250.0,21.2,8.2,30.0,82,29.3,82,996.4,12.0
2026-07-23T21:00,78.2,28.6,230.0,20.1,7.8,28.0,83,29.3,82,997.2,11.6
2026-07-23T22:00,70.3,25.9,211.0,16.9,7.5,33.0,83,29.1,83,998.1,11.6
2026-07-23T23:00,69.2,24.6,194.0,14.4,7.4,38.0,84,29.4,82,999.1,10.5
2026-07-24T00:00,67.3,23.9,178.0,13.6,7.5,39.0,84,29.0,84,998.6,9.9
2026-07-24T01:00,66.8,23.9,164.0,13.4,7.8,38.0,85,28.8,84,998.4,8.5
2026-07-24T02:00,64.3,23.3,157.0,13.3,8.2,38.0,85,28.6,85,997.7,7.5
2026-07-24T03:00,61.5,22.6,157.0,13.1,8.6,37.0,85,28.6,84,997.6,6.4
2026-07-24T04:00,58.2,22.1,164.0,13.1,9.0,36.0,86,28.4,85,997.5,4.3
2026-07-24T05:00,70.3,24.5,189.0,12.5,10.9,38.0,86,28.8,85,997.3,5.6
2026-07-24T06:00,66.6,24.5,252.0,13.0,11.4,38.0,86,28.6,86,997.8,5.4
2026-07-24T07:00,74.0,26.0,332.0,13.5,12.0,39.0,86,28.9,85,998.5,5.6
2026-07-24T08:00,79.6,27.4,383.0,13.2,12.3,44.0,86,29.9,79,998.5,5.2
2026-07-24T09:00,94.5,31.1,378.0,11.4,11.9,57.0,86,30.9,74,999.0,5.6
2026-07-24T10:00,88.7,29.9,344.0,8.8,11.1,74.0,87,31.9,69,999.3,8.1
2026-07-24T11:00,89.9,32.0,311.0,6.6,10.2,88.0,87,33.1,63,999.4,8.9
2026-07-24T12:00,87.5,32.9,286.0,5.2,9.1,97.0,87,32.6,66,999.0,13.9
2026-07-24T13:00,83.1,32.2,262.0,4.3,7.8,103.0,87,32.4,65,998.5,15.1
2026-07-24T14:00,77.1,30.3,250.0,4.2,6.9,103.0,87,32.5,64,997.8,13.0
2026-07-24T15:00,75.4,29.0,261.0,5.1,6.5,94.0,87,32.0,67,997.2,13.0
2026-07-24T16:00,72.9,27.9,285.0,6.8,6.5,79.0,86,31.4,69,997.1,12.5
2026-07-24T17:00,75.9,30.9,299.0,10.8,7.2,77.0,86,31.0,72,996.7,12.5
2026-07-24T18:00,77.3,29.5,295.0,13.2,7.1,66.0,86,30.3,75,996.4,12.1
2026-07-24T19:00,78.0,29.6,281.0,16.5,6.9,50.0,85,29.8,78,996.9,12.1
2026-07-24T20:00,76.1,29.6,264.0,18.2,6.7,40.0,85,29.8,79,997.6,11.3
2026-07-24T21:00,68.9,26.5,244.0,17.0,6.6,39.0,85,29.7,80,998.6,9.2
2026-07-24T22:00,67.1,25.4,219.0,14.3,6.4,43.0,85,29.5,82,999.4,9.3
2026-07-24T23:00,63.6,24.4,195.0,11.8,6.3,47.0,85,29.1,79,998.9,8.3
2026-07-25T00:00,69.4,26.6,169.0,10.1,6.1,49.0,85,28.9,80,998.6,10.0
2026-07-25T01:00,70.8,26.1,144.0,8.8,5.8,50.0,85,28.6,82,998.7,11.0
2026-07-25T02:00,63.6,24.4,126.0,7.8,5.7,50.0,85,28.5,82,998.4,10.6
2026-07-25T03:00,57.0,22.6,114.0,7.3,5.9,49.0,85,28.4,82,998.7,7.0
2026-07-25T04:00,53.6,21.7,110.0,7.2,6.3,48.0,85,28.4,83,998.4,7.1
2026-07-25T05:00,76.8,27.0,126.0,8.0,7.0,48.0,85,28.4,83,998.5,8.8
2026-07-25T06:00,66.8,25.8,183.0,9.4,7.3,47.0,85,28.2,84,998.8,9.0
2026-07-25T07:00,75.2,27.4,260.0,11.4,7.8,45.0,86,28.4,84,999.4,9.3
2026-07-25T08:00,80.6,29.4,309.0,12.5,8.2,46.0,86,29.2,79,1000.1,10.3
2026-07-25T09:00,81.7,30.0,301.0,12.0,8.5,51.0,86,30.1,74,1000.6,10.4
2026-07-25T10:00,85.9,31.0,265.0,10.7,8.7,57.0,86,30.4,73,1001.1,10.3
2026-07-25T11:00,86.4,31.3,238.0,9.6,8.8,63.0,86,30.7,70,1001.2,11.8
2026-07-25T12:00,82.4,30.6,236.0,8.9,8.8,67.0,86,31.0,69,1000.9,10.6
2026-07-25T13:00,76.8,29.2,243.0,8.5,8.8,70.0,86,31.6,66,1000.6,9.7
2026-07-25T14:00,70.5,27.5,251.0,8.5,8.6,70.0,85,31.5,66,1000.0,10.1
2026-07-25T15:00,62.2,24.9,261.0,9.2,8.1,65.0,85,31.3,67,999.6,12.5
2026-07-25T16:00,66.6,25.9,272.0,10.4,7.5,58.0,85,31.0,69,999.2,14.4
2026-07-25T17:00,82.9,28.7,276.0,10.8,6.7,52.0,85,30.5,71,998.8,11.9
2026-07-25T18:00,75.4,26.3,270.0,12.8,6.9,47.0,85,29.6,75,999.1,10.5
2026-07-25T19:00,69.2,24.8,257.0,15.5,7.2,41.0,84,29.2,78,999.8,10.8
2026-07-25T20:00,63.8,23.6,241.0,16.8,7.3,37.0,84,28.9,80,999.9,12.3
2026-07-25T21:00,58.8,21.2,220.0,15.5,7.0,38.0,83,28.9,80,1000.8,12.0
2026-07-25T22:00,57.0,20.2,196.0,12.8,6.6,41.0,83,28.9,80,1001.1,14.5
2026-07-25T23:00,62.4,21.1,175.0,10.6,6.3,44.0,83,28.4,79,1001.3,9.2
2026-07-26T00:00,67.5,22.3,158.0,9.4,6.3,45.0,82,28.2,80,1000.7,9.0
2026-07-26T01:00,74.7,24.1,143.0,8.7,6.3,46.0,82,28.2,79,1000.4,6.4
2026-07-26T02:00,70.3,23.2,133.0,8.1,6.4,46.0,82,28.1,80,1000.1,6.7
2026-07-26T03:00,66.4,22.5,125.0,7.6,6.4,46.0,82,28.1,80,1000.3,5.8
2026-07-26T04:00,68.2,22.7,120.0,7.3,6.5,46.0,82,28.2,80,1000.2,6.1
2026-07-26T05:00,76.1,23.4,127.0,8.4,7.1,45.0,82,28.5,79,1000.0,9.1
2026-07-26T06:00,74.7,23.1,156.0,8.5,7.0,46.0,82,28.4,79,1000.5,9.4
2026-07-26T07:00,82.9,24.4,195.0,8.6,6.9,47.0,81,28.6,77,1001.2,11.0
2026-07-26T08:00,96.2,27.8,220.0,8.4,7.1,51.0,81,29.3,74,1001.6,9.9
2026-07-26T09:00,98.3,28.5,216.0,7.7,7.8,58.0,81,29.9,70,1001.8,10.1
2026-07-26T10:00,104.8,30.7,197.0,6.7,8.7,67.0,81,30.4,68,1002.3,10.4
2026-07-26T11:00,109.7,32.9,182.0,5.7,9.2,75.0,81,31.2,65,1002.6,11.0
2026-07-26T12:00,109.2,34.1,177.0,4.7,8.7,83.0,81,32.5,60,1002.2,10.3
2026-07-26T13:00,104.8,33.9,175.0,3.7,7.7,91.0,81,32.5,61,1001.6,12.5
2026-07-26T14:00,100.6,33.5,176.0,3.2,6.9,95.0,82,32.0,63,1001.2,15.6
2026-07-26T15:00,92.2,32.1,183.0,3.3,6.5,93.0,82,31.8,64,1000.3,14.8
2026-07-26T16:00,79.2,28.8,193.0,4.0,6.3,86.0,83,31.2,66,999.8,13.6
2026-07-26T17:00,81.3,28.3,200.0,5.6,7.0,88.0,83,31.1,67,999.8,13.3
2026-07-26T18:00,73.8,25.7,202.0,8.0,6.7,75.0,83,30.2,70,1000.1,11.8
2026-07-26T19:00,66.4,23.8,201.0,11.3,6.4,57.0,83,29.4,74,1000.7,11.3
2026-07-26T20:00,60.3,22.9,196.0,13.4,6.1,44.0,83,28.9,77,1001.1,11.8
2026-07-26T21:00,56.1,21.2,186.0,13.1,6.1,41.0,83,28.7,79,1001.5,11.2
2026-07-26T22:00,55.6,21.1,173.0,11.5,6.3,42.0,83,28.4,81,1001.6,11.0
2026-07-26T23:00,56.8,21.2,159.0,10.0,6.3,44.0,83,28.7,79,1001.3,9.1
2026-07-27T00:00,52.6,20.6,143.0,8.8,6.0,45.0,83,28.5,80,1001.6,9.5
2026-07-27T01:00,54.9,20.9,126.0,7.6,5.5,45.0,83,28.4,81,1001.4,11.4
2026-07-27T02:00,57.2,21.2,115.0,6.7,5.2,46.0,82,28.3,81,1000.8,11.7
2026-07-27T03:00,59.6,21.5,108.0,6.1,5.1,46.0,82,28.2,81,1000.6,11.5
2026-07-27T04:00,62.2,21.9,107.0,5.7,5.2,46.0,82,28.1,82,1000.5,11.6
2026-07-27T05:00,58.9,20.8,121.0,4.6,4.7,49.0,82,28.5,81,1000.2,11.9
2026-07-27T06:00,61.7,21.4,165.0,5.7,5.0,49.0,82,28.3,81,1000.3,10.2
2026-07-27T07:00,78.2,24.3,225.0,7.1,5.5,48.0,82,28.8,79,1000.9,11.6
2026-07-27T08:00,105.0,30.7,262.0,7.9,6.0,52.0,82,29.7,74,1001.2,13.0
2026-07-27T09:00,106.4,31.4,256.0,7.3,6.5,63.0,82,30.7,68,1001.2,13.0
2026-07-27T10:00,120.1,35.6,228.0,6.0,7.0,77.0,82,31.9,62,1000.9,13.9
2026-07-27T11:00,121.5,37.4,205.0,4.9,7.1,88.0,83,31.5,65,1000.8,15.0
2026-07-27T12:00,118.3,37.7,196.0,4.1,6.7,92.0,83,32.2,62,1000.6,15.7
2026-07-27T13:00,113.4,36.8,192.0,3.4,5.9,91.0,83,32.1,62,1000.2,16.9
2026-07-27T14:00,113.2,36.6,193.0,3.3,5.3,88.0,83,31.7,64,999.7,17.2
2026-07-27T15:00,110.6,36.1,203.0,3.9,5.1,81.0,84,31.6,64,998.8,17.2
2026-07-27T16:00,103.6,34.8,217.0,4.9,5.1,71.0,84,31.4,65,998.0,17.3
2026-07-27T17:00,89.9,29.3,226.0,7.5,5.0,54.0,84,31.3,64,998.0,16.7
2026-07-27T18:00,82.0,27.8,224.0,9.2,5.2,51.0,85,30.4,68,998.0,16.9
2026-07-27T19:00,74.0,26.2,215.0,11.5,5.4,46.0,85,29.5,73,998.2,16.9
2026-07-27T20:00,70.5,25.6,205.0,12.9,5.6,43.0,85,29.1,77,998.9,16.8
2026-07-27T21:00,70.3,25.2,193.0,12.5,5.6,43.0,85,28.6,80,999.5,15.8
2026-07-27T22:00,61.9,21.7,179.0,11.3,5.6,44.0,85,28.4,82,999.6,15.6
2026-07-27T23:00,55.3,18.9,165.0,10.0,5.5,45.0,85,28.7,79,999.2,15.0
2026-07-28T00:00,52.6,18.4,149.0,9.1,5.4,45.0,85,28.4,79,999.1,14.0
2026-07-28T01:00,44.8,16.6,133.0,8.2,5.2,45.0,85,28.3,79,998.6,13.4
2026-07-28T02:00,40.0,15.6,121.0,7.4,5.0,45.0,85,28.0,81,998.0,14.4
2026-07-28T03:00,35.6,14.4,112.0,6.4,4.8,46.0,84,27.9,80,997.5,14.9
2026-07-28T04:00,32.4,13.3,107.0,5.5,4.7,46.0,84,27.9,80,997.3,15.1
2026-07-28T05:00,41.2,14.5,120.0,5.4,4.7,47.0,83,27.9,86,997.3,15.6
2026-07-28T06:00,38.9,14.7,169.0,6.4,4.9,47.0,83,27.7,87,997.4,14.5
2026-07-28T07:00,44.4,16.2,235.0,7.7,5.3,48.0,82,28.1,84,997.9,14.6
2026-07-28T08:00,56.3,20.1,275.0,8.2,5.5,51.0,81,29.0,78,998.2,15.3
2026-07-28T09:00,61.5,22.0,262.0,7.3,5.6,60.0,81,30.1,71,998.5,15.8
2026-07-28T10:00,65.9,23.4,224.0,5.6,5.6,71.0,80,30.9,66,998.3,16.7
2026-07-28T11:00,67.5,24.4,195.0,4.2,5.6,80.0,79,31.1,65,998.5,16.9
2026-07-28T12:00,68.9,25.0,190.0,3.5,5.5,85.0,78,31.4,64,998.4,17.3
2026-07-28T13:00,69.8,25.5,194.0,3.1,5.3,87.0,77,31.3,65,998.0,16.6
2026-07-28T14:00,67.5,25.1,203.0,3.2,5.1,86.0,76,31.7,63,997.5,17.6
2026-07-28T15:00,66.4,25.0,218.0,3.8,5.0,81.0,75,31.8,62,996.8,17.8
2026-07-28T16:00,66.6,24.8,236.0,4.8,5.0,73.0,74,31.1,68,996.3,17.6
2026-07-28T17:00,92.9,31.8,248.0,6.1,4.9,68.0,73,30.7,71,996.1,18.4
2026-07-28T18:00,85.2,30.0,246.0,8.3,5.1,62.0,74,29.7,76,996.2,19.0
2026-07-28T19:00,74.0,27.8,238.0,11.3,5.4,53.0,74,28.9,81,996.7,16.9
2026-07-28T20:00,64.3,27.1,229.0,13.4,5.6,47.0,74,28.6,82,996.9,15.9
2026-07-28T21:00,61.0,26.8,224.0,13.8,5.8,46.0,74,28.8,79,997.9,14.0
2026-07-28T22:00,54.6,24.9,219.0,13.2,6.1,47.0,74,28.6,82,998.6,12.2
2026-07-28T23:00,55.1,25.7,208.0,12.3,6.1,49.0,74,28.9,82,998.5,10.4
2026-07-29T00:00,53.8,26.0,185.0,11.0,5.8,50.0,75,28.6,85,998.4,11.4
2026-07-29T01:00,50.5,25.0,156.0,9.3,5.4,51.0,76,28.3,87,998.2,12.0
2026-07-29T02:00,47.3,23.3,135.0,7.8,5.0,52.0,76,28.2,86,997.8,12.4
2026-07-29T03:00,44.1,21.5,125.0,6.5,4.8,52.0,77,27.7,91,997.4,12.9
2026-07-29T04:00,41.3,20.0,122.0,5.5,4.6,52.0,77,27.7,92,997.3,12.8
2026-07-29T05:00,42.3,19.8,136.0,4.9,4.3,54.0,78,28.0,91,997.2,11.9
2026-07-29T06:00,41.1,19.4,181.0,6.2,4.5,52.0,78,28.0,91,997.6,12.4
2026-07-29T07:00,42.7,19.6,241.0,7.8,4.9,50.0,79,28.4,87,997.9,15.1
2026-07-29T08:00,52.4,22.9,278.0,8.7,5.2,52.0,79,29.3,81,998.2,16.5
2026-07-29T09:00,58.9,25.1,268.0,8.0,5.5,60.0,79,30.4,75,998.5,16.6
2026-07-29T10:00,66.1,27.2,235.0,6.4,5.7,72.0,79,31.8,66,998.6,15.9
2026-07-29T11:00,63.8,26.8,210.0,5.2,5.8,81.0,80,32.2,64,998.8,16.1
2026-07-29T12:00,66.6,27.4,206.0,4.5,5.8,87.0,80,32.8,61,998.7,14.9
2026-07-29T13:00,66.8,27.6,210.0,4.2,5.7,91.0,80,33.2,59,998.3,14.9
2026-07-29T14:00,66.1,27.5,219.0,4.3,5.6,91.0,80,32.5,64,997.8,16.3
2026-07-29T15:00,66.4,27.6,234.0,5.0,5.5,86.0,80,31.6,68,997.3,18.1
2026-07-29T16:00,64.7,27.4,253.0,6.2,5.5,77.0,81,31.0,71,996.9,17.1
2026-07-29T17:00,75.2,30.3,268.0,8.3,5.8,71.0,81,31.0,72,997.1,14.9
2026-07-29T18:00,70.5,29.5,275.0,10.8,6.0,64.0,81,29.9,77,997.2,14.3
2026-07-29T19:00,66.1,28.6,278.0,14.3,6.3,55.0,81,28.9,83,997.3,14.1
2026-07-29T20:00,60.3,26.4,279.0,16.9,6.6,47.0,81,28.4,85,997.9,11.6
2026-07-29T21:00,54.0,23.6,283.0,18.1,7.0,43.0,81,28.6,84,998.9,10.7
2026-07-29T22:00,49.5,22.5,286.0,18.5,7.4,42.0,80,28.6,83,999.2,8.6
2026-07-29T23:00,46.9,22.0,277.0,18.2,7.6,41.0,80,28.8,84,998.6,8.9
2026-07-30T00:00,44.1,21.2,245.0,17.0,7.3,41.0,80,28.4,87,998.1,9.7
2026-07-30T01:00,41.4,20.2,201.0,15.0,6.7,42.0,80,28.4,87,998.0,9.0
2026-07-30T02:00,39.5,19.0,167.0,13.0,6.2,44.0,79,28.1,89,997.8,8.9
2026-07-30T03:00,38.9,18.3,147.0,11.0,5.9,46.0,79,28.0,90,997.1,9.7
2026-07-30T04:00,38.6,17.8,137.0,8.9,5.8,48.0,79,27.8,90,996.7,10.5
2026-07-30T05:00,37.6,17.4,152.0,8.4,5.8,48.0,78,28.0,91,996.9,8.9
2026-07-30T06:00,40.3,18.0,214.0,9.2,6.2,48.0,78,27.9,91,996.8,9.0
2026-07-30T07:00,50.9,20.6,300.0,10.2,6.8,50.0,78,28.4,88,997.1,8.7
2026-07-30T08:00,61.0,23.3,354.0,10.5,7.6,56.0,78,29.4,81,997.3,9.2
2026-07-30T09:00,82.4,29.9,343.0,9.6,8.8,71.0,78,30.9,73,997.6,9.1
2026-07-30T10:00,85.7,30.4,300.0,8.1,10.2,91.0,79,32.1,67,997.5,8.5
2026-07-30T11:00,95.0,34.9,267.0,6.7,10.9,108.0,79,32.1,68,997.8,9.9
2026-07-30T12:00,92.7,36.6,259.0,5.6,10.5,121.0,80,32.8,66,997.3,10.6
2026-07-30T13:00,86.8,35.7,261.0,4.8,9.4,131.0,80,32.9,66,997.1,11.2
2026-07-30T14:00,79.6,33.5,269.0,4.6,8.5,133.0,81,32.9,67,996.4,12.9
2026-07-30T15:00,75.4,31.4,287.0,5.3,8.0,123.0,81,32.3,69,995.9,13.0
2026-07-30T16:00,75.2,30.4,310.0,6.8,7.6,106.0,82,31.8,70,995.3,12.2
2026-07-30T17:00,95.2,36.4,327.0,9.1,8.4,96.0,82,31.4,72,995.2,13.5
2026-07-30T18:00,90.1,34.5,331.0,12.6,8.2,81.0,82,30.4,77,995.2,13.2
2026-07-30T19:00,82.7,32.6,328.0,17.3,8.0,61.0,83,29.7,81,995.6,10.7
2026-07-30T20:00,72.6,28.8,321.0,20.9,8.0,46.0,83,29.2,84,996.1,9.6
2026-07-30T21:00,69.2,27.3,314.0,22.1,8.3,41.0,83,29.1,84,996.6,8.3
2026-07-30T22:00,67.3,27.1,304.0,22.1,8.8,42.0,84,29.2,83,997.5,9.0
2026-07-30T23:00,62.9,27.0,284.0,22.0,9.1,42.0,84,29.4,84,997.6,8.5
2026-07-31T00:00,59.1,26.8,246.0,22.5,9.1,40.0,84,28.8,87,997.0,7.6
2026-07-31T01:00,54.5,26.0,200.0,22.8,8.9,38.0,85,28.5,88,996.4,5.7
2026-07-31T02:00,49.2,24.7,165.0,22.1,8.6,37.0,85,28.2,91,995.7,5.6
2026-07-31T03:00,46.2,23.4,144.0,19.3,8.1,39.0,86,28.0,92,995.8,8.1
2026-07-31T04:00,44.4,21.9,135.0,15.4,7.6,43.0,86,27.8,93,995.8,9.1
2026-07-31T05:00,44.2,21.6,154.0,14.0,7.9,44.0,86,28.2,91,995.8,7.8
2026-07-31T06:00,43.1,21.3,229.0,14.5,8.7,45.0,87,27.9,93,995.9,6.3
2026-07-31T07:00,54.5,24.0,331.0,15.0,9.9,47.0,87,28.3,90,996.3,5.2
2026-07-31T08:00,71.2,26.8,398.0,14.8,10.9,55.0,87,29.4,82,996.4,6.3
2026-07-31T09:00,93.1,31.4,393.0,13.2,11.6,75.0,88,30.8,74,996.4,7.3
2026-07-31T10:00,102.2,35.4,352.0,10.7,12.2,101.0,88,31.8,70,996.6,7.3
2026-07-31T11:00,108.3,39.8,316.0,8.6,12.3,123.0,88,33.0,64,996.6,9.2
2026-07-31T12:00,109.4,42.8,298.0,6.9,11.8,139.0,88,33.2,64,996.2,10.9
2026-07-31T13:00,103.4,42.6,286.0,5.5,10.9,150.0,89,33.2,64,995.8,12.2
2026-07-31T14:00,95.2,40.5,285.0,5.0,10.1,153.0,89,33.3,63,995.0,11.6
2026-07-31T15:00,88.2,38.0,307.0,5.7,9.4,142.0,90,33.0,65,994.1,11.8
2026-07-31T16:00,82.4,35.4,340.0,7.3,8.8,122.0,90,32.2,70,993.8,12.5
2026-07-31T17:00,88.7,38.5,357.0,10.2,10.3,128.0,91,31.9,72,993.8,11.6
2026-07-31T18:00,84.5,36.0,342.0,15.1,9.7,103.0,92,31.0,76,993.8,10.8
2026-07-31T19:00,79.6,33.5,310.0,21.7,8.8,68.0,92,30.2,82,994.8,9.7
2026-07-31T20:00,71.2,29.8,287.0,26.3,8.2,42.0,91,29.7,86,995.6,9.2
2026-07-31T21:00,65.2,27.0,285.0,26.8,8.1,34.0,91,29.6,87,996.3,7.5
2026-07-31T22:00,64.3,25.7,292.0,25.3,8.4,34.0,91,29.5,87,997.0,4.0
2026-07-31T23:00,62.2,25.1,286.0,23.8,8.6,35.0,91,29.5,86,997.1,4.6
2026-08-01T00:00,58.8,25.1,255.0,23.2,8.8,34.0,91,29.2,87,996.6,4.8
2026-08-01T01:00,57.2,24.6,213.0,22.7,8.9,33.0,91,29.1,87,996.5,2.5
2026-08-01T02:00,55.2,23.9,180.0,22.0,9.1,33.0,91,28.9,88,996.3,2.2
2026-08-01T03:00,52.0,23.0,157.0,20.8,9.3,32.0,91,28.7,90,996.2,4.2
2026-08-01T04:00,50.1,22.2,144.0,19.5,9.5,31.0,91,28.3,93,996.0,7.4
2026-08-01T05:00,53.7,22.9,159.0,19.3,10.3,31.0,91,28.9,90,996.5,5.4
2026-08-01T06:00,53.8,22.7,230.0,19.7,10.6,32.0,91,28.8,91,997.1,5.7
2026-08-01T07:00,67.8,25.1,329.0,20.2,11.1,34.0,91,29.2,88,997.8,6.4
2026-08-01T08:00,81.7,27.8,399.0,19.8,11.9,41.0,91,30.1,83,997.9,5.6
2026-08-01T09:00,92.2,31.2,414.0,18.1,13.4,57.0,91,31.0,77,997.9,5.3
2026-08-01T10:00,101.3,34.7,398.0,15.6,15.2,78.0,91,32.3,72,998.0,6.3
2026-08-01T11:00,107.6,38.9,370.0,13.0,15.9,96.0,91,32.2,71,998.7,11.3
2026-08-01T12:00,107.3,41.8,323.0,10.1,14.5,111.0,91,32.4,69,998.5,12.9
2026-08-01T13:00,101.5,41.2,262.0,7.1,12.0,122.0,91,32.6,66,998.0,13.8
2026-08-01T14:00,94.1,37.8,223.0,5.4,9.8,124.0,91,32.5,66,997.7,15.8
2026-08-01T15:00,86.8,33.6,225.0,5.6,8.2,109.0,91,32.3,67,996.9,15.9
2026-08-01T16:00,86.8,31.8,249.0,7.0,6.8,85.0,90,31.1,73,997.0,16.3
2026-08-01T17:00,90.6,31.7,267.0,11.3,6.6,63.0,90,30.8,72,997.0,14.9
2026-08-01T18:00,84.5,30.0,271.0,13.0,6.4,56.0,89,30.1,75,997.0,13.8
2026-08-01T19:00,76.6,27.3,270.0,15.2,6.0,47.0,89,29.5,78,997.4,12.0
2026-08-01T20:00,71.2,25.0,260.0,16.4,5.8,41.0,88,29.2,79,998.0,11.9
2026-08-01T21:00,68.7,23.7,235.0,15.6,5.8,40.0,88,29.0,80,998.5,11.5
2026-08-01T22:00,66.6,23.1,201.0,13.7,5.8,41.0,88,28.8,81,998.6,12.2
2026-08-01T23:00,62.4,22.4,171.0,11.8,5.8,42.0,88,29.0,77,999.5,11.5
2026-08-02T00:00,56.5,21.1,150.0,10.2,5.5,43.0,87,28.9,78,999.4,10.7
2026-08-02T01:00,54.2,20.3,135.0,8.7,5.1,44.0,87,28.7,79,999.0,10.6
2026-08-02T02:00,49.9,19.0,124.0,7.4,4.8,45.0,87,28.6,80,998.8,9.0
2026-08-02T03:00,49.4,18.7,115.0,6.4,4.7,46.0,86,28.5,80,998.9,10.4
2026-08-02T04:00,48.3,18.2,112.0,5.8,4.6,46.0,86,28.5,80,999.0,11.4
2026-08-02T05:00,61.2,20.9,124.0,5.2,4.7,49.0,86,28.5,80,999.4,11.1
2026-08-02T06:00,55.5,19.6,169.0,5.9,4.9,48.0,86,28.3,81,999.5,11.4
2026-08-02T07:00,61.0,20.4,231.0,6.8,5.2,48.0,85,28.2,82,999.6,11.3
2026-08-02T08:00,68.2,23.1,268.0,7.2,5.6,50.0,85,28.4,81,1000.2,10.7
2026-08-02T09:00,71.5,24.2,257.0,6.5,6.1,57.0,85,28.6,79,1000.6,11.6
2026-08-02T10:00,75.7,25.3,221.0,5.4,6.6,66.0,84,29.2,76,1000.7,11.3
2026-08-02T11:00,78.9,26.4,193.0,4.3,6.8,73.0,83,28.9,74,1001.6,10.5
2026-08-02T12:00,80.6,27.2,183.0,3.5,6.5,77.0,82,28.9,75,1001.4,12.2
2026-08-02T13:00,76.8,26.4,180.0,2.9,5.8,80.0,81,29.0,75,1001.2,12.3
2026-08-02T14:00,71.9,25.2,182.0,2.7,5.3,79.0,80,29.2,74,1001.0,12.6
2026-08-02T15:00,65.0,23.6,192.0,3.3,5.0,72.0,79,29.3,73,999.9,15.0
2026-08-02T16:00,61.7,22.8,207.0,4.4,4.9,61.0,78,29.3,71,999.9,12.2
2026-08-02T17:00,77.8,26.4,216.0,7.2,5.4,49.0,77,29.6,71,999.7,12.6
2026-08-02T18:00,76.1,26.5,213.0,8.3,5.6,47.0,77,29.2,72,999.7,11.8
2026-08-02T19:00,74.5,26.8,204.0,9.9,5.9,44.0,77,28.7,77,1000.2,11.0
2026-08-02T20:00,73.6,27.3,192.0,11.2,6.1,41.0,77,28.5,79,1000.7,10.4
2026-08-02T21:00,69.2,27.8,178.0,12.0,6.4,39.0,77,28.5,79,1001.2,11.0
2026-08-02T22:00,70.3,28.8,163.0,12.6,6.6,38.0,77,28.3,80,1001.6,12.4
2026-08-02T23:00,63.8,25.3,149.0,12.4,6.6,37.0,78,28.2,81,1002.0,11.0
2026-08-03T00:00,68.0,27.5,138.0,11.1,6.2,38.0,78,27.9,83,1001.6,11.6
2026-08-03T01:00,77.1,30.4,128.0,9.1,5.7,40.0,78,27.5,84,1001.4,11.0
2026-08-03T02:00,74.7,30.0,123.0,7.4,5.2,41.0,79,27.3,85,1000.9,9.4
2026-08-03T03:00,74.0,29.8,117.0,6.1,4.9,42.0,80,27.2,86,1000.9,9.5
2026-08-03T04:00,70.8,27.8,116.0,5.2,4.6,43.0,81,27.3,85,1001.0,8.9
2026-08-03T05:00,69.2,26.8,132.0,5.0,4.7,44.0,82,28.1,82,1000.5,11.3
2026-08-03T06:00,65.4,25.2,187.0,7.5,5.3,42.0,82,27.9,83,1000.6,11.4
2026-08-03T07:00,61.7,24.2,260.0,10.9,6.2,40.0,83,28.1,82,1001.1,12.9
2026-08-03T08:00,71.2,26.5,305.0,12.9,6.8,39.0,83,28.4,79,1001.6,12.8
2026-08-03T09:00,70.8,26.1,293.0,12.3,6.9,41.0,83,28.6,78,1001.8,12.7
2026-08-03T10:00,71.0,25.6,252.0,10.4,6.8,45.0,83,29.2,74,1002.1,13.5
2026-08-03T11:00,72.4,25.5,220.0,8.7,6.6,49.0,83,30.2,69,1002.7,14.3
2026-08-03T12:00,72.2,25.6,209.0,7.7,6.4,52.0,83,30.0,70,1002.5,15.3
2026-08-03T13:00,69.8,25.2,207.0,7.1,6.1,55.0,83,30.8,68,1002.2,15.4
2026-08-03T14:00,67.8,24.9,210.0,6.8,5.8,56.0,83,31.0,68,1001.6,15.6
2026-08-03T15:00,64.5,24.4,222.0,6.8,5.6,56.0,83,30.8,67,1001.0,15.7
2026-08-03T16:00,61.5,24.1,240.0,7.3,5.5,55.0,83,30.3,70,1000.5,17.0
2026-08-03T17:00,75.9,29.0,251.0,8.7,5.6,53.0,83,30.1,68,1000.6,16.7
2026-08-03T18:00,76.4,29.6,249.0,11.8,5.9,48.0,83,29.3,72,1000.6,14.9
2026-08-03T19:00,75.0,30.4,241.0,16.1,6.4,41.0,84,28.8,74,1000.5,13.9
2026-08-03T20:00,65.2,28.9,236.0,19.3,6.8,36.0,84,28.6,75,1001.2,14.4
2026-08-03T21:00,60.8,27.4,241.0,20.8,7.2,34.0,84,28.4,77,1001.6,14.5
2026-08-03T22:00,61.2,27.6,247.0,21.3,7.5,33.0,84,28.2,79,1002.2,14.1
2026-08-03T23:00,61.7,27.9,243.0,20.6,7.6,33.0,84,28.1,78,1002.3,12.1
2026-08-04T00:00,63.1,28.1,215.0,18.1,7.2,35.0,84,27.8,80,1002.4,11.7
2026-08-04T01:00,77.3,32.1,176.0,14.4,6.4,39.0,84,27.6,82,1002.1,11.8
2026-08-04T02:00,67.8,28.8,147.0,11.2,5.8,42.0,84,27.5,82,1001.8,11.5
2026-08-04T03:00,58.7,25.1,133.0,8.9,5.4,44.0,84,27.4,83,1001.6,11.0
2026-08-04T04:00,55.4,23.4,130.0,7.2,5.1,46.0,84,27.4,83,1001.7,10.0
2026-08-04T05:00,53.2,22.5,142.0,7.4,5.7,45.0,84,28.0,81,1001.9,9.9
2026-08-04T06:00,53.2,22.6,185.0,8.2,5.9,46.0,83,27.8,81,1002.1,10.0
2026-08-04T07:00,58.3,23.7,243.0,9.2,6.2,48.0,83,28.3,77,1002.4,10.8
2026-08-04T08:00,63.6,25.3,279.0,9.6,6.4,51.0,83,29.3,71,1003.0,13.3
2026-08-04T09:00,69.2,26.9,268.0,8.7,6.4,57.0,83,30.0,67,1003.2,14.4
2026-08-04T10:00,71.2,27.0,234.0,7.1,6.2,64.0,83,30.3,67,1003.5,14.1
2026-08-04T11:00,71.0,27.0,208.0,5.8,6.0,70.0,83,31.0,63,1003.4,15.4
2026-08-04T12:00,67.5,26.2,203.0,4.9,5.8,75.0,83,31.3,62,1003.2,15.2
2026-08-04T13:00,65.2,25.6,206.0,4.1,5.5,78.0,83,31.4,62,1002.7,14.9
2026-08-04T14:00,64.7,25.5,214.0,4.1,5.3,79.0,83,31.3,63,1002.2,14.1
2026-08-04T15:00,64.7,25.7,230.0,5.0,5.3,75.0,83,31.2,63,1001.5,13.8
2026-08-04T16:00,65.2,25.7,252.0,6.7,5.5,69.0,83,30.6,66,1000.8,13.7
2026-08-04T17:00,70.5,27.8,265.0,7.9,5.6,66.0,83,30.5,67,1001.0,13.0
2026-08-04T18:00,70.5,27.6,263.0,9.7,5.9,60.0,83,29.5,72,1000.9,13.7
2026-08-04T19:00,69.6,27.9,254.0,12.2,6.2,52.0,83,29.1,76,1001.3,13.8
2026-08-04T20:00,68.9,28.3,242.0,14.2,6.5,45.0,83,28.7,77,1002.0,14.6
2026-08-04T21:00,66.6,27.8,231.0,15.5,6.7,42.0,83,28.4,78,1002.8,12.4
2026-08-04T22:00,57.5,25.1,219.0,16.2,6.8,40.0,83,28.2,79,1003.0,12.4
2026-08-04T23:00,53.6,24.0,204.0,16.1,6.7,40.0,83,28.4,80,1002.6,11.7
2026-08-05T00:00,52.6,23.7,183.0,14.6,6.4,41.0,83,28.1,83,1002.1,12.1
2026-08-05T01:00,51.5,23.2,158.0,12.2,5.8,43.0,82,27.9,85,1001.8,14.0
2026-08-05T02:00,49.8,22.6,140.0,10.0,5.4,45.0,81,27.7,86,1001.6,13.8
2026-08-05T03:00,47.6,21.6,127.0,8.2,5.1,47.0,81,27.6,87,1001.3,13.7
2026-08-05T04:00,38.6,17.7,121.0,6.5,4.9,49.0,81,27.5,87,1000.8,13.3
2026-08-05T05:00,34.9,15.8,132.0,6.0,4.9,51.0,80,28.0,83,1000.6,11.7
2026-08-05T06:00,36.0,16.1,180.0,7.2,5.2,50.0,80,27.8,85,1000.8,12.1
2026-08-05T07:00,41.8,17.8,245.0,8.8,5.6,50.0,79,28.0,83,1001.1,12.7
2026-08-05T08:00,49.2,20.4,285.0,9.5,5.9,52.0,79,29.0,77,1001.2,14.0
2026-08-05T09:00,56.3,22.8,272.0,8.4,5.9,60.0,78,30.1,70,1001.4,13.8
2026-08-05T10:00,62.6,24.9,233.0,6.4,5.7,71.0,78,31.2,64,1001.3,14.9
2026-08-05T11:00,64.0,25.6,204.0,4.8,5.5,79.0,78,31.1,64,1001.0,16.3
2026-08-05T12:00,65.0,26.0,197.0,3.9,5.3,83.0,78,31.3,63,1000.8,16.7
2026-08-05T13:00,64.0,26.0,200.0,3.5,5.0,84.0,78,31.5,61,1000.1,16.7
2026-08-05T14:00,63.1,25.8,207.0,3.5,4.8,83.0,78,31.7,62,999.7,17.7
2026-08-05T15:00,62.6,25.8,221.0,4.2,4.8,78.0,78,31.4,63,998.9,17.9
2026-08-05T16:00,64.3,26.5,240.0,5.4,4.8,70.0,78,31.0,66,998.3,18.5
2026-08-05T17:00,90.1,36.1,249.0,6.6,4.8,63.0,78,30.3,70,998.4,18.2
2026-08-05T18:00,89.9,36.3,241.0,9.0,5.0,57.0,79,29.5,74,998.5,18.5
2026-08-05T19:00,87.1,36.4,223.0,12.3,5.3,50.0,79,28.7,78,998.9,17.4
2026-08-05T20:00,80.8,35.5,208.0,14.4,5.5,44.0,80,28.3,80,999.2,16.0
2026-08-05T21:00,75.7,34.0,203.0,14.5,5.7,43.0,80,28.4,80,1000.1,14.0
2026-08-05T22:00,70.3,32.2,200.0,13.5,5.8,43.0,81,28.4,80,1000.5,13.0
2026-08-05T23:00,61.5,27.2,192.0,12.2,5.8,44.0,82,28.5,81,1000.1,14.7
2026-08-06T00:00,58.8,25.8,172.0,10.9,5.6,44.0,82,28.1,83,999.8,13.8
2026-08-06T01:00,59.3,25.5,147.0,9.4,5.2,45.0,82,27.8,85,999.3,12.6
2026-08-06T02:00,59.3,25.3,129.0,8.0,4.9,46.0,82,27.8,86,998.8,11.9
2026-08-06T03:00,58.1,24.6,120.0,6.8,4.7,47.0,82,27.6,87,998.5,13.0
2026-08-06T04:00,53.4,22.8,119.0,5.7,4.6,49.0,83,27.5,88,998.3,13.9
2026-08-06T05:00,52.2,22.5,131.0,5.6,4.8,50.0,83,27.5,87,998.5,13.8
2026-08-06T06:00,50.8,22.4,171.0,7.1,5.0,49.0,83,27.4,88,998.9,13.5
2026-08-06T07:00,53.1,23.4,225.0,9.0,5.3,49.0,84,27.8,85,999.2,15.9
2026-08-06T08:00,59.8,25.6,258.0,9.9,5.5,50.0,84,28.7,79,999.6,16.5
2026-08-06T09:00,64.5,27.5,249.0,8.7,5.5,56.0,85,29.6,73,999.9,17.1
2026-08-06T10:00,71.0,29.8,219.0,6.4,5.3,64.0,85,30.0,71,1000.0,17.1
2026-08-06T11:00,62.6,27.0,196.0,4.6,5.2,70.0,86,30.4,70,999.8,17.7
2026-08-06T12:00,62.2,26.5,189.0,3.7,5.1,74.0,86,30.9,68,999.5,17.9
2026-08-06T13:00,67.5,27.6,188.0,3.4,4.9,76.0,86,30.9,69,999.0,18.1
2026-08-06T14:00,61.5,26.3,194.0,3.5,4.8,76.0,86,30.6,70,998.9,18.7
2026-08-06T15:00,63.8,27.5,210.0,4.3,4.8,72.0,86,30.5,71,998.4,18.9
2026-08-06T16:00,53.2,25.0,232.0,5.7,4.8,65.0,86,30.4,71,997.7,19.5
2026-08-06T17:00,46.2,22.4,247.0,6.7,4.8,61.0,86,30.1,72,997.9,17.9
2026-08-06T18:00,42.8,21.8,249.0,8.5,5.0,57.0,85,29.4,73,997.9,17.1
2026-08-06T19:00,43.0,22.2,243.0,10.9,5.3,51.0,84,28.8,77,998.4,16.7
2026-08-06T20:00,43.7,22.7,236.0,12.6,5.5,47.0,83,28.5,78,998.9,15.7
2026-08-06T21:00,42.4,21.3,230.0,13.0,5.7,46.0,82,28.2,79,999.8,16.2
2026-08-06T22:00,38.6,19.6,223.0,12.7,5.8,46.0,81,27.8,85,1000.7,15.0
2026-08-06T23:00,38.4,19.1,211.0,11.9,5.7,47.0,80,27.9,84,1000.4,13.8
2026-08-07T00:00,36.8,18.1,190.0,10.5,5.4,48.0,79,27.6,85,1000.3,13.0
2026-08-07T01:00,43.1,20.3,165.0,8.5,4.9,48.0,78,27.5,86,999.9,11.8
2026-08-07T02:00,38.0,18.3,145.0,7.0,4.5,49.0,78,27.3,87,999.7,10.1
2026-08-07T03:00,32.5,16.1,131.0,6.0,4.4,49.0,77,27.4,85,999.1,12.6
2026-08-07T04:00,29.7,14.7,122.0,5.4,4.4,49.0,77,27.3,85,998.9,13.2
2026-08-07T05:00,41.8,18.7,131.0,5.7,4.7,52.0,76,27.5,84,999.2,12.1
2026-08-07T06:00,35.4,16.8,175.0,7.5,5.2,51.0,76,27.4,85,999.5,11.2
2026-08-07T07:00,36.1,17.6,236.0,10.0,5.8,49.0,75,27.9,83,1000.0,11.3
2026-08-07T08:00,42.1,19.6,273.0,11.1,6.2,50.0,75,28.8,77,1000.4,14.2
2026-08-07T09:00,50.9,21.8,263.0,9.7,6.1,56.0,74,29.5,72,1000.8,14.8
2026-08-07T10:00,54.7,22.6,229.0,7.0,5.7,64.0,74,30.5,67,1001.1,15.0
2026-08-07T11:00,54.6,22.8,203.0,4.9,5.3,71.0,73,30.7,65,1001.3,16.1
2026-08-07T12:00,57.3,23.3,195.0,3.9,5.1,75.0,73,30.9,65,1000.9,15.3
2026-08-07T13:00,55.9,23.4,194.0,3.4,5.0,77.0,73,31.7,61,1000.3,15.4
2026-08-07T14:00,63.1,24.6,199.0,3.6,4.9,76.0,72,31.1,65,1000.1,16.8
2026-08-07T15:00,64.7,25.0,214.0,4.6,4.9,70.0,72,30.2,70,999.7,16.4
2026-08-07T16:00,59.6,23.9,234.0,6.1,5.0,61.0,72,30.3,68,999.0,16.2
2026-08-07T17:00,69.4,26.5,248.0,7.5,4.9,55.0,72,30.0,69,999.0,15.3
2026-08-07T18:00,66.6,26.7,248.0,9.7,5.3,49.0,72,29.2,72,999.4,12.9
2026-08-07T19:00,64.7,27.1,242.0,12.8,5.8,42.0,73,28.7,74,999.7,13.4
2026-08-07T20:00,64.5,28.6,234.0,14.8,6.2,36.0,73,28.4,77,1000.0,14.5
2026-08-07T21:00,53.7,24.0,228.0,14.9,6.4,35.0,74,28.1,79,1000.8,12.1
2026-08-07T22:00,53.0,23.2,221.0,14.0,6.5,35.0,74,27.8,81,1000.9,12.9
2026-08-07T23:00,48.5,21.8,208.0,12.9,6.4,36.0,74,28.1,81,1001.3,12.0
2026-08-08T00:00,45.9,20.7,183.0,11.7,6.2,37.0,74,28.0,81,1001.0,11.1
2026-08-08T01:00,55.2,23.7,153.0,10.2,5.8,37.0,75,27.9,81,1000.7,11.5
2026-08-08T02:00,45.4,20.4,131.0,9.0,5.5,38.0,75,27.7,83,1000.4,12.4
2026-08-08T03:00,40.3,18.2,118.0,8.0,5.4,38.0,75,27.5,84,1000.2,12.0
2026-08-08T04:00,38.3,17.1,114.0,7.3,5.3,38.0,75,27.3,85,1000.0,10.8
2026-08-08T05:00,36.2,16.5,128.0,6.5,5.3,42.0,75,27.3,86,1000.6,10.8
2026-08-08T06:00,37.0,16.6,179.0,7.9,5.7,41.0,75,27.0,87,1000.5,9.6
2026-08-08T07:00,44.0,18.6,249.0,9.7,6.3,41.0,75,27.5,84,1001.0,10.5
2026-08-08T08:00,51.1,20.9,291.0,10.5,6.7,43.0,75,28.3,79,1001.3,12.2
2026-08-08T09:00,60.8,23.5,278.0,9.3,6.6,51.0,75,29.2,73,1001.7,13.1
2026-08-08T10:00,68.7,25.4,237.0,7.0,6.3,61.0,75,30.2,67,1002.0,13.8
2026-08-08T11:00,78.0,27.4,206.0,5.2,6.0,70.0,76,30.3,67,1002.5,14.6
2026-08-08T12:00,78.2,27.2,197.0,4.3,5.8,76.0,76,29.9,70,1002.3,15.4
2026-08-08T13:00,78.7,27.5,197.0,3.9,5.5,79.0,76,30.8,66,1001.9,15.0
2026-08-08T14:00,78.7,27.4,204.0,4.0,5.4,80.0,77,30.9,65,1001.3,14.4
2026-08-08T15:00,75.0,26.5,223.0,4.7,5.5,76.0,77,30.5,66,1000.6,13.2
2026-08-08T16:00,70.8,25.6,250.0,5.8,5.7,69.0,77,30.6,64,1000.1,11.6
2026-08-08T17:00,97.6,32.7,266.0,6.7,6.0,74.0,77,30.6,65,1000.1,11.7
2026-08-08T18:00,85.4,30.2,263.0,8.8,6.1,64.0,78,29.7,68,1000.3,11.7
2026-08-08T19:00,69.2,27.0,251.0,11.6,6.3,51.0,78,29.0,72,1000.8,12.1
2026-08-08T20:00,61.7,25.6,237.0,13.6,6.4,41.0,78,28.4,77,1001.6,11.9
2026-08-08T21:00,56.9,24.0,226.0,14.1,6.4,37.0,78,28.2,79,1002.2,11.5
2026-08-08T22:00,55.2,23.3,214.0,13.9,6.4,37.0,78,28.0,80,1003.0,11.5
2026-08-08T23:00,48.5,21.1,198.0,13.4,6.3,37.0,78,27.9,80,1003.3,10.5
2026-08-09T00:00,44.2,19.9,173.0,12.8,6.2,37.0,78,27.6,82,1003.4,9.9
2026-08-09T01:00,41.6,18.8,145.0,11.9,6.0,37.0,78,27.4,83,1003.2,9.7
2026-08-09T02:00,38.2,17.6,125.0,11.0,5.9,37.0,77,27.2,84,1002.6,8.7
2026-08-09T03:00,36.8,16.8,118.0,10.2,5.9,37.0,77,27.0,85,1002.6,7.6
2026-08-09T04:00,36.0,16.3,120.0,9.4,5.9,37.0,77,26.7,87,1002.3,8.5
2026-08-09T05:00,33.9,16.1,130.0,9.7,6.4,38.0,77,27.1,84,1002.3,8.5
2026-08-09T06:00,33.2,16.2,157.0,9.5,6.7,40.0,77,27.0,85,1002.9,7.9
2026-08-09T07:00,41.2,18.2,193.0,9.1,7.1,43.0,77,27.5,83,1003.3,8.9
2026-08-09T08:00,51.3,19.7,215.0,8.4,7.3,48.0,77,28.5,77,1003.6,10.7
2026-08-09T09:00,63.3,22.7,211.0,6.9,7.3,58.0,77,29.6,71,1003.7,10.4
2026-08-09T10:00,76.4,25.6,194.0,5.0,7.2,71.0,77,30.8,65,1003.7,10.2
2026-08-09T11:00,85.0,28.0,179.0,3.6,7.0,82.0,77,31.1,64,1003.8,10.4
2026-08-09T12:00,83.6,28.9,170.0,2.9,6.8,90.0,77,30.7,67,1003.4,12.5
2026-08-09T13:00,81.0,29.0,164.0,2.6,6.7,97.0,77,30.7,68,1003.1,14.5
2026-08-09T14:00,74.5,27.5,162.0,2.6,6.4,98.0,77,31.0,67,1002.7,15.0
2026-08-09T15:00,63.6,24.2,168.0,3.0,6.0,90.0,77,30.6,68,1002.1,15.9
2026-08-09T16:00,57.2,21.8,180.0,3.7,5.5,77.0,77,30.2,69,1001.8,15.8
2026-08-09T17:00,99.2,32.4,188.0,4.6,5.5,72.0,76,30.1,68,1001.9,15.8
2026-08-09T18:00,85.7,28.7,191.0,6.3,5.6,64.0,76,29.1,73,1001.9,14.0
2026-08-09T19:00,71.2,25.3,191.0,8.6,5.7,53.0,76,28.6,75,1002.4,12.5
2026-08-09T20:00,58.6,23.1,187.0,10.1,5.8,45.0,76,28.3,77,1002.9,11.1
2026-08-09T21:00,51.3,21.1,177.0,10.3,5.8,42.0,76,28.2,78,1003.2,12.9
2026-08-09T22:00,46.1,19.5,162.0,9.7,5.6,43.0,76,28.0,79,1004.0,12.5
2026-08-09T23:00,36.8,16.0,149.0,9.0,5.5,43.0,75,28.2,78,1003.8,14.3
2026-08-10T00:00,30.5,13.8,138.0,8.3,5.3,43.0,75,27.8,80,1003.4,15.1
2026-08-10T01:00,27.1,12.6,127.0,7.5,5.1,44.0,74,27.5,83,1003.1,12.7
2026-08-10T02:00,25.2,11.9,120.0,6.8,4.9,44.0,74,27.3,84,1002.7,9.7
2026-08-10T03:00,24.7,11.6,111.0,6.3,4.8,44.0,74,27.1,86,1002.4,9.4
2026-08-10T04:00,24.6,11.6,105.0,5.9,4.9,44.0,73,27.0,86,1002.1,11.2
2026-08-10T05:00,28.3,11.7,118.0,5.7,4.8,47.0,73,27.3,84,1002.4,12.9
2026-08-10T06:00,28.3,12.4,170.0,7.0,5.2,46.0,72,27.2,85,1002.5,11.5
2026-08-10T07:00,32.4,14.3,241.0,8.8,5.7,46.0,72,27.6,83,1002.9,13.0
2026-08-10T08:00,42.1,17.2,282.0,9.5,6.0,48.0,72,28.5,78,1003.2,13.6
2026-08-10T09:00,57.6,20.5,264.0,8.1,5.8,56.0,72,29.6,71,1003.4,16.0
2026-08-10T10:00,70.5,23.5,217.0,5.8,5.4,67.0,71,30.7,64,1003.4,16.9
2026-08-10T11:00,71.7,25.0,181.0,3.9,5.0,75.0,71,30.6,66,1003.4,18.9
2026-08-10T12:00,73.8,26.0,174.0,3.2,4.8,79.0,71,31.1,64,1002.7,18.9
2026-08-10T13:00,67.5,25.8,178.0,3.0,4.7,81.0,71,30.8,65,1002.1,18.6
2026-08-10T14:00,61.2,24.7,186.0,3.2,4.6,80.0,71,30.6,67,1001.6,18.8
2026-08-10T15:00,55.9,23.7,198.0,3.9,4.6,75.0,70,30.0,70,1001.1,19.5
2026-08-10T16:00,59.8,25.4,214.0,5.1,4.6,67.0,70,29.6,73,1000.4,19.5
2026-08-10T17:00,65.4,25.6,223.0,6.1,4.5,60.0,71,29.5,70,1000.4,20.2
2026-08-10T18:00,55.3,23.3,218.0,7.6,4.6,55.0,70,28.5,74,1000.4,20.1
2026-08-10T19:00,49.9,22.3,206.0,9.6,4.7,47.0,70,27.8,77,1000.8,18.2
2026-08-10T20:00,47.6,22.2,195.0,11.2,4.9,42.0,69,27.7,77,1001.3,17.1
2026-08-10T21:00,43.5,20.9,189.0,11.9,5.2,40.0,69,27.7,77,1001.9,14.5
2026-08-10T22:00,39.1,18.7,183.0,12.2,5.5,40.0,69,27.5,81,1002.7,13.6
2026-08-10T23:00,40.3,19.5,174.0,11.8,5.6,40.0,69,27.8,81,1002.0,14.6
2026-08-11T00:00,39.7,19.7,157.0,10.6,5.4,41.0,70,27.4,83,1001.4,14.0
2026-08-11T01:00,37.8,19.0,137.0,8.8,5.0,42.0,70,27.2,85,1000.9,13.4
2026-08-11T02:00,35.7,17.9,122.0,7.2,4.6,43.0,70,27.1,86,1000.1,12.9
2026-08-11T03:00,35.6,17.4,112.0,6.0,4.4,44.0,71,27.1,86,1000.1,12.5
2026-08-11T04:00,36.3,17.5,108.0,5.1,4.2,45.0,71,27.1,86,999.9,12.7
2026-08-11T05:00,38.6,18.8,120.0,4.9,4.2,46.0,72,27.4,83,1000.4,15.0
2026-08-11T06:00,51.7,24.2,165.0,6.7,4.6,45.0,72,27.4,83,1000.7,14.5
2026-08-11T07:00,45.5,21.9,227.0,9.2,5.2,43.0,73,27.7,83,1001.2,14.1
2026-08-11T08:00,47.5,23.1,265.0,10.5,5.5,44.0,74,28.7,76,1001.4,16.5
2026-08-11T09:00,54.9,25.8,255.0,9.5,5.4,49.0,74,29.2,72,1001.7,18.1
2026-08-11T10:00,61.9,27.8,220.0,7.2,5.1,56.0,75,29.5,71,1001.8,18.4
2026-08-11T11:00,65.9,28.7,195.0,5.4,4.9,62.0,75,30.1,69,1002.1,18.9
2026-08-11T12:00,68.2,29.1,191.0,4.5,4.8,66.0,75,30.2,69,1001.4,19.2
2026-08-11T13:00,68.2,29.0,196.0,3.9,4.7,69.0,76,30.1,69,1000.8,18.3
2026-08-11T14:00,70.5,29.6,205.0,3.9,4.6,70.0,76,30.2,71,1000.4,17.1
2026-08-11T15:00,63.3,27.9,220.0,4.6,4.6,67.0,76,29.8,72,999.5,16.9
2026-08-11T16:00,59.4,26.7,238.0,5.8,4.7,61.0,77,29.9,72,998.6,16.9
2026-08-11T17:00,62.4,26.0,250.0,7.1,4.9,56.0,77,29.5,73,999.0,16.1
2026-08-11T18:00,53.3,24.2,249.0,9.1,5.2,51.0,77,28.6,77,998.8,15.6
2026-08-11T19:00,47.8,22.9,240.0,12.0,5.6,45.0,77,28.0,80,999.5,14.5
2026-08-11T20:00,42.6,21.6,234.0,14.3,6.0,40.0,77,27.6,83,1000.4,12.7
2026-08-11T21:00,38.1,19.4,236.0,15.8,6.4,38.0,77,27.3,85,1001.1,11.6
2026-08-11T22:00,38.1,19.4,240.0,16.9,6.8,37.0,77,27.1,87,1001.3,11.2
2026-08-11T23:00,36.8,19.0,233.0,16.7,6.9,37.0,77,27.4,84,1001.2,11.9
2026-08-12T00:00,37.7,19.0,205.0,14.5,6.5,39.0,77,27.0,86,1001.1,10.1
2026-08-12T01:00,39.3,18.7,167.0,11.1,5.9,43.0,77,26.8,87,1001.1,9.2
2026-08-12T02:00,37.8,17.6,140.0,8.5,5.4,46.0,77,26.7,88,1000.8,9.7
2026-08-12T03:00,36.4,16.8,126.0,7.2,5.2,47.0,77,26.4,89,1000.6,10.5
2026-08-12T04:00,36.9,17.2,123.0,6.7,5.2,46.0,77,26.5,88,1000.9,10.3
2026-08-12T05:00,37.5,17.5,141.0,6.8,5.3,47.0,77,27.0,88,1001.2,10.0
2026-08-12T06:00,36.4,17.6,201.0,8.7,5.6,45.0,77,26.9,88,1001.5,10.9
2026-08-12T07:00,39.6,18.3,281.0,11.3,6.1,44.0,76,27.1,87,1002.0,11.5
2026-08-12T08:00,42.5,19.8,329.0,12.5,6.4,45.0,76,27.9,81,1002.4,13.1
2026-08-12T09:00,46.9,21.7,313.0,11.1,6.5,52.0,75,28.9,75,1002.7,13.1
2026-08-12T10:00,48.4,22.2,266.0,8.3,6.6,61.0,75,29.6,72,1002.7,13.9
2026-08-12T11:00,52.0,23.7,228.0,6.0,6.5,70.0,75,30.0,69,1002.6,14.7
2026-08-12T12:00,52.5,24.0,216.0,4.7,6.3,78.0,74,29.8,70,1002.0,15.2
2026-08-12T13:00,53.0,24.3,213.0,4.0,5.9,86.0,74,30.6,67,1001.8,14.9
2026-08-12T14:00,53.1,24.4,218.0,4.0,5.7,89.0,74,30.5,67,1001.4,13.9
2026-08-12T15:00,52.5,24.5,233.0,5.1,5.7,84.0,73,30.6,67,1001.1,13.1
2026-08-12T16:00,52.9,24.9,256.0,6.9,5.9,74.0,73,30.1,70,1000.9,13.1
2026-08-12T17:00,63.3,27.5,271.0,8.5,5.9,69.0,73,29.7,70,1000.8,13.9
2026-08-12T18:00,57.4,26.3,273.0,10.4,6.1,61.0,73,28.9,74,1001.2,13.7
2026-08-12T19:00,53.2,25.1,268.0,13.1,6.3,51.0,73,28.4,78,1001.7,12.0
2026-08-12T20:00,50.6,24.6,257.0,14.9,6.5,43.0,73,28.2,79,1002.5,10.7
2026-08-12T21:00,49.9,24.9,240.0,15.3,6.6,40.0,73,28.1,80,1003.2,10.7
2026-08-12T22:00,43.4,21.7,218.0,14.8,6.7,40.0,74,28.0,81,1003.9,10.4
2026-08-12T23:00,40.3,20.3,197.0,14.0,6.7,40.0,74,28.0,81,1004.1,12.8
2026-08-13T00:00,38.3,19.4,176.0,12.8,6.4,40.0,74,27.5,84,1003.8,11.7
2026-08-13T01:00,41.8,20.8,155.0,11.2,6.0,41.0,74,27.3,85,1003.4,11.7
2026-08-13T02:00,38.5,19.3,140.0,9.8,5.7,42.0,74,27.0,86,1003.1,10.7
2026-08-13T03:00,36.9,18.3,129.0,8.6,5.5,42.0,74,26.9,87,1003.1,9.7
2026-08-13T04:00,34.5,17.2,124.0,7.6,5.4,42.0,75,26.8,88,1002.9,11.0
2026-08-13T05:00,36.8,17.7,136.0,6.8,5.3,47.0,75,27.1,86,1002.9,10.7
2026-08-13T06:00,37.6,17.8,183.0,7.7,5.4,47.0,75,27.0,86,1003.2,10.7
2026-08-13T07:00,44.5,19.6,246.0,8.9,5.6,48.0,75,27.0,86,1003.3,11.9
2026-08-13T08:00,51.9,22.4,284.0,9.3,5.8,51.0,75,28.2,79,1003.4,14.2
2026-08-13T09:00,56.3,23.9,271.0,8.2,6.0,58.0,75,29.4,73,1003.5,15.3
2026-08-13T10:00,58.8,24.3,232.0,6.4,6.2,68.0,75,30.1,68,1003.7,15.1
2026-08-13T11:00,64.3,25.3,202.0,4.9,6.2,76.0,75,30.2,67,1004.3,15.5
2026-08-13T12:00,62.6,25.4,194.0,4.0,5.9,83.0,75,30.2,67,1003.8,15.7
2026-08-13T13:00,61.0,25.6,195.0,3.4,5.5,89.0,75,30.5,66,1003.3,16.0
2026-08-13T14:00,57.6,25.1,201.0,3.4,5.2,90.0,76,30.9,64,1002.6,16.1
2026-08-13T15:00,53.3,23.9,216.0,4.2,5.1,83.0,76,30.5,64,1002.2,16.0
2026-08-13T16:00,50.2,22.8,236.0,5.6,5.0,71.0,76,30.2,66,1001.4,16.1
2026-08-13T17:00,50.8,21.6,248.0,6.5,4.6,61.0,75,29.6,69,1001.8,16.8
2026-08-13T18:00,48.0,21.0,247.0,8.8,5.0,55.0,75,28.7,74,1002.0,14.8
2026-08-13T19:00,48.0,21.5,238.0,11.9,5.5,47.0,75,28.0,77,1002.2,14.6
2026-08-13T20:00,48.0,22.3,225.0,13.9,5.8,41.0,74,27.9,77,1002.8,14.5
2026-08-13T21:00,47.5,22.6,206.0,13.8,5.8,40.0,74,27.8,77,1003.2,15.6
2026-08-13T22:00,43.1,20.4,183.0,12.6,5.7,41.0,74,27.4,81,1003.8,15.0
2026-08-13T23:00,41.7,20.1,163.0,11.3,5.5,42.0,74,27.3,82,1003.6,15.5
2026-08-14T00:00,44.5,21.4,150.0,10.0,5.2,43.0,74,27.1,82,1003.5,13.2
2026-08-14T01:00,60.3,27.4,141.0,8.6,4.8,44.0,74,26.7,85,1003.1,12.1
2026-08-14T02:00,43.9,21.2,134.0,7.4,4.6,45.0,74,26.6,86,1002.4,11.7
2026-08-14T03:00,41.1,19.8,125.0,6.5,4.5,45.0,75,26.7,85,1002.0,12.7
2026-08-14T04:00,39.3,18.9,118.0,5.9,4.6,45.0,75,26.6,85,1001.9,13.0
2026-08-14T05:00,41.7,19.4,127.0,5.3,4.3,48.0,75,26.8,82,1001.5,12.8
2026-08-14T06:00,41.0,19.8,170.0,6.6,4.6,47.0,75,26.8,82,1001.7,13.5
2026-08-14T07:00,46.3,21.7,228.0,8.4,5.0,47.0,75,27.1,81,1002.1,14.4
2026-08-14T08:00,54.0,24.5,263.0,9.2,5.3,49.0,75,28.1,75,1002.5,15.6
2026-08-14T09:00,60.8,26.8,251.0,8.0,5.2,57.0,75,29.0,69,1002.9,16.4
2026-08-14T10:00,61.0,26.8,215.0,5.7,5.0,67.0,76,29.6,66,1002.9,17.3
2026-08-14T11:00,59.3,26.4,188.0,4.1,4.7,73.0,76,30.2,63,1003.0,19.1
2026-08-14T12:00,57.0,25.4,183.0,3.8,4.5,72.0,76,29.6,67,1003.0,18.2
2026-08-14T13:00,52.6,23.3,186.0,4.1,4.2,67.0,76,29.7,69,1002.6,19.3
2026-08-14T14:00,49.7,21.9,194.0,4.8,4.1,62.0,76,29.2,73,1002.6,19.2
2026-08-14T15:00,44.6,20.5,208.0,6.0,4.2,58.0,76,29.6,71,1002.2,19.3
2026-08-14T16:00,42.5,20.1,227.0,7.6,4.4,54.0,75,29.1,72,1001.3,19.6
2026-08-14T17:00,47.4,22.1,239.0,8.7,4.5,52.0,75,29.3,69,1001.4,18.0
2026-08-14T18:00,46.4,22.5,238.0,9.8,4.7,50.0,75,28.6,73,1001.6,16.4
2026-08-14T19:00,45.1,22.4,230.0,11.4,5.0,47.0,75,28.1,75,1001.8,16.3
2026-08-14T20:00,46.3,23.5,223.0,12.5,5.2,44.0,75,27.7,77,1002.1,15.1
2026-08-14T21:00,42.4,21.1,224.0,12.8,5.4,43.0,75,27.5,78,1002.7,14.0
2026-08-14T22:00,36.9,18.8,227.0,12.7,5.5,42.0,75,27.3,80,1003.3,13.4
2026-08-14T23:00,39.8,19.8,220.0,12.0,5.5,42.0,75,27.4,80,1002.8,14.9
2026-08-15T00:00,38.4,19.6,192.0,10.5,5.2,43.0,75,27.1,82,1002.6,12.5
2026-08-15T01:00,35.4,18.0,153.0,8.6,4.6,44.0,75,26.9,83,1002.2,11.4
2026-08-15T02:00,38.5,19.0,125.0,7.0,4.3,45.0,74,27.0,82,1002.0,11.7
2026-08-15T03:00,39.8,19.4,111.0,6.1,4.3,45.0,74,27.0,83,1001.8,12.7
2026-08-15T04:00,37.4,18.3,107.0,5.6,4.5,45.0,74,26.9,85,1001.8,13.2
2026-08-15T05:00,33.9,16.2,123.0,5.9,4.6,47.0,74,27.3,82,1001.8,13.4
2026-08-15T06:00,33.2,16.2,178.0,7.4,4.9,46.0,74,27.2,83,1002.1,12.4
2026-08-15T07:00,36.9,17.8,254.0,9.5,5.2,45.0,73,27.4,82,1002.5,12.0
2026-08-15T08:00,43.4,20.3,299.0,10.5,5.5,46.0,73,27.9,78,1002.8,13.8
2026-08-15T09:00,48.8,22.0,284.0,9.6,5.5,51.0,73,28.5,75,1003.3,14.9
2026-08-15T10:00,51.8,23.3,239.0,7.7,5.4,57.0,72,29.3,71,1003.4,15.6
2026-08-15T11:00,52.9,23.5,205.0,6.1,5.3,63.0,72,30.0,67,1003.6,16.1
2026-08-15T12:00,55.1,24.4,197.0,5.3,5.2,67.0,72,29.5,71,1003.4,16.7
2026-08-15T13:00,54.9,24.4,200.0,4.9,5.1,69.0,72,30.2,68,1003.0,16.1
2026-08-15T14:00,54.9,24.7,207.0,5.0,5.1,69.0,72,30.1,70,1002.5,16.6
2026-08-15T15:00,51.2,23.2,221.0,6.0,5.1,66.0,72,29.7,73,1001.8,16.9
2026-08-15T16:00,48.4,22.2,240.0,7.5,5.2,60.0,72,29.5,73,1001.6,16.4
2026-08-15T17:00,50.9,23.1,252.0,8.4,5.3,58.0,73,29.1,75,1001.8,15.9
2026-08-15T18:00,49.6,23.0,251.0,10.4,5.6,53.0,73,28.4,77,1001.9,13.9
2026-08-15T19:00,47.5,22.7,242.0,13.2,6.0,47.0,73,27.7,81,1002.1,12.5
2026-08-15T20:00,42.8,21.0,232.0,15.4,6.3,42.0,73,27.5,82,1002.6,11.7
2026-08-15T21:00,38.4,19.1,223.0,16.6,6.5,39.0,72,27.4,83,1003.2,12.7
2026-08-15T22:00,36.7,18.9,212.0,17.3,6.7,37.0,72,27.2,85,1003.3,12.5
2026-08-15T23:00,34.2,18.5,196.0,16.9,6.6,37.0,72,27.4,85,1003.2,12.6
2026-08-16T00:00,32.8,17.8,170.0,14.8,6.1,38.0,72,27.1,86,1003.2,11.5
2026-08-16T01:00,31.5,17.1,140.0,11.7,5.4,41.0,72,27.1,86,1002.7,10.9
2026-08-16T02:00,30.7,16.4,119.0,9.2,4.8,43.0,72,27.0,86,1001.9,10.9
2026-08-16T03:00,30.7,16.1,111.0,7.8,4.6,44.0,72,26.6,89,1001.7,10.9
2026-08-16T04:00,31.4,16.1,112.0,7.1,4.6,44.0,72,26.6,89,1001.5,11.8
2026-08-16T05:00,32.6,16.9,122.0,6.4,4.5,45.0,71,27.0,88,1001.4,12.8
2026-08-16T06:00,34.0,16.9,149.0,7.1,4.9,46.0,71,27.1,87,1001.7,12.2
2026-08-16T07:00,37.5,18.0,185.0,8.0,5.4,47.0,71,27.3,85,1001.9,11.7
2026-08-16T08:00,41.8,18.5,206.0,8.2,5.7,49.0,72,27.9,82,1002.1,11.9
2026-08-16T09:00,51.0,21.5,198.0,7.1,5.7,54.0,71,29.2,74,1002.3,13.5
2026-08-16T10:00,56.2,22.5,176.0,5.4,5.4,60.0,71,29.9,70,1001.9,16.8
2026-08-16T11:00,63.1,23.8,159.0,4.1,5.2,65.0,71,29.4,73,1002.2,18.0
2026-08-16T12:00,63.1,24.2,154.0,3.5,5.0,67.0,71,29.3,74,1001.8,17.7
2026-08-16T13:00,61.9,24.0,155.0,3.2,4.8,68.0,71,29.7,72,1001.2,17.7
2026-08-16T14:00,57.9,23.2,159.0,3.3,4.6,67.0,71,29.9,70,1000.7,16.8
2026-08-16T15:00,53.9,22.4,168.0,3.7,4.5,64.0,71,29.7,71,1000.5,16.5
2026-08-16T16:00,51.5,21.9,180.0,4.5,4.4,61.0,71,29.2,74,1000.3,16.9
2026-08-16T17:00,53.9,22.5,187.0,5.5,4.5,55.0,71,29.0,75,1000.6,17.5
2026-08-16T18:00,52.0,22.6,186.0,6.2,4.6,53.0,71,28.4,76,1001.0,17.1
2026-08-16T19:00,49.5,22.4,180.0,7.1,4.8,51.0,71,27.8,79,1001.4,16.7
2026-08-16T20:00,44.0,20.1,174.0,7.8,5.0,49.0,71,27.7,81,1001.9,16.4
2026-08-16T21:00,38.3,18.2,172.0,8.2,5.1,48.0,71,27.5,81,1002.7,16.2
2026-08-16T22:00,35.9,17.4,171.0,8.3,5.2,49.0,71,27.2,84,1003.2,14.6
2026-08-16T23:00,34.6,16.9,165.0,8.1,5.1,49.0,71,27.3,83,1002.8,14.4
2026-08-17T00:00,34.3,16.6,150.0,7.3,4.7,50.0,71,27.0,83,1002.6,13.7
2026-08-17T01:00,33.3,15.9,130.0,6.0,4.3,50.0,70,26.9,84,1002.3,14.3
2026-08-17T02:00,32.1,15.4,115.0,5.1,3.9,51.0,70,26.7,85,1001.8,15.0
2026-08-17T03:00,31.8,15.0,105.0,4.5,3.8,51.0,70,26.7,84,1001.3,15.4
2026-08-17T04:00,31.5,14.8,100.0,4.2,3.8,51.0,70,26.7,84,1001.0,15.0
2026-08-17T05:00,42.4,18.6,113.0,4.8,4.1,50.0,70,26.8,87,1001.2,12.7
2026-08-17T06:00,36.7,16.9,163.0,6.5,4.7,49.0,70,26.8,86,1001.5,12.2
2026-08-17T07:00,39.0,17.7,232.0,8.7,5.4,48.0,70,26.9,84,1002.0,12.2
2026-08-17T08:00,45.1,19.1,273.0,9.9,5.9,49.0,70,27.9,79,1002.4,15.2
2026-08-17T09:00,53.8,22.1,260.0,8.9,5.9,54.0,70,28.7,74,1002.6,16.5
2026-08-17T10:00,57.2,23.1,220.0,6.9,5.7,60.0,70,29.6,69,1002.9,16.3
2026-08-17T11:00,58.6,23.5,189.0,5.2,5.4,65.0,70,30.3,65,1003.0,16.9
2026-08-17T12:00,56.1,23.1,182.0,4.3,5.1,67.0,70,29.5,70,1002.7,17.6
2026-08-17T13:00,53.1,22.1,184.0,3.7,4.7,68.0,70,29.5,71,1002.2,18.6
2026-08-17T14:00,50.1,21.3,191.0,3.7,4.5,67.0,70,29.6,71,1002.1,18.9
2026-08-17T15:00,47.7,20.8,204.0,4.4,4.4,63.0,70,29.7,70,1001.6,18.7
2026-08-17T16:00,44.0,19.8,220.0,5.7,4.4,57.0,70,29.1,72,1001.5,19.1
2026-08-17T17:00,54.0,23.0,230.0,6.7,4.4,53.0,70,28.9,74,1001.7,18.7
2026-08-17T18:00,50.4,22.4,227.0,8.2,4.6,50.0,70,28.3,78,1002.0,17.9
2026-08-17T19:00,48.4,22.2,216.0,10.3,5.0,45.0,70,27.7,80,1002.1,17.6
2026-08-17T20:00,47.1,22.4,208.0,11.6,5.2,42.0,70,27.3,83,1002.7,16.9
2026-08-17T21:00,45.4,22.0,207.0,11.7,5.3,41.0,70,27.2,83,1003.2,15.9
2026-08-17T22:00,42.5,20.2,208.0,11.1,5.4,41.0,70,27.2,83,1004.0,13.7
2026-08-17T23:00,41.6,19.1,202.0,10.2,5.3,42.0,70,27.3,84,1003.8,13.9
2026-08-18T00:00,36.9,17.3,181.0,8.9,5.0,43.0,71,27.2,84,1003.5,13.2
2026-08-18T01:00,36.4,16.9,153.0,7.3,4.6,44.0,71,27.0,84,1003.3,13.5
2026-08-18T02:00,51.2,22.1,132.0,6.1,4.3,45.0,71,26.9,86,1003.0,13.7
2026-08-18T03:00,39.5,18.3,120.0,5.5,4.3,45.0,71,26.7,87,1002.7,13.7
2026-08-18T04:00,36.8,17.4,114.0,5.3,4.4,46.0,71,26.8,88,1002.5,14.0
2026-08-18T05:00,34.8,16.5,125.0,5.5,4.6,47.0,72,27.2,82,1002.3,14.2
2026-08-18T06:00,32.9,16.0,168.0,7.0,4.9,47.0,71,27.0,84,1002.6,13.4
2026-08-18T07:00,32.4,16.2,228.0,9.0,5.4,46.0,71,27.3,83,1003.0,13.1
2026-08-18T08:00,35.9,17.2,265.0,9.9,5.6,48.0,71,28.4,76,1003.5,17.7
2026-08-18T09:00,37.3,17.9,256.0,8.6,5.5,54.0,71,29.2,71,1003.8,17.5
2026-08-18T10:00,35.3,17.0,224.0,6.1,5.2,62.0,71,29.8,69,1004.2,17.3
2026-08-18T11:00,32.6,16.3,199.0,4.2,4.9,67.0,70,30.3,62,1004.4,19.1
2026-08-18T12:00,33.1,16.6,190.0,3.4,4.7,68.0,70,30.5,63,1004.3,19.2
2026-08-18T13:00,32.9,16.9,188.0,3.2,4.5,67.0,69,30.5,64,1003.9,19.6
2026-08-18T14:00,32.7,17.0,192.0,3.5,4.4,64.0,69,30.1,67,1003.4,20.3
2026-08-18T15:00,32.6,16.9,206.0,4.2,4.3,60.0,69,29.7,70,1003.0,21.0
2026-08-18T16:00,32.8,17.0,227.0,5.4,4.3,54.0,68,29.0,74,1002.3,20.2
2026-08-18T17:00,38.5,17.6,239.0,6.7,4.1,49.0,68,29.2,70,1002.6,19.3
2026-08-18T18:00,36.8,18.3,236.0,8.8,4.4,45.0,68,28.5,72,1002.8,19.0
2026-08-18T19:00,38.0,19.6,224.0,11.7,4.8,40.0,67,28.0,76,1003.0,19.3
2026-08-18T20:00,38.3,20.8,214.0,13.4,5.1,36.0,67,27.7,79,1003.5,18.4
2026-08-18T21:00,37.3,19.8,211.0,13.0,5.2,35.0,67,27.7,80,1003.9,18.5
2026-08-18T22:00,36.3,18.7,208.0,11.6,5.1,36.0,67,27.5,82,1004.2,16.7
2026-08-18T23:00,31.7,16.5,199.0,10.0,4.9,37.0,67,27.4,81,1004.5,16.9
2026-08-19T00:00,28.9,14.9,174.0,8.5,4.6,38.0,66,27.1,81,1004.2,15.7
2026-08-19T01:00,27.9,14.0,142.0,7.0,4.2,38.0,66,27.0,82,1004.1,15.3
2026-08-19T02:00,26.1,13.2,119.0,5.8,3.9,39.0,66,26.8,83,1003.5,15.3
2026-08-19T03:00,25.1,12.6,108.0,5.1,3.9,39.0,65,26.8,84,1003.3,15.4
2026-08-19T04:00,23.5,12.0,106.0,4.8,4.0,39.0,65,26.7,85,1003.1,15.7
2026-08-19T05:00,25.5,12.9,119.0,4.7,4.2,42.0,64,27.1,83,1003.1,16.8
2026-08-19T06:00,23.3,12.3,163.0,6.1,4.5,41.0,64,26.9,83,1003.1,15.9
2026-08-19T07:00,22.8,12.7,222.0,8.1,4.8,40.0,64,27.2,81,1003.6,15.2
2026-08-19T08:00,28.3,15.1,258.0,9.0,5.0,41.0,64,28.1,75,1004.0,18.7
2026-08-19T09:00,32.9,16.8,246.0,8.0,5.0,46.0,63,29.0,70,1004.4,18.2
2026-08-19T10:00,32.0,16.2,210.0,5.9,4.8,53.0,63,30.1,63,1004.6,18.5
2026-08-19T11:00,32.6,16.1,183.0,4.3,4.6,59.0,63,30.1,65,1004.5,20.0
2026-08-19T12:00,33.9,16.4,178.0,3.5,4.5,62.0,63,30.6,63,1004.3,19.7
2026-08-19T13:00,34.1,16.6,183.0,3.2,4.4,64.0,63,30.2,66,1004.1,19.8
2026-08-19T14:00,34.6,16.9,191.0,3.4,4.3,64.0,63,29.8,68,1003.6,19.7
2026-08-19T15:00,33.5,16.9,206.0,4.2,4.2,60.0,63,30.1,67,1002.9,20.7
2026-08-19T16:00,33.2,17.2,225.0,5.6,4.1,53.0,63,29.2,72,1002.4,20.4
2026-08-19T17:00,32.7,17.0,236.0,7.8,4.2,46.0,63,29.2,67,1003.0,19.8
2026-08-19T18:00,31.8,17.2,234.0,9.8,4.5,42.0,63,28.2,72,1003.3,18.6
2026-08-19T19:00,32.9,18.9,224.0,12.6,4.9,37.0,63,27.9,75,1003.7,17.4
2026-08-19T20:00,25.6,15.4,214.0,14.2,5.1,34.0,63,27.7,78,1004.3,16.0
2026-08-19T21:00,22.2,13.4,206.0,13.6,5.1,34.0,63,27.5,81,1004.8,18.0
2026-08-19T22:00,20.0,12.2,197.0,11.9,5.0,35.0,62,27.3,82,1005.1,17.7
2026-08-19T23:00,19.8,11.9,184.0,10.2,4.8,36.0,62,27.4,79,1005.2,16.5
2026-08-20T00:00,19.6,11.7,162.0,8.7,4.5,37.0,61,27.3,80,1004.9,16.8
2026-08-20T01:00,20.3,11.6,135.0,7.1,4.1,38.0,61,27.1,82,1004.4,17.3
2026-08-20T02:00,21.5,11.6,117.0,6.0,3.9,38.0,61,26.9,83,1003.9,16.3
2026-08-20T03:00,22.5,11.7,107.0,5.4,3.9,38.0,61,26.8,84,1003.4,15.2
2026-08-20T04:00,22.9,11.7,106.0,5.2,4.1,37.0,61,26.7,85,1003.2,15.0
2026-08-20T05:00,26.0,12.5,121.0,5.3,4.3,39.0,61,26.9,83,1003.4,13.8
2026-08-20T06:00,27.6,13.0,170.0,6.5,4.6,38.0,61,27.0,80,1003.7,13.4
2026-08-20T07:00,31.7,14.4,236.0,8.1,5.0,38.0,61,27.2,78,1004.0,12.9
2026-08-20T08:00,37.6,15.7,276.0,8.9,5.2,39.0,61,28.0,75,1004.2,17.1
2026-08-20T09:00,46.0,18.5,264.0,8.1,5.2,44.0,61,28.6,73,1004.4,17.8
2026-08-20T10:00,47.1,18.8,225.0,6.4,5.0,50.0,61,29.3,70,1004.7,17.1
2026-08-20T11:00,46.2,18.5,195.0,5.1,4.9,55.0,61,29.5,69,1005.0,17.2
2026-08-20T12:00,44.4,18.0,186.0,4.5,4.8,57.0,61,29.6,69,1004.9,17.3
2026-08-20T13:00,42.8,17.4,187.0,4.2,4.7,57.0,61,29.6,70,1004.5,16.4
2026-08-20T14:00,40.2,17.0,194.0,4.4,4.6,56.0,61,30.2,67,1003.8,16.7
2026-08-20T15:00,39.5,17.0,213.0,5.1,4.6,53.0,61,29.9,68,1003.0,16.4
2026-08-20T16:00,40.3,17.5,239.0,6.3,4.6,50.0,62,29.3,71,1002.7,17.3
2026-08-20T17:00,38.4,16.4,255.0,8.1,4.6,43.0,62,29.0,72,1002.8,17.5
2026-08-20T18:00,37.4,16.8,251.0,9.8,4.9,41.0,61,28.3,75,1003.1,17.2
2026-08-20T19:00,39.6,18.7,237.0,12.0,5.2,38.0,61,27.7,79,1003.4,16.6
2026-08-20T20:00,35.9,17.2,225.0,13.7,5.5,35.0,61,27.6,79,1004.0,15.9
2026-08-20T21:00,30.0,15.2,221.0,14.3,5.6,33.0,62,27.3,81,1004.5,15.9
2026-08-20T22:00,25.9,13.6,218.0,14.3,5.7,32.0,62,27.2,83,1004.8,16.0
2026-08-20T23:00,24.8,13.4,208.0,13.6,5.6,32.0,62,27.3,82,1004.3,13.8
2026-08-21T00:00,24.7,13.1,183.0,11.9,5.3,33.0,62,27.0,83,1004.3,12.4
2026-08-21T01:00,24.7,12.7,150.0,9.5,4.8,35.0,62,26.8,84,1003.7,12.6
2026-08-21T02:00,24.1,12.1,126.0,7.6,4.5,37.0,62,26.8,85,1003.2,12.8
2026-08-21T03:00,25.0,11.9,112.0,6.4,4.3,38.0,62,26.7,85,1002.9,12.6
2026-08-21T04:00,25.6,11.8,106.0,5.7,4.3,39.0,62,26.6,86,1002.8,13.6
2026-08-21T05:00,25.8,11.8,120.0,5.6,4.4,40.0,62,26.8,85,1003.1,14.0
2026-08-21T06:00,27.0,12.3,173.0,7.0,4.8,39.0,62,26.8,86,1003.6,13.5
2026-08-21T07:00,31.3,14.2,244.0,8.8,5.3,38.0,62,27.1,84,1004.1,12.8
2026-08-21T08:00,37.0,15.2,288.0,9.7,5.6,39.0,62,27.8,79,1004.5,14.4
2026-08-21T09:00,53.0,19.7,275.0,8.7,5.6,45.0,62,28.7,74,1004.9,15.7
2026-08-21T10:00,55.3,20.3,234.0,6.6,5.4,53.0,62,28.9,74,1004.9,16.4
2026-08-21T11:00,54.2,20.5,201.0,5.0,5.2,59.0,62,29.6,70,1005.0,17.8
2026-08-21T12:00,49.4,19.4,191.0,4.2,5.0,63.0,62,29.3,71,1004.5,17.2
2026-08-21T13:00,50.6,19.5,189.0,3.8,4.8,65.0,63,29.4,71,1003.9,16.6
2026-08-21T14:00,50.3,19.3,194.0,3.9,4.6,65.0,63,29.9,70,1003.3,17.5
2026-08-21T15:00,50.2,19.0,209.0,4.6,4.5,62.0,63,29.8,70,1002.6,17.9
2026-08-21T16:00,51.1,18.9,230.0,5.8,4.6,56.0,63,29.5,70,1001.9,18.0
2026-08-21T17:00,67.5,22.3,244.0,8.3,4.4,46.0,63,28.5,73,1002.3,17.4
2026-08-21T18:00,60.5,22.1,243.0,10.0,4.7,44.0,64,28.1,75,1002.4,15.5
2026-08-21T19:00,54.0,21.6,235.0,12.4,5.1,40.0,64,27.5,78,1002.7,15.3
2026-08-21T20:00,49.1,20.1,225.0,14.0,5.4,38.0,64,27.2,82,1002.9,15.4
2026-08-21T21:00,44.2,19.0,215.0,14.2,5.5,37.0,64,26.9,84,1003.4,15.1
2026-08-21T22:00,39.3,17.3,203.0,13.7,5.5,37.0,65,26.8,85,1003.8,15.2
2026-08-21T23:00,36.4,16.4,188.0,12.6,5.4,38.0,65,27.1,81,1003.6,14.2
2026-08-22T00:00,34.1,15.2,166.0,10.7,5.0,40.0,65,26.9,82,1003.3,13.7
2026-08-22T01:00,32.0,14.3,141.0,8.2,4.4,42.0,65,26.8,83,1003.0,13.4
2026-08-22T02:00,30.6,13.7,123.0,6.3,4.0,44.0,66,26.7,84,1002.7,13.9
2026-08-22T03:00,30.2,13.5,113.0,5.3,3.9,44.0,66,26.6,84,1002.6,14.4
2026-08-22T04:00,29.6,13.2,109.0,4.9,4.1,44.0,66,26.4,86,1002.5,15.0
2026-08-22T05:00,42.4,16.0,124.0,5.3,4.2,44.0,66,26.5,88,1002.3,14.6
2026-08-22T06:00,37.1,14.8,175.0,6.6,4.4,43.0,66,26.4,87,1002.8,13.8
2026-08-22T07:00,37.0,15.3,244.0,8.3,4.6,41.0,66,26.8,85,1003.5,12.4
2026-08-22T08:00,46.7,18.0,284.0,9.1,4.8,42.0,67,27.4,81,1003.9,16.8
2026-08-22T09:00,53.4,20.4,267.0,8.1,4.8,46.0,67,27.9,78,1004.3,18.6
2026-08-22T10:00,59.4,21.8,222.0,6.2,4.6,52.0,67,28.8,74,1004.3,19.5
2026-08-22T11:00,58.7,21.5,188.0,4.7,4.5,57.0,67,28.9,72,1004.0,20.6
2026-08-22T12:00,57.7,21.7,182.0,4.0,4.4,61.0,67,29.4,70,1003.4,19.5
2026-08-22T13:00,58.2,21.9,187.0,3.7,4.2,64.0,67,30.1,65,1002.7,18.4
2026-08-22T14:00,56.8,21.8,197.0,3.9,4.1,64.0,67,30.1,66,1002.3,18.5
2026-08-22T15:00,53.3,21.2,214.0,4.8,4.1,61.0,68,29.2,71,1001.5,18.1
2026-08-22T16:00,52.0,21.1,235.0,6.2,4.2,55.0,68,29.0,72,1001.0,18.1
2026-08-22T17:00,63.8,24.4,251.0,7.3,4.1,49.0,68,28.5,74,1001.1,18.4
2026-08-22T18:00,60.5,24.6,256.0,9.1,4.3,46.0,68,28.0,76,1000.9,18.1
2026-08-22T19:00,60.5,26.0,254.0,11.5,4.7,43.0,68,27.3,81,1001.0,17.0
2026-08-22T20:00,45.8,20.1,250.0,13.1,4.9,40.0,69,27.0,83,1001.6,15.7
2026-08-22T21:00,42.5,18.9,245.0,13.2,5.0,40.0,69,26.9,84,1002.2,13.8
2026-08-22T22:00,42.1,18.7,237.0,12.4,5.1,40.0,69,26.8,85,1002.8,14.5
2026-08-22T23:00,43.8,19.1,222.0,11.3,5.0,41.0,69,26.9,85,1002.6,14.6
2026-08-23T00:00,42.0,18.4,195.0,9.9,4.8,42.0,69,26.7,86,1002.4,13.7
2026-08-23T01:00,42.1,18.1,161.0,8.2,4.4,43.0,69,26.5,87,1002.0,13.3
2026-08-23T02:00,42.7,17.9,136.0,6.8,4.2,44.0,70,26.4,88,1001.6,13.0
2026-08-23T03:00,43.3,17.8,124.0,5.9,4.1,44.0,70,26.5,87,1001.1,13.0
2026-08-23T04:00,42.8,17.5,120.0,5.3,4.0,44.0,70,26.4,88,1000.8,12.7
2026-08-23T05:00,43.8,17.7,128.0,5.2,4.1,45.0,71,26.5,88,1001.1,14.0
2026-08-23T06:00,43.1,17.8,156.0,6.1,4.4,44.0,71,26.5,88,1001.2,14.5
2026-08-23T07:00,46.8,19.1,196.0,7.3,4.9,44.0,71,26.6,87,1002.0,14.6
2026-08-23T08:00,54.4,20.4,220.0,7.9,5.2,45.0,71,27.2,83,1002.6,15.3
2026-08-23T09:00,66.4,24.6,213.0,7.1,5.3,49.0,71,28.1,78,1003.0,14.7
2026-08-23T10:00,69.6,25.5,190.0,5.7,5.2,54.0,72,28.5,76,1003.4,14.5
2026-08-23T11:00,75.0,26.1,173.0,4.6,5.2,59.0,72,28.6,74,1003.9,15.3
2026-08-23T12:00,75.9,26.1,170.0,4.1,5.2,62.0,72,29.2,72,1003.6,15.1
2026-08-23T13:00,86.6,28.2,173.0,3.8,5.2,64.0,73,29.2,72,1003.0,14.3
2026-08-23T14:00,84.8,27.6,179.0,3.9,5.2,65.0,73,28.9,74,1002.6,14.7
2026-08-23T15:00,84.1,27.3,187.0,4.4,5.3,64.0,74,28.7,75,1002.0,13.6
2026-08-23T16:00,75.4,26.0,199.0,5.3,5.5,61.0,74,28.6,75,1001.8,13.5
2026-08-23T17:00,107.6,33.5,210.0,5.6,5.8,63.0,75,28.3,77,1001.6,12.3
2026-08-23T18:00,93.8,31.4,222.0,7.6,6.0,57.0,75,27.9,78,1002.0,12.0
2026-08-23T19:00,80.6,29.5,235.0,10.4,6.3,49.0,76,27.4,81,1002.3,12.1
2026-08-23T20:00,64.5,25.9,243.0,12.7,6.6,42.0,76,26.8,85,1003.0,11.3
2026-08-23T21:00,57.0,23.6,246.0,14.2,6.9,39.0,77,26.7,86,1003.8,10.2
2026-08-23T22:00,54.2,23.0,244.0,15.3,7.2,37.0,77,26.7,86,1004.6,8.8
2026-08-23T23:00,52.9,22.7,235.0,15.5,7.2,36.0,77,27.3,83,1004.4,7.9
2026-08-24T00:00,52.2,22.1,213.0,14.5,6.8,36.0,77,26.9,86,1004.2,7.7
2026-08-24T01:00,50.6,21.2,185.0,12.6,6.2,38.0,78,26.6,88,1003.8,8.2
2026-08-24T02:00,49.1,20.3,163.0,11.0,5.8,39.0,78,26.3,89,1003.4,8.8
2026-08-24T03:00,48.5,19.7,147.0,9.8,5.6,39.0,78,26.2,90,1003.3,8.6
2026-08-24T04:00,47.4,19.2,138.0,8.9,5.5,39.0,78,26.1,90,1003.4,7.6
2026-08-24T05:00,69.4,23.5,152.0,8.8,6.2,41.0,78,26.2,90,1003.9,7.7
2026-08-24T06:00,62.9,23.1,215.0,9.9,6.8,41.0,79,26.1,91,1003.9,6.8
2026-08-24T07:00,68.5,24.9,301.0,11.4,7.5,42.0,79,26.3,91,1004.3,6.4
2026-08-24T08:00,87.5,26.4,353.0,11.9,8.2,46.0,80,27.6,83,1004.6,8.1
2026-08-24T09:00,122.0,32.9,337.0,10.5,8.7,57.0,80,28.9,75,1004.6,8.3
2026-08-24T10:00,150.9,38.8,288.0,8.2,9.0,72.0,81,29.9,70,1004.6,8.8
2026-08-24T11:00,167.2,43.4,248.0,6.2,9.1,86.0,82,29.9,72,1005.0,10.4
2026-08-24T12:00,162.1,45.1,234.0,5.0,8.7,98.0,83,30.2,72,1004.4,10.8
2026-08-24T13:00,149.0,44.1,229.0,4.3,8.1,110.0,85,30.5,71,1003.9,11.2
2026-08-24T14:00,122.9,39.1,233.0,4.2,7.5,113.0,86,30.1,73,1003.9,12.6
2026-08-24T15:00,109.2,35.3,251.0,5.0,7.1,104.0,87,30.0,74,1003.1,12.6
2026-08-24T16:00,97.8,31.9,277.0,6.6,6.9,87.0,88,29.5,75,1002.8,12.0
2026-08-24T17:00,132.2,40.7,292.0,8.4,6.9,76.0,88,29.3,72,1002.7,12.0
2026-08-24T18:00,121.1,37.5,284.0,11.0,7.0,65.0,89,28.3,78,1002.8,11.1
2026-08-24T19:00,104.1,33.5,265.0,14.6,7.2,50.0,89,27.6,82,1003.5,10.2
2026-08-24T20:00,94.1,30.9,247.0,17.0,7.3,39.0,89,27.4,84,1004.2,13.0
2026-08-24T21:00,87.5,29.0,236.0,17.2,7.3,36.0,90,27.0,87,1004.5,12.5
2026-08-24T22:00,76.6,27.4,226.0,16.3,7.2,37.0,90,26.9,87,1005.0,12.6
2026-08-24T23:00,69.8,26.1,212.0,15.2,7.0,38.0,91,26.9,87,1005.7,10.7
2026-08-25T00:00,66.6,25.4,189.0,14.1,6.7,38.0,91,26.8,87,1005.7,10.3
2026-08-25T01:00,63.1,24.6,163.0,12.8,6.4,38.0,91,26.6,87,1005.2,10.2
2026-08-25T02:00,61.5,23.8,144.0,11.6,6.2,38.0,91,26.4,89,1004.8,10.0
2026-08-25T03:00,59.5,23.0,132.0,10.5,6.1,38.0,92,26.3,89,1004.1,9.9
2026-08-25T04:00,57.6,22.4,128.0,9.6,6.1,38.0,92,26.2,89,1003.8,8.7
2026-08-25T05:00,62.6,23.4,148.0,8.9,6.6,39.0,92,26.1,90,1003.9,7.9
2026-08-25T06:00,61.0,23.5,219.0,10.3,7.2,39.0,92,26.1,90,1004.4,7.3
2026-08-25T07:00,65.9,25.9,314.0,12.0,7.9,39.0,92,26.4,88,1004.6,7.1
2026-08-25T08:00,83.4,27.9,370.0,12.7,8.5,43.0,92,27.5,81,1005.1,8.7
2026-08-25T09:00,100.4,32.1,350.0,11.2,8.8,55.0,92,28.7,74,1005.2,9.0
2026-08-25T10:00,109.7,34.7,292.0,8.7,9.0,72.0,92,29.7,68,1005.0,9.8
2026-08-25T11:00,113.6,37.0,245.0,6.5,8.8,85.0,92,30.0,68,1005.5,12.5
2026-08-25T12:00,109.9,37.5,227.0,5.2,8.2,92.0,92,29.7,70,1005.4,13.4
2026-08-25T13:00,103.6,36.2,220.0,4.3,7.2,96.0,91,29.7,70,1004.8,13.8
2026-08-25T14:00,100.4,34.6,221.0,4.1,6.5,95.0,90,30.2,67,1004.2,14.4
2026-08-25T15:00,95.0,32.6,232.0,4.8,6.1,86.0,90,29.8,68,1003.8,14.8
2026-08-25T16:00,100.8,33.4,251.0,6.2,5.9,72.0,90,29.2,71,1003.5,15.0
2026-08-25T17:00,138.3,42.7,263.0,7.6,5.9,62.0,90,29.1,69,1003.8,13.4
2026-08-25T18:00,130.4,40.4,261.0,9.2,6.0,56.0,90,28.3,73,1003.9,12.7
2026-08-25T19:00,114.3,37.0,252.0,11.4,6.0,49.0,90,27.8,74,1004.4,12.9
2026-08-25T20:00,107.6,34.0,241.0,13.5,6.2,42.0,91,27.4,76,1005.1,12.9
2026-08-25T21:00,89.4,30.6,228.0,15.7,6.6,38.0,91,27.3,77,1005.7,12.1
2026-08-25T22:00,84.1,29.6,212.0,17.9,7.0,35.0,91,27.2,78,1006.1,12.2
2026-08-25T23:00,80.3,29.1,196.0,18.5,7.2,34.0,91,27.3,78,1005.9,10.9
2026-08-26T00:00,76.6,28.3,177.0,16.5,6.8,35.0,91,27.1,80,1006.0,10.3
2026-08-26T01:00,84.1,30.3,157.0,13.1,6.2,38.0,92,27.0,80,1005.6,10.6
2026-08-26T02:00,92.9,33.1,143.0,10.2,5.7,41.0,92,26.8,81,1005.2,11.4
2026-08-26T03:00,72.6,27.2,133.0,8.6,5.5,42.0,93,26.8,82,1005.2,11.4
2026-08-26T04:00,67.5,25.7,129.0,7.5,5.5,43.0,93,26.7,82,1004.8,11.0
2026-08-26T05:00,72.4,26.2,142.0,6.5,5.3,46.0,93,26.5,84,1005.0,10.4
2026-08-26T06:00,69.8,25.8,190.0,8.0,5.7,45.0,94,26.4,84,1005.2,11.0
2026-08-26T07:00,77.8,27.7,255.0,10.0,6.3,45.0,94,26.7,82,1005.5,11.4
2026-08-26T08:00,85.0,29.3,293.0,10.8,6.7,47.0,94,27.7,77,1005.8,12.9
2026-08-26T09:00,95.7,32.6,276.0,9.4,6.7,55.0,94,28.6,71,1005.9,13.9
2026-08-26T10:00,102.9,34.8,233.0,6.8,6.5,67.0,94,29.4,67,1005.8,14.8
2026-08-26T11:00,99.2,34.6,200.0,4.8,6.2,76.0,94,29.9,65,1006.1,14.9
2026-08-26T12:00,94.8,34.6,193.0,3.9,5.9,81.0,94,30.3,63,1005.4,15.9
2026-08-26T13:00,91.7,34.3,196.0,3.5,5.6,84.0,94,30.2,64,1005.0,16.1
2026-08-26T14:00,89.6,33.6,205.0,3.7,5.4,84.0,93,30.4,65,1004.2,16.4
2026-08-26T15:00,88.5,33.4,222.0,4.5,5.3,78.0,93,30.1,66,1003.4,16.6
2026-08-26T16:00,86.4,32.7,243.0,5.9,5.2,69.0,93,29.3,70,1002.9,16.5
2026-08-26T17:00,112.5,39.9,256.0,7.5,5.0,58.0,93,29.2,69,1003.2,16.5
2026-08-26T18:00,102.0,38.1,251.0,9.6,5.2,53.0,93,28.3,73,1003.5,15.3
2026-08-26T19:00,98.7,37.3,238.0,12.6,5.6,46.0,93,27.8,76,1003.8,14.9
2026-08-26T20:00,89.9,35.7,224.0,14.6,5.8,41.0,93,27.6,77,1004.3,14.9
2026-08-26T21:00,81.3,31.3,214.0,15.0,5.9,39.0,93,27.5,78,1005.0,15.4
2026-08-26T22:00,69.8,27.9,205.0,14.6,6.0,39.0,93,27.2,80,1005.5,15.5
2026-08-26T23:00,61.0,25.4,192.0,13.5,5.9,40.0,93,27.2,80,1005.4,14.9
2026-08-27T00:00,55.8,23.7,173.0,11.6,5.5,42.0,93,26.8,82,1004.8,14.1
2026-08-27T01:00,53.6,22.6,151.0,9.1,4.9,44.0,92,26.7,82,1004.9,13.6
2026-08-27T02:00,52.4,21.5,134.0,7.1,4.5,46.0,92,26.4,83,1004.4,14.0
2026-08-27T03:00,48.5,20.2,122.0,5.9,4.3,47.0,91,26.4,84,1004.0,14.2
2026-08-27T04:00,46.8,19.3,116.0,5.1,4.2,47.0,90,26.3,85,1003.8,15.4
2026-08-27T05:00,52.4,20.6,126.0,5.0,4.2,48.0,90,26.4,83,1004.0,15.9
2026-08-27T06:00,53.3,21.2,167.0,6.6,4.5,47.0,89,26.3,83,1004.4,15.9
2026-08-27T07:00,58.3,23.3,224.0,8.7,5.0,45.0,89,26.5,82,1004.7,16.1
2026-08-27T08:00,59.4,23.8,258.0,9.7,5.3,46.0,89,27.3,77,1004.8,18.6
2026-08-27T09:00,69.4,27.3,245.0,8.5,5.2,52.0,88,28.1,72,1005.1,19.0
2026-08-27T10:00,72.6,28.7,208.0,6.3,5.0,60.0,88,28.6,70,1005.2,19.5
2026-08-27T11:00,71.9,28.6,182.0,4.5,4.8,67.0,87,29.2,68,1005.2,20.4
2026-08-27T12:00,70.5,28.1,179.0,3.6,4.6,72.0,87,29.4,67,1004.5,19.9
2026-08-27T13:00,65.9,26.7,187.0,3.3,4.5,75.0,86,29.5,66,1004.0,18.9
2026-08-27T14:00,62.6,25.7,198.0,3.4,4.4,75.0,86,29.8,65,1003.3,18.7
2026-08-27T15:00,57.3,24.2,213.0,4.2,4.4,71.0,85,29.4,67,1002.6,18.5
2026-08-27T16:00,54.0,23.1,231.0,5.5,4.5,64.0,84,29.0,69,1002.2,18.3
2026-08-27T17:00,49.2,21.7,242.0,7.2,4.6,57.0,84,29.2,67,1002.3,19.0
2026-08-27T18:00,45.1,20.7,239.0,9.6,4.8,51.0,82,28.1,73,1002.5,18.9
2026-08-27T19:00,43.3,20.4,229.0,12.2,4.9,46.0,81,27.4,77,1003.0,18.3
2026-08-27T20:00,45.1,21.4,221.0,13.9,5.1,42.0,80,27.1,80,1003.3,16.4
2026-08-27T21:00,37.4,17.5,223.0,13.9,5.2,41.0,78,26.8,83,1003.7,14.7
2026-08-27T22:00,40.0,18.2,227.0,12.9,5.3,41.0,77,26.7,84,1004.4,15.5
2026-08-27T23:00,34.5,16.4,221.0,11.6,5.3,42.0,77,26.8,83,1004.3,15.6
